-- phpMyAdmin SQL Dump
-- version 5.2.1
-- https://www.phpmyadmin.net/
--
-- Servidor: localhost:3306
-- Tiempo de generación: 01-04-2026 a las 08:56:39
-- Versión del servidor: 10.6.19-MariaDB
-- Versión de PHP: 8.1.34

SET SQL_MODE = "NO_AUTO_VALUE_ON_ZERO";
START TRANSACTION;
SET time_zone = "+00:00";


/*!40101 SET @OLD_CHARACTER_SET_CLIENT=@@CHARACTER_SET_CLIENT */;
/*!40101 SET @OLD_CHARACTER_SET_RESULTS=@@CHARACTER_SET_RESULTS */;
/*!40101 SET @OLD_COLLATION_CONNECTION=@@COLLATION_CONNECTION */;
/*!40101 SET NAMES utf8mb4 */;

--
-- Base de datos: `qaseduc_calculo_horario`
--

-- --------------------------------------------------------

--
-- Estructura de tabla para la tabla `colacion`
--

CREATE TABLE `colacion` (
  `id_colacion` int(11) NOT NULL,
  `hora` time NOT NULL,
  `minutos` int(11) NOT NULL
) ENGINE=MyISAM DEFAULT CHARSET=latin1 COLLATE=latin1_swedish_ci;

--
-- Volcado de datos para la tabla `colacion`
--

INSERT INTO `colacion` (`id_colacion`, `hora`, `minutos`) VALUES
(1, '00:00:00', 0),
(2, '00:30:00', 30),
(3, '00:40:00', 40),
(4, '01:00:00', 60);

-- --------------------------------------------------------

--
-- Estructura de tabla para la tabla `colegio`
--

CREATE TABLE `colegio` (
  `id_colegio` int(11) NOT NULL,
  `nom_colegio` varchar(60) NOT NULL,
  `rza_colegio` varchar(50) NOT NULL,
  `nco_colegio` varchar(150) NOT NULL,
  `dir_colegio` varchar(50) NOT NULL,
  `rbd_colegio` varchar(10) NOT NULL,
  `id_dependencia` int(11) NOT NULL,
  `id_comuna` int(11) NOT NULL,
  `tel_colegio` varchar(10) NOT NULL,
  `web_colegio` varchar(60) NOT NULL,
  `bd` varchar(30) NOT NULL,
  `orden` int(11) NOT NULL,
  `email_entrevista` varchar(100) NOT NULL,
  `num_r_educacion` int(11) NOT NULL,
  `ano_r_educacion` int(11) NOT NULL,
  `ip` varchar(15) NOT NULL,
  `email_comunicaciones` varchar(100) NOT NULL,
  `sexo` int(11) NOT NULL DEFAULT 0,
  `multi_cole` varchar(2) NOT NULL DEFAULT 'no',
  `identificador` varchar(20) NOT NULL,
  `rut_colegio` varchar(12) NOT NULL,
  `correo_contrato` varchar(50) NOT NULL,
  `url_pagina` varchar(255) DEFAULT NULL
) ENGINE=MyISAM DEFAULT CHARSET=utf8mb3 COLLATE=utf8mb3_general_ci;

--
-- Volcado de datos para la tabla `colegio`
--

INSERT INTO `colegio` (`id_colegio`, `nom_colegio`, `rza_colegio`, `nco_colegio`, `dir_colegio`, `rbd_colegio`, `id_dependencia`, `id_comuna`, `tel_colegio`, `web_colegio`, `bd`, `orden`, `email_entrevista`, `num_r_educacion`, `ano_r_educacion`, `ip`, `email_comunicaciones`, `sexo`, `multi_cole`, `identificador`, `rut_colegio`, `correo_contrato`, `url_pagina`) VALUES
(1, 'Colegio Cordillera de las Condes', 'SEDUC Spa y Compañia CPA Cuatro', 'Colegio Cordillera', 'Los Pumas Nro 12015', '8902-8', 2, 290, '4295900', 'http://www.colegiocordillera.cl', 'seduc', 4, 'info@colegiocordillera.cl', 40, 1983, '200.111.15.3', 'comunicacion@colegiocordillera.cl', 1, 'no', 'CBHgdA8z7j74n3933pKQ', '79848720-5', 'cm.mail.com', 'cordillera.php'),
(8, 'Colegio Tabancura', 'SEDUC Spa y Compañia CPA Dos', 'Colegio Tabancura', 'Las Hualtatas Nro 10650', '8862-5', 2, 308, '8976300', 'http://www.tabancura.cl', 'seduc', 2, 'consejodireccion@tabancura.cl', 152, 1986, '152.231.78.42', 'consejodireccion@tabancura.cl', 1, 'no', '64N93dwf6k76P3N9y858', '83332100-5', 'administradorColegioTabancura@gmail.com', 'tabancura.php'),
(9, 'Colegio Los Andes de Vitacura', 'SEDUC Spa y Compañia CPA Uno', 'Colegio Los Andes', 'San Damian Nro 0100', '8871-4', 5, 308, '232232500', 'http://www.colegiolosandes.cl/', 'seduc', 1, 'entrevista@colegiolosandes.cl', 10118, 1979, '152.231.77.98', 'colegiolosandes@colegiolosandes.cl', 2, 'no', 'uoB53uIn51qb1ad4537u', '70054800-7', 'administacionColegiolosandes@gmail.com', 'losAndess.php'),
(10, 'Colegio Los Alerces', 'SEDUC Spa y Compañia CPA Cinco', 'Colegio Los Alerces', 'El Radal Nro 437', '24979-3', 4, 291, '228207900', 'http://www.colegiolosalerces.cl/', 'seduc', 5, 'colegioalerces@siae.cl', 3127, 1996, '186.67.49.138', 'colegiolosalerces@colegiolosalerces.cl', 2, 'no', 'RxLNwR61Vee02s2VzKyi', '87152200-6', 'lupejorquera@gmail.com', 'losAlerces.php'),
(11, 'Colegio Huelén', 'SEDUC Spa y Compañia CPA Tres', 'Colegio Huelen ', 'Av. Santa María Nro 6.480', '8953-2', 308, 308, '', 'http://www.colegiohuelen.cl/', 'seduc', 3, 'entrevista@huelen.cl', 5171, 1978, '152.231.77.114', 'comunicaciones@huelen.cl', 2, 'no', '2sc922imu2eFvyvsX53B', '87042000-5', 'administradorCOLEGIOHUELEN@gmail.com', 'hulen.php'),
(12, 'Colegio Cantagallo', 'SEDUC Spa y Compañia CPA Siete', 'Colegio Cantagallo', ' Av. Monseñor Escrivá de Balaguer Nro 13.322', '12345-6', 0, 290, '0', 'http://colegiocantagallo.cl/', 'seduc', 10, 'secretaria@colegiocantagallo.cl', 0, 0, '190.82.87.210', 'secretaria@colegiocantagallo.cl', 1, 'si', 'j6i8IdpDB7jsp52yE3Iw', '76328035-7', 'cm.jorquerag@gmail.com', NULL),
(13, 'Colegio Huinganal', 'SEDUC Spa y Compañia CPA Seis', 'Colegio Huinganal', 'Av. Monseñor Adolfo Rodríguez Nro 13210', '20311-4', 0, 308, '225921720', 'http://www.colegiohuinganal.cl/', 'seduc', 7, 'huinganal@siae.cl', 3523, 2014, '', 'comunicaciones@colegiohuinganal.cl', 1, 'no', 'KH0RWJv5N7P4HcL333WK', '76232345-1', 'cm.jorquerag@gmail.com', 'huinganal.php'),
(14, 'Colegio Prueba', 'Colegio Prueba Ltda', 'Colegio Prueba', 'direccion', '9999-9', 1, 290, '111111', '', 'prueba', 1, 'soporte@siae.cl', 1999, 2011, '', 'soporte@siae.cl', 0, 'no', '3K67M9z8801aF3YNt6c0', '', 'administradorColegioPrueba@gmail.com', 'colegioPrueba.php'),
(15, 'Seduc SpA', 'Seduc SpA', 'Seduc', 'Las Hualtatas 10030', '9876-5', 3, 290, '224380300', 'www.seduc.cl', 'seduc', 0, 'seduc.informa@seduc.cl', 0, 0, '186.67.42.46', 'seduc.informa@seduc.cl', 0, 'no', '024Jw16809k8gopl85fJ', '', 'cm.jorquerag@gmail.com', 'seduc.php'),
(17, 'Valle Alegre', 'Valle Alegre', 'Valle Alegre', ' ', '11111-1', 0, 290, '0', 'http://www.valegre.cl/', 'seduc', 11, 'secretaria@valegre.cl', 0, 0, '190.82.87.210', 'secretaria@valegre.cl', 1, 'no', 'tte45asashw22346hh', '', 'administra@gmail.com', NULL);

-- --------------------------------------------------------

--
-- Estructura de tabla para la tabla `contratos_empleado`
--

CREATE TABLE `contratos_empleado` (
  `id_contrato` int(11) NOT NULL,
  `id_empleado` int(11) NOT NULL,
  `fecha_inicio` date NOT NULL,
  `fecha_fin` date DEFAULT NULL,
  `horas_semanales_cron` int(11) NOT NULL,
  `horas_lectivas` int(11) NOT NULL DEFAULT 0,
  `horas_no_lectivas` int(11) NOT NULL DEFAULT 0,
  `min_colacion_diaria` int(11) NOT NULL DEFAULT 0,
  `observacion` varchar(255) DEFAULT NULL,
  `created_at` timestamp NOT NULL DEFAULT current_timestamp()
) ENGINE=InnoDB DEFAULT CHARSET=utf8mb4 COLLATE=utf8mb4_general_ci;

--
-- Volcado de datos para la tabla `contratos_empleado`
--

INSERT INTO `contratos_empleado` (`id_contrato`, `id_empleado`, `fecha_inicio`, `fecha_fin`, `horas_semanales_cron`, `horas_lectivas`, `horas_no_lectivas`, `min_colacion_diaria`, `observacion`, `created_at`) VALUES
(3001, 2001, '2026-03-31', NULL, 2400, 1800, 600, 60, 'Contrato jornada completa COR 001', '2026-03-31 21:00:00'),
(3002, 2002, '2026-03-31', NULL, 2400, 1800, 600, 60, 'Contrato jornada completa COR 002', '2026-03-31 21:00:00'),
(3003, 2003, '2026-03-31', NULL, 2400, 1560, 600, 60, 'Contrato jornada completa COR 003', '2026-03-31 21:00:00'),
(3004, 2004, '2026-03-31', NULL, 2400, 1800, 600, 60, 'Contrato jornada completa COR 004', '2026-03-31 21:00:00'),
(3005, 2005, '2026-03-31', NULL, 2400, 1800, 600, 60, 'Contrato jornada completa COR 005', '2026-03-31 21:00:00'),
(3006, 2006, '2026-03-31', NULL, 2400, 1800, 600, 60, 'Contrato jornada completa TAB 001', '2026-03-31 21:00:00'),
(3007, 2007, '2026-03-31', NULL, 2400, 1800, 600, 60, 'Contrato jornada completa TAB 002', '2026-03-31 21:00:00'),
(3008, 2008, '2026-03-31', NULL, 2400, 1800, 600, 60, 'Contrato jornada completa TAB 003', '2026-03-31 21:00:00'),
(3009, 2009, '2026-03-31', NULL, 2400, 1800, 600, 60, 'Contrato jornada completa TAB 004', '2026-03-31 21:00:00'),
(3010, 2010, '2026-03-31', NULL, 2400, 1800, 600, 60, 'Contrato jornada completa TAB 005', '2026-03-31 21:00:00'),
(3011, 2011, '2026-03-31', NULL, 2400, 1800, 600, 60, 'Contrato jornada completa AND 001', '2026-03-31 21:00:00'),
(3012, 2012, '2026-03-31', NULL, 2400, 1800, 600, 60, 'Contrato jornada completa AND 002', '2026-03-31 21:00:00'),
(3013, 2013, '2026-03-31', NULL, 2400, 1800, 600, 60, 'Contrato jornada completa AND 003', '2026-03-31 21:00:00'),
(3014, 2014, '2026-03-31', NULL, 2400, 1800, 600, 60, 'Contrato jornada completa AND 004', '2026-03-31 21:00:00'),
(3015, 2015, '2026-03-31', NULL, 2400, 1800, 600, 60, 'Contrato jornada completa AND 005', '2026-03-31 21:00:00'),
(3016, 2016, '2026-03-31', NULL, 2400, 1800, 600, 60, 'Contrato jornada completa ALE 001', '2026-03-31 21:00:00'),
(3017, 2017, '2026-03-31', NULL, 2400, 1800, 600, 60, 'Contrato jornada completa ALE 002', '2026-03-31 21:00:00'),
(3018, 2018, '2026-03-31', NULL, 2400, 1800, 600, 60, 'Contrato jornada completa ALE 003', '2026-03-31 21:00:00'),
(3019, 2019, '2026-03-31', NULL, 2400, 1800, 600, 60, 'Contrato jornada completa ALE 004', '2026-03-31 21:00:00'),
(3020, 2020, '2026-03-31', NULL, 2400, 1800, 600, 60, 'Contrato jornada completa ALE 005', '2026-03-31 21:00:00'),
(3021, 2021, '2026-03-31', NULL, 2400, 1800, 600, 60, 'Contrato jornada completa HUE 001', '2026-03-31 21:00:00'),
(3022, 2022, '2026-03-31', NULL, 2400, 1800, 600, 60, 'Contrato jornada completa HUE 002', '2026-03-31 21:00:00'),
(3023, 2023, '2026-03-31', NULL, 2400, 1800, 600, 60, 'Contrato jornada completa HUE 003', '2026-03-31 21:00:00'),
(3024, 2024, '2026-03-31', NULL, 2400, 1800, 600, 60, 'Contrato jornada completa HUE 004', '2026-03-31 21:00:00'),
(3025, 2025, '2026-03-31', NULL, 2400, 1800, 600, 60, 'Contrato jornada completa HUE 005', '2026-03-31 21:00:00'),
(3026, 2026, '2026-03-31', NULL, 2400, 1800, 600, 60, 'Contrato jornada completa CAN 001', '2026-03-31 21:00:00'),
(3027, 2027, '2026-03-31', NULL, 2400, 1800, 600, 60, 'Contrato jornada completa CAN 002', '2026-03-31 21:00:00'),
(3028, 2028, '2026-03-31', NULL, 2400, 1800, 600, 60, 'Contrato jornada completa CAN 003', '2026-03-31 21:00:00'),
(3029, 2029, '2026-03-31', NULL, 2400, 1800, 600, 60, 'Contrato jornada completa CAN 004', '2026-03-31 21:00:00'),
(3030, 2030, '2026-03-31', NULL, 2400, 1800, 600, 60, 'Contrato jornada completa CAN 005', '2026-03-31 21:00:00'),
(3031, 2031, '2026-03-31', NULL, 2400, 1800, 600, 60, 'Contrato jornada completa HUI 001', '2026-03-31 21:00:00'),
(3032, 2032, '2026-03-31', NULL, 2400, 1800, 600, 60, 'Contrato jornada completa HUI 002', '2026-03-31 21:00:00'),
(3033, 2033, '2026-03-31', NULL, 2400, 1800, 600, 60, 'Contrato jornada completa HUI 003', '2026-03-31 21:00:00'),
(3034, 2034, '2026-03-31', NULL, 2400, 1800, 600, 60, 'Contrato jornada completa HUI 004', '2026-03-31 21:00:00'),
(3035, 2035, '2026-03-31', NULL, 2400, 1800, 600, 60, 'Contrato jornada completa HUI 005', '2026-03-31 21:00:00'),
(3036, 2036, '2026-03-31', NULL, 2400, 1800, 600, 60, 'Contrato jornada completa VAL 001', '2026-03-31 21:00:00'),
(3037, 2037, '2026-03-31', NULL, 2400, 1800, 600, 60, 'Contrato jornada completa VAL 002', '2026-03-31 21:00:00'),
(3038, 2038, '2026-03-31', NULL, 2400, 1800, 600, 60, 'Contrato jornada completa VAL 003', '2026-03-31 21:00:00'),
(3039, 2039, '2026-03-31', NULL, 2400, 1800, 600, 60, 'Contrato jornada completa VAL 004', '2026-03-31 21:00:00'),
(3040, 2040, '2026-03-31', NULL, 2400, 1800, 600, 60, 'Contrato jornada completa VAL 005', '2026-03-31 21:00:00'),
(3041, 2041, '2026-03-31', NULL, 2400, 400, 400, 30, 'ingrese a Guadalupe Jorquera . \n- hay que cambiar diseño del modal de advertencia\n\n-El button de verObservacion  tiene como parametro todo el text (muy malo ) deberia ir por ajaz a resctar ese dato\n\n- Al modificar debería mantener os datos del que se ha m', '2026-03-31 20:54:31'),
(3042, 2042, '2026-03-31', NULL, 2700, 0, 0, 40, 'dddddddd', '2026-04-01 02:02:11');

-- --------------------------------------------------------

--
-- Estructura de tabla para la tabla `dias_semana`
--

CREATE TABLE `dias_semana` (
  `id_dia` int(11) NOT NULL,
  `clave` varchar(20) NOT NULL,
  `nombre` varchar(50) NOT NULL,
  `prefijo` varchar(10) NOT NULL,
  `orden` int(11) NOT NULL,
  `activo` tinyint(4) DEFAULT 1
) ENGINE=MyISAM DEFAULT CHARSET=latin1 COLLATE=latin1_swedish_ci;

--
-- Volcado de datos para la tabla `dias_semana`
--

INSERT INTO `dias_semana` (`id_dia`, `clave`, `nombre`, `prefijo`, `orden`, `activo`) VALUES
(1, 'lunes', 'Lunes', 'lun', 1, 1),
(2, 'martes', 'Martes', 'mar', 2, 1),
(3, 'miercoles', 'Miércoles', 'mie', 3, 1),
(4, 'jueves', 'Jueves', 'jue', 4, 1),
(5, 'viernes', 'Viernes', 'vie', 5, 1),
(6, 'sabado', 'Sabado', 'sab', 6, 1),
(7, 'domingo', 'Domingo', 'dom', 7, 1);

-- --------------------------------------------------------

--
-- Estructura de tabla para la tabla `empleados`
--

CREATE TABLE `empleados` (
  `id_empleado` int(11) NOT NULL,
  `codigo` varchar(30) NOT NULL,
  `run` varchar(12) NOT NULL,
  `id_colegio` int(11) NOT NULL,
  `nombres` varchar(80) NOT NULL,
  `apellido_paterno` varchar(60) NOT NULL,
  `apellido_materno` varchar(60) NOT NULL,
  `email` varchar(120) DEFAULT NULL,
  `telefono` varchar(30) DEFAULT NULL,
  `activo` tinyint(4) NOT NULL DEFAULT 1,
  `created_at` timestamp NOT NULL DEFAULT current_timestamp(),
  `updated_at` timestamp NULL DEFAULT NULL,
  `foto` varchar(255) DEFAULT NULL,
  `genero` int(11) NOT NULL
) ENGINE=InnoDB DEFAULT CHARSET=utf8mb4 COLLATE=utf8mb4_general_ci;

--
-- Volcado de datos para la tabla `empleados`
--

INSERT INTO `empleados` (`id_empleado`, `codigo`, `run`, `id_colegio`, `nombres`, `apellido_paterno`, `apellido_materno`, `email`, `telefono`, `activo`, `created_at`, `updated_at`, `foto`, `genero`) VALUES
(2001, 'COR01_001', '20000101-2', 1, 'Juan', 'Perez', 'Gonzalez', 'juan.perez.cor01_001@demo.cl', '900002001', 1, '2026-03-31 21:00:00', NULL, NULL, 1),
(2002, 'COR01_002', '20000102-3', 1, 'Maria', 'Soto', 'Rojas', 'maria.soto.cor01_002@demo.cl', '900002002', 1, '2026-03-31 21:00:00', NULL, NULL, 2),
(2003, 'COR01_003', '20.000.103-4', 1, 'Pedro', 'Munoz', 'Tapia', 'pedro.munoz.cor01_003@demo.cl', '900002003', 1, '2026-03-31 21:00:00', '2026-03-31 19:52:56', NULL, 1),
(2004, 'COR01_004', '20000104-5', 1, 'Ana', 'Vera', 'Contreras', 'ana.vera.cor01_004@demo.cl', '900002004', 1, '2026-03-31 21:00:00', NULL, NULL, 2),
(2005, 'COR01_005', '20000105-6', 1, 'Luis', 'Torres', 'Salinas', 'luis.torres.cor01_005@demo.cl', '900002005', 1, '2026-03-31 21:00:00', NULL, NULL, 1),
(2006, 'TAB08_001', '20000801-9', 8, 'Juan', 'Perez', 'Gonzalez', 'juan.perez.tab08_001@demo.cl', '900002006', 1, '2026-03-31 21:00:00', NULL, NULL, 1),
(2007, 'TAB08_002', '20000802-0', 8, 'Maria', 'Soto', 'Rojas', 'maria.soto.tab08_002@demo.cl', '900002007', 1, '2026-03-31 21:00:00', NULL, NULL, 2),
(2008, 'TAB08_003', '20000803-1', 8, 'Pedro', 'Munoz', 'Tapia', 'pedro.munoz.tab08_003@demo.cl', '900002008', 1, '2026-03-31 21:00:00', NULL, NULL, 1),
(2009, 'TAB08_004', '20000804-2', 8, 'Ana', 'Vera', 'Contreras', 'ana.vera.tab08_004@demo.cl', '900002009', 1, '2026-03-31 21:00:00', NULL, NULL, 2),
(2010, 'TAB08_005', '20000805-3', 8, 'Luis', 'Torres', 'Salinas', 'luis.torres.tab08_005@demo.cl', '900002010', 1, '2026-03-31 21:00:00', NULL, NULL, 1),
(2011, 'AND09_001', '20000901-0', 9, 'Juan', 'Perez', 'Gonzalez', 'juan.perez.and09_001@demo.cl', '900002011', 1, '2026-03-31 21:00:00', NULL, NULL, 1),
(2012, 'AND09_002', '20000902-1', 9, 'Maria', 'Soto', 'Rojas', 'maria.soto.and09_002@demo.cl', '900002012', 1, '2026-03-31 21:00:00', NULL, NULL, 2),
(2013, 'AND09_003', '20000903-2', 9, 'Pedro', 'Munoz', 'Tapia', 'pedro.munoz.and09_003@demo.cl', '900002013', 1, '2026-03-31 21:00:00', NULL, NULL, 1),
(2014, 'AND09_004', '20000904-3', 9, 'Ana', 'Vera', 'Contreras', 'ana.vera.and09_004@demo.cl', '900002014', 1, '2026-03-31 21:00:00', NULL, NULL, 2),
(2015, 'AND09_005', '20000905-4', 9, 'Luis', 'Torres', 'Salinas', 'luis.torres.and09_005@demo.cl', '900002015', 1, '2026-03-31 21:00:00', NULL, NULL, 1),
(2016, 'ALE10_001', '20001001-1', 10, 'Juan', 'Perez', 'Gonzalez', 'juan.perez.ale10_001@demo.cl', '900002016', 1, '2026-03-31 21:00:00', NULL, NULL, 1),
(2017, 'ALE10_002', '20001002-2', 10, 'Maria', 'Soto', 'Rojas', 'maria.soto.ale10_002@demo.cl', '900002017', 1, '2026-03-31 21:00:00', NULL, NULL, 2),
(2018, 'ALE10_003', '20001003-3', 10, 'Pedro', 'Munoz', 'Tapia', 'pedro.munoz.ale10_003@demo.cl', '900002018', 1, '2026-03-31 21:00:00', NULL, NULL, 1),
(2019, 'ALE10_004', '20001004-4', 10, 'Ana', 'Vera', 'Contreras', 'ana.vera.ale10_004@demo.cl', '900002019', 1, '2026-03-31 21:00:00', NULL, NULL, 2),
(2020, 'ALE10_005', '20001005-5', 10, 'Luis', 'Torres', 'Salinas', 'luis.torres.ale10_005@demo.cl', '900002020', 1, '2026-03-31 21:00:00', NULL, NULL, 1),
(2021, 'HUE11_001', '20001101-2', 11, 'Juan', 'Perez', 'Gonzalez', 'juan.perez.hue11_001@demo.cl', '900002021', 1, '2026-03-31 21:00:00', NULL, NULL, 1),
(2022, 'HUE11_002', '20001102-3', 11, 'Maria', 'Soto', 'Rojas', 'maria.soto.hue11_002@demo.cl', '900002022', 1, '2026-03-31 21:00:00', NULL, NULL, 2),
(2023, 'HUE11_003', '20001103-4', 11, 'Pedro', 'Munoz', 'Tapia', 'pedro.munoz.hue11_003@demo.cl', '900002023', 1, '2026-03-31 21:00:00', NULL, NULL, 1),
(2024, 'HUE11_004', '20001104-5', 11, 'Ana', 'Vera', 'Contreras', 'ana.vera.hue11_004@demo.cl', '900002024', 1, '2026-03-31 21:00:00', NULL, NULL, 2),
(2025, 'HUE11_005', '20001105-6', 11, 'Luis', 'Torres', 'Salinas', 'luis.torres.hue11_005@demo.cl', '900002025', 1, '2026-03-31 21:00:00', NULL, NULL, 1),
(2026, 'CAN12_001', '20001201-3', 12, 'Juan', 'Perez', 'Gonzalez', 'juan.perez.can12_001@demo.cl', '900002026', 1, '2026-03-31 21:00:00', NULL, NULL, 1),
(2027, 'CAN12_002', '20001202-4', 12, 'Maria', 'Soto', 'Rojas', 'maria.soto.can12_002@demo.cl', '900002027', 1, '2026-03-31 21:00:00', NULL, NULL, 2),
(2028, 'CAN12_003', '20001203-5', 12, 'Pedro', 'Munoz', 'Tapia', 'pedro.munoz.can12_003@demo.cl', '900002028', 1, '2026-03-31 21:00:00', NULL, NULL, 1),
(2029, 'CAN12_004', '20001204-6', 12, 'Ana', 'Vera', 'Contreras', 'ana.vera.can12_004@demo.cl', '900002029', 1, '2026-03-31 21:00:00', NULL, NULL, 2),
(2030, 'CAN12_005', '20001205-7', 12, 'Luis', 'Torres', 'Salinas', 'luis.torres.can12_005@demo.cl', '900002030', 1, '2026-03-31 21:00:00', NULL, NULL, 1),
(2031, 'HUI13_001', '20001301-4', 13, 'Juan', 'Perez', 'Gonzalez', 'juan.perez.hui13_001@demo.cl', '900002031', 1, '2026-03-31 21:00:00', NULL, NULL, 1),
(2032, 'HUI13_002', '20001302-5', 13, 'Maria', 'Soto', 'Rojas', 'maria.soto.hui13_002@demo.cl', '900002032', 1, '2026-03-31 21:00:00', NULL, NULL, 2),
(2033, 'HUI13_003', '20001303-6', 13, 'Pedro', 'Munoz', 'Tapia', 'pedro.munoz.hui13_003@demo.cl', '900002033', 1, '2026-03-31 21:00:00', NULL, NULL, 1),
(2034, 'HUI13_004', '20001304-7', 13, 'Ana', 'Vera', 'Contreras', 'ana.vera.hui13_004@demo.cl', '900002034', 1, '2026-03-31 21:00:00', NULL, NULL, 2),
(2035, 'HUI13_005', '20001305-8', 13, 'Luis', 'Torres', 'Salinas', 'luis.torres.hui13_005@demo.cl', '900002035', 1, '2026-03-31 21:00:00', NULL, NULL, 1),
(2036, 'VAL17_001', '20001701-8', 17, 'Juan', 'Perez', 'Gonzalez', 'juan.perez.val17_001@demo.cl', '900002036', 1, '2026-03-31 21:00:00', NULL, NULL, 1),
(2037, 'VAL17_002', '20001702-9', 17, 'Maria', 'Soto', 'Rojas', 'maria.soto.val17_002@demo.cl', '900002037', 1, '2026-03-31 21:00:00', NULL, NULL, 2),
(2038, 'VAL17_003', '20001703-0', 17, 'Pedro', 'Munoz', 'Tapia', 'pedro.munoz.val17_003@demo.cl', '900002038', 1, '2026-03-31 21:00:00', NULL, NULL, 1),
(2039, 'VAL17_004', '20001704-1', 17, 'Ana', 'Vera', 'Contreras', 'ana.vera.val17_004@demo.cl', '900002039', 1, '2026-03-31 21:00:00', NULL, NULL, 2),
(2040, 'VAL17_005', '20001705-2', 17, 'Luis', 'Torres', 'Salinas', 'luis.torres.val17_005@demo.cl', '900002040', 1, '2026-03-31 21:00:00', NULL, NULL, 1),
(2041, 'EMP260331175431519', '16.423.446-0', 1, 'GUADALUPE', 'jorquera', 'caicedo', 'cm.jorqu222erag@gmail.com', '988302735', 1, '2026-03-31 20:54:31', '2026-04-01 01:50:18', NULL, 2),
(2042, 'EMP260331230211607', '13.457.812-3', 15, 'xxxx', 'xxxx', 'xxxx', 'xxxxx@xxx.cl', '988602735', 1, '2026-04-01 02:02:11', '2026-04-01 02:02:11', NULL, 2);

-- --------------------------------------------------------

--
-- Estructura de tabla para la tabla `horarios_semanales`
--

CREATE TABLE `horarios_semanales` (
  `id_horario` int(11) NOT NULL,
  `id_empleado` int(11) NOT NULL,
  `id_contrato` int(11) NOT NULL,
  `dia` enum('LUN','MAR','MIE','JUE','VIE','SAB','DOM') NOT NULL,
  `man_ini` time DEFAULT NULL,
  `man_fin` time DEFAULT NULL,
  `tar_ini` time DEFAULT NULL,
  `tar_fin` time DEFAULT NULL,
  `activo` tinyint(4) NOT NULL DEFAULT 1,
  `created_at` timestamp NOT NULL DEFAULT current_timestamp()
) ENGINE=MyISAM DEFAULT CHARSET=latin1 COLLATE=latin1_swedish_ci;

--
-- Volcado de datos para la tabla `horarios_semanales`
--

INSERT INTO `horarios_semanales` (`id_horario`, `id_empleado`, `id_contrato`, `dia`, `man_ini`, `man_fin`, `tar_ini`, `tar_fin`, `activo`, `created_at`) VALUES
(4001, 2001, 3001, 'LUN', '08:00:00', '13:00:00', '14:00:00', '17:00:00', 1, '2026-03-31 21:00:00'),
(4002, 2001, 3001, 'MAR', '08:00:00', '13:00:00', '14:00:00', '17:00:00', 1, '2026-03-31 21:00:00'),
(4003, 2001, 3001, 'MIE', '08:00:00', '13:00:00', '14:00:00', '17:00:00', 1, '2026-03-31 21:00:00'),
(4004, 2001, 3001, 'JUE', '08:00:00', '13:00:00', '14:00:00', '17:00:00', 1, '2026-03-31 21:00:00'),
(4005, 2001, 3001, 'VIE', '08:00:00', '13:00:00', '14:00:00', '17:00:00', 1, '2026-03-31 21:00:00'),
(4006, 2002, 3002, 'LUN', '08:00:00', '13:00:00', '14:00:00', '17:00:00', 1, '2026-03-31 21:00:00'),
(4007, 2002, 3002, 'MAR', '08:00:00', '13:00:00', '14:00:00', '17:00:00', 1, '2026-03-31 21:00:00'),
(4008, 2002, 3002, 'MIE', '08:00:00', '13:00:00', '14:00:00', '17:00:00', 1, '2026-03-31 21:00:00'),
(4009, 2002, 3002, 'JUE', '08:00:00', '13:00:00', '14:00:00', '17:00:00', 1, '2026-03-31 21:00:00'),
(4010, 2002, 3002, 'VIE', '08:00:00', '13:00:00', '14:00:00', '17:00:00', 1, '2026-03-31 21:00:00'),
(4205, 2003, 3003, 'VIE', '08:00:00', '13:00:00', '14:00:00', '17:00:00', 1, '2026-03-31 19:52:56'),
(4204, 2003, 3003, 'JUE', '08:00:00', '13:00:00', '14:00:00', '17:00:00', 1, '2026-03-31 19:52:56'),
(4203, 2003, 3003, 'MIE', '08:00:00', '13:00:00', '14:00:00', '17:00:00', 1, '2026-03-31 19:52:56'),
(4202, 2003, 3003, 'MAR', '08:00:00', '13:00:00', '14:00:00', '17:00:00', 1, '2026-03-31 19:52:56'),
(4201, 2003, 3003, 'LUN', '08:00:00', '13:00:00', '14:00:00', '17:00:00', 1, '2026-03-31 19:52:56'),
(4016, 2004, 3004, 'LUN', '08:00:00', '13:00:00', '14:00:00', '17:00:00', 1, '2026-03-31 21:00:00'),
(4017, 2004, 3004, 'MAR', '08:00:00', '13:00:00', '14:00:00', '17:00:00', 1, '2026-03-31 21:00:00'),
(4018, 2004, 3004, 'MIE', '08:00:00', '13:00:00', '14:00:00', '17:00:00', 1, '2026-03-31 21:00:00'),
(4019, 2004, 3004, 'JUE', '08:00:00', '13:00:00', '14:00:00', '17:00:00', 1, '2026-03-31 21:00:00'),
(4020, 2004, 3004, 'VIE', '08:00:00', '13:00:00', '14:00:00', '17:00:00', 1, '2026-03-31 21:00:00'),
(4021, 2005, 3005, 'LUN', '08:00:00', '13:00:00', '14:00:00', '17:00:00', 1, '2026-03-31 21:00:00'),
(4022, 2005, 3005, 'MAR', '08:00:00', '13:00:00', '14:00:00', '17:00:00', 1, '2026-03-31 21:00:00'),
(4023, 2005, 3005, 'MIE', '08:00:00', '13:00:00', '14:00:00', '17:00:00', 1, '2026-03-31 21:00:00'),
(4024, 2005, 3005, 'JUE', '08:00:00', '13:00:00', '14:00:00', '17:00:00', 1, '2026-03-31 21:00:00'),
(4025, 2005, 3005, 'VIE', '08:00:00', '13:00:00', '14:00:00', '17:00:00', 1, '2026-03-31 21:00:00'),
(4206, 2006, 3006, 'LUN', '08:00:00', '13:00:00', '14:00:00', '17:00:00', 1, '2026-03-31 19:55:15'),
(4207, 2006, 3006, 'MAR', '08:00:00', '13:00:00', '14:00:00', '17:00:00', 1, '2026-03-31 19:55:15'),
(4208, 2006, 3006, 'MIE', '08:00:00', '13:00:00', '14:00:00', '17:00:00', 1, '2026-03-31 19:55:15'),
(4209, 2006, 3006, 'JUE', '08:00:00', '13:00:00', '14:00:00', '17:00:00', 1, '2026-03-31 19:55:15'),
(4210, 2006, 3006, 'VIE', '08:00:00', '13:00:00', '14:00:00', '17:00:00', 1, '2026-03-31 19:55:15'),
(4211, 2007, 3007, 'LUN', '08:00:00', '13:00:00', '14:00:00', '17:00:00', 1, '2026-03-31 19:55:15'),
(4212, 2007, 3007, 'MAR', '08:00:00', '13:00:00', '14:00:00', '17:00:00', 1, '2026-03-31 19:55:15'),
(4213, 2007, 3007, 'MIE', '08:00:00', '13:00:00', '14:00:00', '17:00:00', 1, '2026-03-31 19:55:15'),
(4214, 2007, 3007, 'JUE', '08:00:00', '13:00:00', '14:00:00', '17:00:00', 1, '2026-03-31 19:55:15'),
(4215, 2007, 3007, 'VIE', '08:00:00', '13:00:00', '14:00:00', '17:00:00', 1, '2026-03-31 19:55:15'),
(4216, 2008, 3008, 'LUN', '08:00:00', '13:00:00', '14:00:00', '17:00:00', 1, '2026-03-31 19:55:15'),
(4217, 2008, 3008, 'MAR', '08:00:00', '13:00:00', '14:00:00', '17:00:00', 1, '2026-03-31 19:55:15'),
(4218, 2008, 3008, 'MIE', '08:00:00', '13:00:00', '14:00:00', '17:00:00', 1, '2026-03-31 19:55:15'),
(4219, 2008, 3008, 'JUE', '08:00:00', '13:00:00', '14:00:00', '17:00:00', 1, '2026-03-31 19:55:15'),
(4220, 2008, 3008, 'VIE', '08:00:00', '13:00:00', '14:00:00', '17:00:00', 1, '2026-03-31 19:55:15'),
(4221, 2009, 3009, 'LUN', '08:00:00', '13:00:00', '14:00:00', '17:00:00', 1, '2026-03-31 19:55:15'),
(4222, 2009, 3009, 'MAR', '08:00:00', '13:00:00', '14:00:00', '17:00:00', 1, '2026-03-31 19:55:15'),
(4223, 2009, 3009, 'MIE', '08:00:00', '13:00:00', '14:00:00', '17:00:00', 1, '2026-03-31 19:55:15'),
(4224, 2009, 3009, 'JUE', '08:00:00', '13:00:00', '14:00:00', '17:00:00', 1, '2026-03-31 19:55:15'),
(4225, 2009, 3009, 'VIE', '08:00:00', '13:00:00', '14:00:00', '17:00:00', 1, '2026-03-31 19:55:15'),
(4226, 2010, 3010, 'LUN', '08:00:00', '13:00:00', '14:00:00', '17:00:00', 1, '2026-03-31 19:55:15'),
(4227, 2010, 3010, 'MAR', '08:00:00', '13:00:00', '14:00:00', '17:00:00', 1, '2026-03-31 19:55:15'),
(4228, 2010, 3010, 'MIE', '08:00:00', '13:00:00', '14:00:00', '17:00:00', 1, '2026-03-31 19:55:15'),
(4229, 2010, 3010, 'JUE', '08:00:00', '13:00:00', '14:00:00', '17:00:00', 1, '2026-03-31 19:55:15'),
(4230, 2010, 3010, 'VIE', '08:00:00', '13:00:00', '14:00:00', '17:00:00', 1, '2026-03-31 19:55:15'),
(4231, 2011, 3011, 'LUN', '08:00:00', '13:00:00', '14:00:00', '17:00:00', 1, '2026-03-31 19:55:15'),
(4232, 2011, 3011, 'MAR', '08:00:00', '13:00:00', '14:00:00', '17:00:00', 1, '2026-03-31 19:55:15'),
(4233, 2011, 3011, 'MIE', '08:00:00', '13:00:00', '14:00:00', '17:00:00', 1, '2026-03-31 19:55:15'),
(4234, 2011, 3011, 'JUE', '08:00:00', '13:00:00', '14:00:00', '17:00:00', 1, '2026-03-31 19:55:15'),
(4235, 2011, 3011, 'VIE', '08:00:00', '13:00:00', '14:00:00', '17:00:00', 1, '2026-03-31 19:55:15'),
(4236, 2012, 3012, 'LUN', '08:00:00', '13:00:00', '14:00:00', '17:00:00', 1, '2026-03-31 19:55:15'),
(4237, 2012, 3012, 'MAR', '08:00:00', '13:00:00', '14:00:00', '17:00:00', 1, '2026-03-31 19:55:15'),
(4238, 2012, 3012, 'MIE', '08:00:00', '13:00:00', '14:00:00', '17:00:00', 1, '2026-03-31 19:55:15'),
(4239, 2012, 3012, 'JUE', '08:00:00', '13:00:00', '14:00:00', '17:00:00', 1, '2026-03-31 19:55:15'),
(4240, 2012, 3012, 'VIE', '08:00:00', '13:00:00', '14:00:00', '17:00:00', 1, '2026-03-31 19:55:15'),
(4241, 2013, 3013, 'LUN', '08:00:00', '13:00:00', '14:00:00', '17:00:00', 1, '2026-03-31 19:55:15'),
(4242, 2013, 3013, 'MAR', '08:00:00', '13:00:00', '14:00:00', '17:00:00', 1, '2026-03-31 19:55:15'),
(4243, 2013, 3013, 'MIE', '08:00:00', '13:00:00', '14:00:00', '17:00:00', 1, '2026-03-31 19:55:15'),
(4244, 2013, 3013, 'JUE', '08:00:00', '13:00:00', '14:00:00', '17:00:00', 1, '2026-03-31 19:55:15'),
(4245, 2013, 3013, 'VIE', '08:00:00', '13:00:00', '14:00:00', '17:00:00', 1, '2026-03-31 19:55:15'),
(4246, 2014, 3014, 'LUN', '08:00:00', '13:00:00', '14:00:00', '17:00:00', 1, '2026-03-31 19:55:15'),
(4247, 2014, 3014, 'MAR', '08:00:00', '13:00:00', '14:00:00', '17:00:00', 1, '2026-03-31 19:55:15'),
(4248, 2014, 3014, 'MIE', '08:00:00', '13:00:00', '14:00:00', '17:00:00', 1, '2026-03-31 19:55:15'),
(4249, 2014, 3014, 'JUE', '08:00:00', '13:00:00', '14:00:00', '17:00:00', 1, '2026-03-31 19:55:15'),
(4250, 2014, 3014, 'VIE', '08:00:00', '13:00:00', '14:00:00', '17:00:00', 1, '2026-03-31 19:55:15'),
(4251, 2015, 3015, 'LUN', '08:00:00', '13:00:00', '14:00:00', '17:00:00', 1, '2026-03-31 19:55:15'),
(4252, 2015, 3015, 'MAR', '08:00:00', '13:00:00', '14:00:00', '17:00:00', 1, '2026-03-31 19:55:15'),
(4253, 2015, 3015, 'MIE', '08:00:00', '13:00:00', '14:00:00', '17:00:00', 1, '2026-03-31 19:55:15'),
(4254, 2015, 3015, 'JUE', '08:00:00', '13:00:00', '14:00:00', '17:00:00', 1, '2026-03-31 19:55:15'),
(4255, 2015, 3015, 'VIE', '08:00:00', '13:00:00', '14:00:00', '17:00:00', 1, '2026-03-31 19:55:15'),
(4256, 2016, 3016, 'LUN', '08:00:00', '13:00:00', '14:00:00', '17:00:00', 1, '2026-03-31 19:55:15'),
(4257, 2016, 3016, 'MAR', '08:00:00', '13:00:00', '14:00:00', '17:00:00', 1, '2026-03-31 19:55:15'),
(4258, 2016, 3016, 'MIE', '08:00:00', '13:00:00', '14:00:00', '17:00:00', 1, '2026-03-31 19:55:15'),
(4259, 2016, 3016, 'JUE', '08:00:00', '13:00:00', '14:00:00', '17:00:00', 1, '2026-03-31 19:55:15'),
(4260, 2016, 3016, 'VIE', '08:00:00', '13:00:00', '14:00:00', '17:00:00', 1, '2026-03-31 19:55:15'),
(4261, 2017, 3017, 'LUN', '08:00:00', '13:00:00', '14:00:00', '17:00:00', 1, '2026-03-31 19:55:15'),
(4262, 2017, 3017, 'MAR', '08:00:00', '13:00:00', '14:00:00', '17:00:00', 1, '2026-03-31 19:55:15'),
(4263, 2017, 3017, 'MIE', '08:00:00', '13:00:00', '14:00:00', '17:00:00', 1, '2026-03-31 19:55:15'),
(4264, 2017, 3017, 'JUE', '08:00:00', '13:00:00', '14:00:00', '17:00:00', 1, '2026-03-31 19:55:15'),
(4265, 2017, 3017, 'VIE', '08:00:00', '13:00:00', '14:00:00', '17:00:00', 1, '2026-03-31 19:55:15'),
(4266, 2018, 3018, 'LUN', '08:00:00', '13:00:00', '14:00:00', '17:00:00', 1, '2026-03-31 19:55:15'),
(4267, 2018, 3018, 'MAR', '08:00:00', '13:00:00', '14:00:00', '17:00:00', 1, '2026-03-31 19:55:15'),
(4268, 2018, 3018, 'MIE', '08:00:00', '13:00:00', '14:00:00', '17:00:00', 1, '2026-03-31 19:55:15'),
(4269, 2018, 3018, 'JUE', '08:00:00', '13:00:00', '14:00:00', '17:00:00', 1, '2026-03-31 19:55:15'),
(4270, 2018, 3018, 'VIE', '08:00:00', '13:00:00', '14:00:00', '17:00:00', 1, '2026-03-31 19:55:15'),
(4271, 2019, 3019, 'LUN', '08:00:00', '13:00:00', '14:00:00', '17:00:00', 1, '2026-03-31 19:55:15'),
(4272, 2019, 3019, 'MAR', '08:00:00', '13:00:00', '14:00:00', '17:00:00', 1, '2026-03-31 19:55:15'),
(4273, 2019, 3019, 'MIE', '08:00:00', '13:00:00', '14:00:00', '17:00:00', 1, '2026-03-31 19:55:15'),
(4274, 2019, 3019, 'JUE', '08:00:00', '13:00:00', '14:00:00', '17:00:00', 1, '2026-03-31 19:55:15'),
(4275, 2019, 3019, 'VIE', '08:00:00', '13:00:00', '14:00:00', '17:00:00', 1, '2026-03-31 19:55:15'),
(4276, 2020, 3020, 'LUN', '08:00:00', '13:00:00', '14:00:00', '17:00:00', 1, '2026-03-31 19:55:15'),
(4277, 2020, 3020, 'MAR', '08:00:00', '13:00:00', '14:00:00', '17:00:00', 1, '2026-03-31 19:55:15'),
(4278, 2020, 3020, 'MIE', '08:00:00', '13:00:00', '14:00:00', '17:00:00', 1, '2026-03-31 19:55:15'),
(4279, 2020, 3020, 'JUE', '08:00:00', '13:00:00', '14:00:00', '17:00:00', 1, '2026-03-31 19:55:15'),
(4280, 2020, 3020, 'VIE', '08:00:00', '13:00:00', '14:00:00', '17:00:00', 1, '2026-03-31 19:55:15'),
(4281, 2021, 3021, 'LUN', '08:00:00', '13:00:00', '14:00:00', '17:00:00', 1, '2026-03-31 19:55:15'),
(4282, 2021, 3021, 'MAR', '08:00:00', '13:00:00', '14:00:00', '17:00:00', 1, '2026-03-31 19:55:15'),
(4283, 2021, 3021, 'MIE', '08:00:00', '13:00:00', '14:00:00', '17:00:00', 1, '2026-03-31 19:55:15'),
(4284, 2021, 3021, 'JUE', '08:00:00', '13:00:00', '14:00:00', '17:00:00', 1, '2026-03-31 19:55:15'),
(4285, 2021, 3021, 'VIE', '08:00:00', '13:00:00', '14:00:00', '17:00:00', 1, '2026-03-31 19:55:15'),
(4286, 2022, 3022, 'LUN', '08:00:00', '13:00:00', '14:00:00', '17:00:00', 1, '2026-03-31 19:55:15'),
(4287, 2022, 3022, 'MAR', '08:00:00', '13:00:00', '14:00:00', '17:00:00', 1, '2026-03-31 19:55:15'),
(4288, 2022, 3022, 'MIE', '08:00:00', '13:00:00', '14:00:00', '17:00:00', 1, '2026-03-31 19:55:15'),
(4289, 2022, 3022, 'JUE', '08:00:00', '13:00:00', '14:00:00', '17:00:00', 1, '2026-03-31 19:55:15'),
(4290, 2022, 3022, 'VIE', '08:00:00', '13:00:00', '14:00:00', '17:00:00', 1, '2026-03-31 19:55:15'),
(4291, 2023, 3023, 'LUN', '08:00:00', '13:00:00', '14:00:00', '17:00:00', 1, '2026-03-31 19:55:15'),
(4292, 2023, 3023, 'MAR', '08:00:00', '13:00:00', '14:00:00', '17:00:00', 1, '2026-03-31 19:55:15'),
(4293, 2023, 3023, 'MIE', '08:00:00', '13:00:00', '14:00:00', '17:00:00', 1, '2026-03-31 19:55:15'),
(4294, 2023, 3023, 'JUE', '08:00:00', '13:00:00', '14:00:00', '17:00:00', 1, '2026-03-31 19:55:15'),
(4295, 2023, 3023, 'VIE', '08:00:00', '13:00:00', '14:00:00', '17:00:00', 1, '2026-03-31 19:55:15'),
(4296, 2024, 3024, 'LUN', '08:00:00', '13:00:00', '14:00:00', '17:00:00', 1, '2026-03-31 19:55:15'),
(4297, 2024, 3024, 'MAR', '08:00:00', '13:00:00', '14:00:00', '17:00:00', 1, '2026-03-31 19:55:15'),
(4298, 2024, 3024, 'MIE', '08:00:00', '13:00:00', '14:00:00', '17:00:00', 1, '2026-03-31 19:55:15'),
(4299, 2024, 3024, 'JUE', '08:00:00', '13:00:00', '14:00:00', '17:00:00', 1, '2026-03-31 19:55:15'),
(4300, 2024, 3024, 'VIE', '08:00:00', '13:00:00', '14:00:00', '17:00:00', 1, '2026-03-31 19:55:15'),
(4301, 2025, 3025, 'LUN', '08:00:00', '13:00:00', '14:00:00', '17:00:00', 1, '2026-03-31 19:55:15'),
(4302, 2025, 3025, 'MAR', '08:00:00', '13:00:00', '14:00:00', '17:00:00', 1, '2026-03-31 19:55:15'),
(4303, 2025, 3025, 'MIE', '08:00:00', '13:00:00', '14:00:00', '17:00:00', 1, '2026-03-31 19:55:15'),
(4304, 2025, 3025, 'JUE', '08:00:00', '13:00:00', '14:00:00', '17:00:00', 1, '2026-03-31 19:55:15'),
(4305, 2025, 3025, 'VIE', '08:00:00', '13:00:00', '14:00:00', '17:00:00', 1, '2026-03-31 19:55:15'),
(4306, 2026, 3026, 'LUN', '08:00:00', '13:00:00', '14:00:00', '17:00:00', 1, '2026-03-31 19:55:15'),
(4307, 2026, 3026, 'MAR', '08:00:00', '13:00:00', '14:00:00', '17:00:00', 1, '2026-03-31 19:55:15'),
(4308, 2026, 3026, 'MIE', '08:00:00', '13:00:00', '14:00:00', '17:00:00', 1, '2026-03-31 19:55:15'),
(4309, 2026, 3026, 'JUE', '08:00:00', '13:00:00', '14:00:00', '17:00:00', 1, '2026-03-31 19:55:15'),
(4310, 2026, 3026, 'VIE', '08:00:00', '13:00:00', '14:00:00', '17:00:00', 1, '2026-03-31 19:55:15'),
(4311, 2027, 3027, 'LUN', '08:00:00', '13:00:00', '14:00:00', '17:00:00', 1, '2026-03-31 19:55:15'),
(4312, 2027, 3027, 'MAR', '08:00:00', '13:00:00', '14:00:00', '17:00:00', 1, '2026-03-31 19:55:15'),
(4313, 2027, 3027, 'MIE', '08:00:00', '13:00:00', '14:00:00', '17:00:00', 1, '2026-03-31 19:55:15'),
(4314, 2027, 3027, 'JUE', '08:00:00', '13:00:00', '14:00:00', '17:00:00', 1, '2026-03-31 19:55:15'),
(4315, 2027, 3027, 'VIE', '08:00:00', '13:00:00', '14:00:00', '17:00:00', 1, '2026-03-31 19:55:15'),
(4316, 2028, 3028, 'LUN', '08:00:00', '13:00:00', '14:00:00', '17:00:00', 1, '2026-03-31 19:55:15'),
(4317, 2028, 3028, 'MAR', '08:00:00', '13:00:00', '14:00:00', '17:00:00', 1, '2026-03-31 19:55:15'),
(4318, 2028, 3028, 'MIE', '08:00:00', '13:00:00', '14:00:00', '17:00:00', 1, '2026-03-31 19:55:15'),
(4319, 2028, 3028, 'JUE', '08:00:00', '13:00:00', '14:00:00', '17:00:00', 1, '2026-03-31 19:55:15'),
(4320, 2028, 3028, 'VIE', '08:00:00', '13:00:00', '14:00:00', '17:00:00', 1, '2026-03-31 19:55:15'),
(4321, 2029, 3029, 'LUN', '08:00:00', '13:00:00', '14:00:00', '17:00:00', 1, '2026-03-31 19:55:15'),
(4322, 2029, 3029, 'MAR', '08:00:00', '13:00:00', '14:00:00', '17:00:00', 1, '2026-03-31 19:55:15'),
(4323, 2029, 3029, 'MIE', '08:00:00', '13:00:00', '14:00:00', '17:00:00', 1, '2026-03-31 19:55:15'),
(4324, 2029, 3029, 'JUE', '08:00:00', '13:00:00', '14:00:00', '17:00:00', 1, '2026-03-31 19:55:15'),
(4325, 2029, 3029, 'VIE', '08:00:00', '13:00:00', '14:00:00', '17:00:00', 1, '2026-03-31 19:55:15'),
(4326, 2030, 3030, 'LUN', '08:00:00', '13:00:00', '14:00:00', '17:00:00', 1, '2026-03-31 19:55:15'),
(4327, 2030, 3030, 'MAR', '08:00:00', '13:00:00', '14:00:00', '17:00:00', 1, '2026-03-31 19:55:15'),
(4328, 2030, 3030, 'MIE', '08:00:00', '13:00:00', '14:00:00', '17:00:00', 1, '2026-03-31 19:55:15'),
(4329, 2030, 3030, 'JUE', '08:00:00', '13:00:00', '14:00:00', '17:00:00', 1, '2026-03-31 19:55:15'),
(4330, 2030, 3030, 'VIE', '08:00:00', '13:00:00', '14:00:00', '17:00:00', 1, '2026-03-31 19:55:15'),
(4331, 2031, 3031, 'LUN', '08:00:00', '13:00:00', '14:00:00', '17:00:00', 1, '2026-03-31 19:55:15'),
(4332, 2031, 3031, 'MAR', '08:00:00', '13:00:00', '14:00:00', '17:00:00', 1, '2026-03-31 19:55:15'),
(4333, 2031, 3031, 'MIE', '08:00:00', '13:00:00', '14:00:00', '17:00:00', 1, '2026-03-31 19:55:15'),
(4334, 2031, 3031, 'JUE', '08:00:00', '13:00:00', '14:00:00', '17:00:00', 1, '2026-03-31 19:55:15'),
(4335, 2031, 3031, 'VIE', '08:00:00', '13:00:00', '14:00:00', '17:00:00', 1, '2026-03-31 19:55:15'),
(4336, 2032, 3032, 'LUN', '08:00:00', '13:00:00', '14:00:00', '17:00:00', 1, '2026-03-31 19:55:15'),
(4337, 2032, 3032, 'MAR', '08:00:00', '13:00:00', '14:00:00', '17:00:00', 1, '2026-03-31 19:55:15'),
(4338, 2032, 3032, 'MIE', '08:00:00', '13:00:00', '14:00:00', '17:00:00', 1, '2026-03-31 19:55:15'),
(4339, 2032, 3032, 'JUE', '08:00:00', '13:00:00', '14:00:00', '17:00:00', 1, '2026-03-31 19:55:15'),
(4340, 2032, 3032, 'VIE', '08:00:00', '13:00:00', '14:00:00', '17:00:00', 1, '2026-03-31 19:55:15'),
(4341, 2033, 3033, 'LUN', '08:00:00', '13:00:00', '14:00:00', '17:00:00', 1, '2026-03-31 19:55:15'),
(4342, 2033, 3033, 'MAR', '08:00:00', '13:00:00', '14:00:00', '17:00:00', 1, '2026-03-31 19:55:15'),
(4343, 2033, 3033, 'MIE', '08:00:00', '13:00:00', '14:00:00', '17:00:00', 1, '2026-03-31 19:55:15'),
(4344, 2033, 3033, 'JUE', '08:00:00', '13:00:00', '14:00:00', '17:00:00', 1, '2026-03-31 19:55:15'),
(4345, 2033, 3033, 'VIE', '08:00:00', '13:00:00', '14:00:00', '17:00:00', 1, '2026-03-31 19:55:15'),
(4346, 2034, 3034, 'LUN', '08:00:00', '13:00:00', '14:00:00', '17:00:00', 1, '2026-03-31 19:55:15'),
(4347, 2034, 3034, 'MAR', '08:00:00', '13:00:00', '14:00:00', '17:00:00', 1, '2026-03-31 19:55:15'),
(4348, 2034, 3034, 'MIE', '08:00:00', '13:00:00', '14:00:00', '17:00:00', 1, '2026-03-31 19:55:15'),
(4349, 2034, 3034, 'JUE', '08:00:00', '13:00:00', '14:00:00', '17:00:00', 1, '2026-03-31 19:55:15'),
(4350, 2034, 3034, 'VIE', '08:00:00', '13:00:00', '14:00:00', '17:00:00', 1, '2026-03-31 19:55:15'),
(4351, 2035, 3035, 'LUN', '08:00:00', '13:00:00', '14:00:00', '17:00:00', 1, '2026-03-31 19:55:15'),
(4352, 2035, 3035, 'MAR', '08:00:00', '13:00:00', '14:00:00', '17:00:00', 1, '2026-03-31 19:55:15'),
(4353, 2035, 3035, 'MIE', '08:00:00', '13:00:00', '14:00:00', '17:00:00', 1, '2026-03-31 19:55:15'),
(4354, 2035, 3035, 'JUE', '08:00:00', '13:00:00', '14:00:00', '17:00:00', 1, '2026-03-31 19:55:15'),
(4355, 2035, 3035, 'VIE', '08:00:00', '13:00:00', '14:00:00', '17:00:00', 1, '2026-03-31 19:55:15'),
(4356, 2036, 3036, 'LUN', '08:00:00', '13:00:00', '14:00:00', '17:00:00', 1, '2026-03-31 19:55:15'),
(4357, 2036, 3036, 'MAR', '08:00:00', '13:00:00', '14:00:00', '17:00:00', 1, '2026-03-31 19:55:15'),
(4358, 2036, 3036, 'MIE', '08:00:00', '13:00:00', '14:00:00', '17:00:00', 1, '2026-03-31 19:55:15'),
(4359, 2036, 3036, 'JUE', '08:00:00', '13:00:00', '14:00:00', '17:00:00', 1, '2026-03-31 19:55:15'),
(4360, 2036, 3036, 'VIE', '08:00:00', '13:00:00', '14:00:00', '17:00:00', 1, '2026-03-31 19:55:15'),
(4361, 2037, 3037, 'LUN', '08:00:00', '13:00:00', '14:00:00', '17:00:00', 1, '2026-03-31 19:55:15'),
(4362, 2037, 3037, 'MAR', '08:00:00', '13:00:00', '14:00:00', '17:00:00', 1, '2026-03-31 19:55:15'),
(4363, 2037, 3037, 'MIE', '08:00:00', '13:00:00', '14:00:00', '17:00:00', 1, '2026-03-31 19:55:15'),
(4364, 2037, 3037, 'JUE', '08:00:00', '13:00:00', '14:00:00', '17:00:00', 1, '2026-03-31 19:55:15'),
(4365, 2037, 3037, 'VIE', '08:00:00', '13:00:00', '14:00:00', '17:00:00', 1, '2026-03-31 19:55:15'),
(4366, 2038, 3038, 'LUN', '08:00:00', '13:00:00', '14:00:00', '17:00:00', 1, '2026-03-31 19:55:15'),
(4367, 2038, 3038, 'MAR', '08:00:00', '13:00:00', '14:00:00', '17:00:00', 1, '2026-03-31 19:55:15'),
(4368, 2038, 3038, 'MIE', '08:00:00', '13:00:00', '14:00:00', '17:00:00', 1, '2026-03-31 19:55:15'),
(4369, 2038, 3038, 'JUE', '08:00:00', '13:00:00', '14:00:00', '17:00:00', 1, '2026-03-31 19:55:15'),
(4370, 2038, 3038, 'VIE', '08:00:00', '13:00:00', '14:00:00', '17:00:00', 1, '2026-03-31 19:55:15'),
(4371, 2039, 3039, 'LUN', '08:00:00', '13:00:00', '14:00:00', '17:00:00', 1, '2026-03-31 19:55:15'),
(4372, 2039, 3039, 'MAR', '08:00:00', '13:00:00', '14:00:00', '17:00:00', 1, '2026-03-31 19:55:15'),
(4373, 2039, 3039, 'MIE', '08:00:00', '13:00:00', '14:00:00', '17:00:00', 1, '2026-03-31 19:55:15'),
(4374, 2039, 3039, 'JUE', '08:00:00', '13:00:00', '14:00:00', '17:00:00', 1, '2026-03-31 19:55:15'),
(4375, 2039, 3039, 'VIE', '08:00:00', '13:00:00', '14:00:00', '17:00:00', 1, '2026-03-31 19:55:15'),
(4376, 2040, 3040, 'LUN', '08:00:00', '13:00:00', '14:00:00', '17:00:00', 1, '2026-03-31 19:55:15'),
(4377, 2040, 3040, 'MAR', '08:00:00', '13:00:00', '14:00:00', '17:00:00', 1, '2026-03-31 19:55:15'),
(4378, 2040, 3040, 'MIE', '08:00:00', '13:00:00', '14:00:00', '17:00:00', 1, '2026-03-31 19:55:15'),
(4379, 2040, 3040, 'JUE', '08:00:00', '13:00:00', '14:00:00', '17:00:00', 1, '2026-03-31 19:55:15'),
(4380, 2040, 3040, 'VIE', '08:00:00', '13:00:00', '14:00:00', '17:00:00', 1, '2026-03-31 19:55:15'),
(4445, 2041, 3041, 'VIE', '08:00:00', '13:00:00', '13:00:00', '13:00:00', 1, '2026-04-01 01:50:18'),
(4444, 2041, 3041, 'JUE', '08:00:00', '13:00:00', '14:00:00', '18:00:00', 1, '2026-04-01 01:50:18'),
(4443, 2041, 3041, 'MIE', '08:00:00', '13:00:00', '14:00:00', '17:00:00', 1, '2026-04-01 01:50:18'),
(4442, 2041, 3041, 'MAR', '08:00:00', '13:00:00', '14:00:00', '18:00:00', 1, '2026-04-01 01:50:18'),
(4441, 2041, 3041, 'LUN', '08:00:00', '13:00:00', '14:00:00', '18:00:00', 1, '2026-04-01 01:50:18'),
(4446, 2042, 3042, 'LUN', '09:00:00', '16:00:00', '16:00:00', '18:00:00', 1, '2026-04-01 02:02:11'),
(4447, 2042, 3042, 'MAR', '09:00:00', '16:00:00', '16:00:00', '18:00:00', 1, '2026-04-01 02:02:11'),
(4448, 2042, 3042, 'MIE', '09:00:00', '16:00:00', '16:00:00', '18:00:00', 1, '2026-04-01 02:02:11'),
(4449, 2042, 3042, 'JUE', '09:00:00', '16:00:00', '16:00:00', '18:00:00', 1, '2026-04-01 02:02:11'),
(4450, 2042, 3042, 'VIE', '09:00:00', '16:00:00', '16:00:00', '18:00:00', 1, '2026-04-01 02:02:11');

-- --------------------------------------------------------

--
-- Estructura de tabla para la tabla `menus`
--

CREATE TABLE `menus` (
  `id_menu` int(11) NOT NULL,
  `codigo` varchar(50) NOT NULL,
  `nombre` varchar(100) NOT NULL,
  `ruta` varchar(255) NOT NULL,
  `icono` varchar(100) DEFAULT NULL,
  `orden` int(11) NOT NULL DEFAULT 0,
  `estado` tinyint(4) NOT NULL DEFAULT 1,
  `created_at` timestamp NOT NULL DEFAULT current_timestamp(),
  `updated_at` timestamp NOT NULL DEFAULT current_timestamp()
) ENGINE=InnoDB DEFAULT CHARSET=utf8mb4 COLLATE=utf8mb4_general_ci;

--
-- Volcado de datos para la tabla `menus`
--

INSERT INTO `menus` (`id_menu`, `codigo`, `nombre`, `ruta`, `icono`, `orden`, `estado`, `created_at`, `updated_at`) VALUES
(1, 'empleados', 'Empleados', 'index.php', 'bi-people-fill', 10, 1, '2026-03-11 03:48:56', '2026-03-11 03:48:56'),
(2, 'graficos', 'Graficos', 'grafico.php', 'bi-bar-chart-fill', 20, 1, '2026-03-11 03:48:56', '2026-03-11 03:48:56'),
(3, 'usuarios', 'Usuarios', 'usuarios.php', 'bi-person-plus-fill', 30, 1, '2026-03-11 03:48:56', '2026-03-11 03:48:56');

-- --------------------------------------------------------

--
-- Estructura de tabla para la tabla `menu_v`
--

CREATE TABLE `menu_v` (
  `id_menu` int(11) NOT NULL,
  `codigo` varchar(50) NOT NULL,
  `nombre` varchar(100) NOT NULL,
  `url` varchar(255) NOT NULL,
  `icono` varchar(100) DEFAULT NULL,
  `descripcion` varchar(255) DEFAULT NULL,
  `orden` int(11) NOT NULL DEFAULT 0,
  `visible` tinyint(4) NOT NULL DEFAULT 1,
  `created_at` timestamp NOT NULL DEFAULT current_timestamp(),
  `updated_at` timestamp NOT NULL DEFAULT current_timestamp()
) ENGINE=InnoDB DEFAULT CHARSET=utf8mb4 COLLATE=utf8mb4_general_ci;

--
-- Volcado de datos para la tabla `menu_v`
--

INSERT INTO `menu_v` (`id_menu`, `codigo`, `nombre`, `url`, `icono`, `descripcion`, `orden`, `visible`, `created_at`, `updated_at`) VALUES
(1, 'empleados', 'Empleados', 'index.php', 'bi-people-fill', 'Modulo principal de empleados', 10, 1, '2026-03-11 03:54:40', '2026-03-11 03:54:40'),
(2, 'graficos', 'Graficos', 'grafico.php', 'bi-bar-chart-fill', 'Graficos y reportes', 20, 1, '2026-03-11 03:54:40', '2026-03-11 03:54:40'),
(3, 'usuarios', 'Usuarios', 'usuarios.php', 'bi-person-plus-fill', 'Administracion de usuarios', 30, 1, '2026-03-11 03:54:40', '2026-03-11 03:54:40');

-- --------------------------------------------------------

--
-- Estructura de tabla para la tabla `roles`
--

CREATE TABLE `roles` (
  `id_rol` int(11) NOT NULL,
  `codigo` varchar(40) NOT NULL,
  `nombre` varchar(80) NOT NULL,
  `descripcion` varchar(200) DEFAULT NULL
) ENGINE=InnoDB DEFAULT CHARSET=utf8mb4 COLLATE=utf8mb4_general_ci;

--
-- Volcado de datos para la tabla `roles`
--

INSERT INTO `roles` (`id_rol`, `codigo`, `nombre`, `descripcion`) VALUES
(1, 'SUPER_ADMIN', 'Super Administrador', 'Acceso total a todos los colegios'),
(2, 'ADMIN_HORAS', 'Administrador de Horas colegio', 'Gestiona horas del colegio asignado');

-- --------------------------------------------------------

--
-- Estructura de tabla para la tabla `usuarios`
--

CREATE TABLE `usuarios` (
  `id_usuario` int(11) NOT NULL,
  `identificador` varchar(60) NOT NULL,
  `email` varchar(150) NOT NULL,
  `clave_hash` varchar(255) NOT NULL,
  `nombre` varchar(80) NOT NULL,
  `apellido_paterno` varchar(80) NOT NULL,
  `apellido_materno` varchar(80) DEFAULT NULL,
  `run` varchar(20) DEFAULT NULL,
  `telefono` varchar(25) DEFAULT NULL,
  `id_colegio` int(11) DEFAULT NULL,
  `token_reinicio` varchar(255) DEFAULT NULL,
  `token_reinicio_expira` datetime DEFAULT NULL,
  `estado` tinyint(4) NOT NULL DEFAULT 1,
  `intentos` int(11) NOT NULL DEFAULT 0,
  `ultimo_login` datetime DEFAULT NULL,
  `created_at` datetime NOT NULL DEFAULT current_timestamp(),
  `updated_at` datetime DEFAULT NULL
) ENGINE=InnoDB DEFAULT CHARSET=utf8mb3 COLLATE=utf8mb3_general_ci;

--
-- Volcado de datos para la tabla `usuarios`
--

INSERT INTO `usuarios` (`id_usuario`, `identificador`, `email`, `clave_hash`, `nombre`, `apellido_paterno`, `apellido_materno`, `run`, `telefono`, `id_colegio`, `token_reinicio`, `token_reinicio_expira`, `estado`, `intentos`, `ultimo_login`, `created_at`, `updated_at`) VALUES
(1, 'mgutierrez', 'mgutierrez@seduc.cl', '123456', 'Manuel', 'Gutierrez', 'Gutierrez', NULL, NULL, 15, NULL, NULL, 1, 0, '2026-03-11 09:42:21', '2026-02-12 12:34:20', '2026-03-11 09:42:21'),
(2, 'cjorquera', 'cjorquera@seduc.cl', '123456', 'Cristian', 'Jorquera', 'Gonzalez', NULL, NULL, 15, NULL, NULL, 1, 0, '2026-04-01 08:35:29', '2026-02-12 12:34:20', '2026-03-31 14:45:53'),
(3, 'roliva', 'roliva@seduc.cl', '123456', 'Ramon', 'Oliva', 'Zenteno', NULL, NULL, 15, NULL, NULL, 1, 0, '2026-03-10 22:08:01', '2026-02-12 12:34:20', '2026-03-10 22:08:01'),
(4, 'arojas', 'arojas@seduc.cl', '123456', 'Alejandro', 'Rojas', 'Schweitzer', NULL, NULL, 15, NULL, NULL, 1, 0, '2026-03-31 15:27:17', '2026-02-12 12:34:20', '2026-03-31 15:27:17'),
(5, 'fvalenzuela', 'fvalenzuela@seduc.cl', '123456', 'Francisco ', 'Valenzuela', 'Valenzuela', NULL, NULL, 15, NULL, NULL, 1, 0, '2026-04-01 08:39:41', '2026-03-02 08:50:25', '2026-03-31 15:45:34'),
(14, 'GJorquera', 'cm.jorquerag@gmail.com', '0dd07896ea07', 'CRISTIAN', 'jorquera', 'caicedo', NULL, '988302735', 15, '0342527a3023655194fb3eb09b242785999f6e2a3fef271b6ce14da1c32b1bcf', '2026-03-14 15:29:00', 1, 0, NULL, '2026-03-11 15:29:00', '2026-03-11 15:29:00'),
(15, 'admin_c1', 'admin_c1@demo.cl', '123456', 'Admin', 'Cordillera', 'Demo', NULL, '910000015', 1, NULL, NULL, 1, 0, '2026-03-31 18:48:06', '2026-03-31 18:00:00', NULL),
(16, 'admin_c8', 'admin_c8@demo.cl', '123456', 'Admin', 'Tabancura', 'Demo', NULL, '910000016', 8, NULL, NULL, 1, 0, NULL, '2026-03-31 18:00:00', NULL),
(17, 'admin_c9', 'admin_c9@demo.cl', '123456', 'Admin', 'LosAndes', 'Demo', NULL, '910000017', 9, NULL, NULL, 1, 0, NULL, '2026-03-31 18:00:00', NULL),
(18, 'admin_c10', 'admin_c10@demo.cl', '123456', 'Admin', 'LosAlerces', 'Demo', NULL, '910000018', 10, NULL, NULL, 1, 0, '2026-03-31 22:53:14', '2026-03-31 18:00:00', NULL),
(19, 'admin_c11', 'admin_c11@demo.cl', '123456', 'Admin', 'Huelen', 'Demo', NULL, '910000019', 11, NULL, NULL, 1, 0, NULL, '2026-03-31 18:00:00', NULL),
(20, 'admin_c12', 'admin_c12@demo.cl', '123456', 'Admin', 'Cantagallo', 'Demo', NULL, '910000020', 12, NULL, NULL, 1, 0, NULL, '2026-03-31 18:00:00', NULL),
(21, 'admin_c13', 'admin_c13@demo.cl', '123456', 'Admin', 'Huinganal', 'Demo', NULL, '910000021', 13, NULL, NULL, 1, 0, NULL, '2026-03-31 18:00:00', NULL),
(22, 'admin_c17', 'admin_c17@demo.cl', '123456', 'Admin', 'ValleAlegre', 'Demo', NULL, '910000022', 17, NULL, NULL, 1, 0, '2026-03-31 23:45:40', '2026-03-31 18:00:00', NULL),
(24, 'rrojas', 'cr.jorquerag@duocuc.cl', '12345678', 'rene', 'rojas', 'rojas', NULL, NULL, 1, NULL, NULL, 1, 0, '2026-03-31 19:02:49', '2026-03-31 19:01:53', '2026-03-31 19:02:26');

-- --------------------------------------------------------

--
-- Estructura de tabla para la tabla `usuario_menu`
--

CREATE TABLE `usuario_menu` (
  `id_usuario_menu` int(11) NOT NULL,
  `id_usuario` int(11) NOT NULL,
  `id_menu` int(11) NOT NULL,
  `permitido` tinyint(4) NOT NULL DEFAULT 1,
  `created_at` timestamp NOT NULL DEFAULT current_timestamp(),
  `updated_at` timestamp NOT NULL DEFAULT current_timestamp()
) ENGINE=InnoDB DEFAULT CHARSET=utf8mb4 COLLATE=utf8mb4_general_ci;

--
-- Volcado de datos para la tabla `usuario_menu`
--

INSERT INTO `usuario_menu` (`id_usuario_menu`, `id_usuario`, `id_menu`, `permitido`, `created_at`, `updated_at`) VALUES
(1, 4, 1, 1, '2026-03-11 03:48:56', '2026-03-11 03:48:56'),
(2, 4, 2, 1, '2026-03-11 03:48:56', '2026-03-11 03:48:56'),
(3, 2, 1, 1, '2026-03-11 03:48:56', '2026-03-11 03:48:56'),
(4, 2, 2, 1, '2026-03-11 03:48:56', '2026-03-11 03:48:56'),
(5, 5, 1, 1, '2026-03-11 03:48:56', '2026-03-11 03:48:56'),
(6, 5, 2, 1, '2026-03-11 03:48:56', '2026-03-11 03:48:56'),
(7, 1, 1, 1, '2026-03-11 03:48:56', '2026-03-11 03:48:56'),
(8, 1, 2, 1, '2026-03-11 03:48:56', '2026-03-11 03:48:56'),
(9, 3, 1, 1, '2026-03-11 03:48:56', '2026-03-11 03:48:56'),
(10, 3, 2, 1, '2026-03-11 03:48:56', '2026-03-11 03:48:56'),
(11, 15, 1, 1, '2026-03-31 21:38:19', '2026-03-31 21:38:19'),
(12, 15, 2, 1, '2026-03-31 21:38:19', '2026-03-31 21:38:19'),
(13, 15, 3, 0, '2026-03-31 21:38:19', '2026-03-31 21:38:19'),
(14, 15, 4, 1, '2026-03-31 21:38:19', '2026-03-31 21:38:19'),
(17, 18, 1, 1, '2026-03-31 21:38:19', '2026-03-31 21:38:19'),
(18, 18, 2, 1, '2026-03-31 21:38:19', '2026-03-31 21:38:19'),
(19, 18, 3, 0, '2026-03-31 21:38:19', '2026-03-31 21:38:19'),
(20, 18, 4, 1, '2026-03-31 21:38:19', '2026-03-31 21:38:19'),
(23, 19, 1, 1, '2026-03-31 21:38:19', '2026-03-31 21:38:19'),
(24, 19, 2, 1, '2026-03-31 21:38:19', '2026-03-31 21:38:19'),
(25, 19, 3, 0, '2026-03-31 21:38:19', '2026-03-31 21:38:19'),
(26, 19, 4, 1, '2026-03-31 21:38:19', '2026-03-31 21:38:19'),
(29, 20, 1, 1, '2026-03-31 21:38:19', '2026-03-31 21:38:19'),
(30, 20, 2, 1, '2026-03-31 21:38:19', '2026-03-31 21:38:19'),
(31, 20, 3, 0, '2026-03-31 21:38:19', '2026-03-31 21:38:19'),
(32, 20, 4, 1, '2026-03-31 21:38:19', '2026-03-31 21:38:19'),
(35, 21, 1, 1, '2026-03-31 21:38:19', '2026-03-31 21:38:19'),
(36, 21, 2, 1, '2026-03-31 21:38:19', '2026-03-31 21:38:19'),
(37, 21, 3, 0, '2026-03-31 21:38:19', '2026-03-31 21:38:19'),
(38, 21, 4, 1, '2026-03-31 21:38:19', '2026-03-31 21:38:19'),
(41, 22, 1, 1, '2026-03-31 21:38:19', '2026-03-31 21:38:19'),
(42, 22, 2, 1, '2026-03-31 21:38:19', '2026-03-31 21:38:19'),
(43, 22, 3, 0, '2026-03-31 21:38:19', '2026-03-31 21:38:19'),
(44, 22, 4, 1, '2026-03-31 21:38:19', '2026-03-31 21:38:19'),
(47, 16, 1, 1, '2026-03-31 21:38:19', '2026-03-31 21:38:19'),
(48, 16, 2, 1, '2026-03-31 21:38:19', '2026-03-31 21:38:19'),
(49, 16, 3, 0, '2026-03-31 21:38:19', '2026-03-31 21:38:19'),
(50, 16, 4, 1, '2026-03-31 21:38:19', '2026-03-31 21:38:19'),
(53, 17, 1, 1, '2026-03-31 21:38:19', '2026-03-31 21:38:19'),
(54, 17, 2, 1, '2026-03-31 21:38:19', '2026-03-31 21:38:19'),
(55, 17, 3, 0, '2026-03-31 21:38:19', '2026-03-31 21:38:19'),
(56, 17, 4, 1, '2026-03-31 21:38:19', '2026-03-31 21:38:19'),
(59, 4, 3, 0, '2026-03-31 21:38:19', '2026-03-31 21:38:19'),
(60, 4, 4, 1, '2026-03-31 21:38:19', '2026-03-31 21:38:19'),
(63, 2, 3, 1, '2026-03-31 21:38:19', '2026-03-31 21:38:19'),
(64, 2, 4, 1, '2026-03-31 21:38:19', '2026-03-31 21:38:19'),
(67, 5, 3, 1, '2026-03-31 21:38:19', '2026-03-31 21:38:19'),
(68, 5, 4, 1, '2026-03-31 21:38:19', '2026-03-31 21:38:19'),
(71, 14, 1, 1, '2026-03-31 21:38:19', '2026-03-31 21:38:19'),
(72, 14, 2, 1, '2026-03-31 21:38:19', '2026-03-31 21:38:19'),
(73, 14, 3, 0, '2026-03-31 21:38:19', '2026-03-31 21:38:19'),
(74, 14, 4, 1, '2026-03-31 21:38:19', '2026-03-31 21:38:19'),
(77, 1, 3, 0, '2026-03-31 21:38:19', '2026-03-31 21:38:19'),
(78, 1, 4, 1, '2026-03-31 21:38:19', '2026-03-31 21:38:19'),
(81, 3, 3, 0, '2026-03-31 21:38:19', '2026-03-31 21:38:19'),
(82, 3, 4, 1, '2026-03-31 21:38:19', '2026-03-31 21:38:19'),
(140, 15, 9, 0, '2026-03-31 21:38:21', '2026-03-31 21:38:21'),
(143, 18, 9, 0, '2026-03-31 21:38:21', '2026-03-31 21:38:21'),
(146, 19, 9, 0, '2026-03-31 21:38:21', '2026-03-31 21:38:21'),
(149, 20, 9, 0, '2026-03-31 21:38:21', '2026-03-31 21:38:21'),
(152, 21, 9, 0, '2026-03-31 21:38:21', '2026-03-31 21:38:21'),
(155, 22, 9, 0, '2026-03-31 21:38:21', '2026-03-31 21:38:21'),
(158, 16, 9, 0, '2026-03-31 21:38:21', '2026-03-31 21:38:21'),
(161, 17, 9, 0, '2026-03-31 21:38:21', '2026-03-31 21:38:21'),
(164, 4, 9, 0, '2026-03-31 21:38:21', '2026-03-31 21:38:21'),
(167, 2, 9, 1, '2026-03-31 21:38:21', '2026-03-31 21:38:21'),
(170, 5, 9, 1, '2026-03-31 21:38:21', '2026-03-31 21:38:21'),
(173, 14, 9, 0, '2026-03-31 21:38:21', '2026-03-31 21:38:21'),
(176, 1, 9, 0, '2026-03-31 21:38:21', '2026-03-31 21:38:21'),
(179, 3, 9, 0, '2026-03-31 21:38:21', '2026-03-31 21:38:21'),
(201, 15, 10, 1, '2026-03-31 21:38:24', '2026-03-31 21:38:24'),
(202, 15, 11, 1, '2026-03-31 21:38:24', '2026-03-31 21:38:24'),
(203, 15, 12, 0, '2026-03-31 21:38:24', '2026-03-31 21:38:24'),
(204, 18, 10, 1, '2026-03-31 21:38:24', '2026-03-31 21:38:24'),
(205, 18, 11, 1, '2026-03-31 21:38:24', '2026-03-31 21:38:24'),
(206, 18, 12, 0, '2026-03-31 21:38:24', '2026-03-31 21:38:24'),
(207, 19, 10, 1, '2026-03-31 21:38:24', '2026-03-31 21:38:24'),
(208, 19, 11, 1, '2026-03-31 21:38:24', '2026-03-31 21:38:24'),
(209, 19, 12, 0, '2026-03-31 21:38:24', '2026-03-31 21:38:24'),
(210, 20, 10, 1, '2026-03-31 21:38:24', '2026-03-31 21:38:24'),
(211, 20, 11, 1, '2026-03-31 21:38:24', '2026-03-31 21:38:24'),
(212, 20, 12, 0, '2026-03-31 21:38:24', '2026-03-31 21:38:24'),
(213, 21, 10, 1, '2026-03-31 21:38:24', '2026-03-31 21:38:24'),
(214, 21, 11, 1, '2026-03-31 21:38:24', '2026-03-31 21:38:24'),
(215, 21, 12, 0, '2026-03-31 21:38:24', '2026-03-31 21:38:24'),
(216, 22, 10, 1, '2026-03-31 21:38:24', '2026-03-31 21:38:24'),
(217, 22, 11, 1, '2026-03-31 21:38:24', '2026-03-31 21:38:24'),
(218, 22, 12, 0, '2026-03-31 21:38:24', '2026-03-31 21:38:24'),
(219, 16, 10, 1, '2026-03-31 21:38:24', '2026-03-31 21:38:24'),
(220, 16, 11, 1, '2026-03-31 21:38:24', '2026-03-31 21:38:24'),
(221, 16, 12, 0, '2026-03-31 21:38:24', '2026-03-31 21:38:24'),
(222, 17, 10, 1, '2026-03-31 21:38:24', '2026-03-31 21:38:24'),
(223, 17, 11, 1, '2026-03-31 21:38:24', '2026-03-31 21:38:24'),
(224, 17, 12, 0, '2026-03-31 21:38:24', '2026-03-31 21:38:24'),
(225, 4, 10, 1, '2026-03-31 21:38:24', '2026-03-31 21:38:24'),
(226, 4, 11, 1, '2026-03-31 21:38:24', '2026-03-31 21:38:24'),
(227, 4, 12, 0, '2026-03-31 21:38:24', '2026-03-31 21:38:24'),
(228, 2, 10, 1, '2026-03-31 21:38:24', '2026-03-31 21:38:24'),
(229, 2, 11, 1, '2026-03-31 21:38:24', '2026-03-31 21:38:24'),
(230, 2, 12, 1, '2026-03-31 21:38:24', '2026-03-31 21:38:24'),
(231, 5, 10, 1, '2026-03-31 21:38:24', '2026-03-31 21:38:24'),
(232, 5, 11, 1, '2026-03-31 21:38:24', '2026-03-31 21:38:24'),
(233, 5, 12, 1, '2026-03-31 21:38:24', '2026-03-31 21:38:24'),
(234, 14, 10, 1, '2026-03-31 21:38:24', '2026-03-31 21:38:24'),
(235, 14, 11, 1, '2026-03-31 21:38:24', '2026-03-31 21:38:24'),
(236, 14, 12, 0, '2026-03-31 21:38:24', '2026-03-31 21:38:24'),
(237, 1, 10, 1, '2026-03-31 21:38:24', '2026-03-31 21:38:24'),
(238, 1, 11, 1, '2026-03-31 21:38:24', '2026-03-31 21:38:24'),
(239, 1, 12, 0, '2026-03-31 21:38:24', '2026-03-31 21:38:24'),
(240, 3, 10, 1, '2026-03-31 21:38:24', '2026-03-31 21:38:24'),
(241, 3, 11, 1, '2026-03-31 21:38:24', '2026-03-31 21:38:24'),
(242, 3, 12, 0, '2026-03-31 21:38:24', '2026-03-31 21:38:24'),
(264, 15, 13, 1, '2026-03-31 21:38:35', '2026-03-31 21:38:35'),
(265, 18, 13, 1, '2026-03-31 21:38:35', '2026-03-31 21:38:35'),
(266, 19, 13, 1, '2026-03-31 21:38:35', '2026-03-31 21:38:35'),
(267, 20, 13, 1, '2026-03-31 21:38:35', '2026-03-31 21:38:35'),
(268, 21, 13, 1, '2026-03-31 21:38:35', '2026-03-31 21:38:35'),
(269, 22, 13, 1, '2026-03-31 21:38:35', '2026-03-31 21:38:35'),
(270, 16, 13, 1, '2026-03-31 21:38:35', '2026-03-31 21:38:35'),
(271, 17, 13, 1, '2026-03-31 21:38:35', '2026-03-31 21:38:35'),
(272, 4, 13, 1, '2026-03-31 21:38:35', '2026-03-31 21:38:35'),
(273, 2, 13, 1, '2026-03-31 21:38:35', '2026-03-31 21:38:35'),
(274, 5, 13, 1, '2026-03-31 21:38:35', '2026-03-31 21:38:35'),
(275, 14, 13, 1, '2026-03-31 21:38:35', '2026-03-31 21:38:35'),
(276, 1, 13, 1, '2026-03-31 21:38:35', '2026-03-31 21:38:35'),
(277, 3, 13, 1, '2026-03-31 21:38:35', '2026-03-31 21:38:35'),
(278, 15, 14, 1, '2026-03-31 21:38:35', '2026-03-31 21:38:35'),
(279, 18, 14, 1, '2026-03-31 21:38:35', '2026-03-31 21:38:35'),
(280, 19, 14, 1, '2026-03-31 21:38:35', '2026-03-31 21:38:35'),
(281, 20, 14, 1, '2026-03-31 21:38:35', '2026-03-31 21:38:35'),
(282, 21, 14, 1, '2026-03-31 21:38:35', '2026-03-31 21:38:35'),
(283, 22, 14, 1, '2026-03-31 21:38:35', '2026-03-31 21:38:35'),
(284, 16, 14, 1, '2026-03-31 21:38:35', '2026-03-31 21:38:35'),
(285, 17, 14, 1, '2026-03-31 21:38:35', '2026-03-31 21:38:35'),
(286, 4, 14, 1, '2026-03-31 21:38:35', '2026-03-31 21:38:35'),
(287, 2, 14, 1, '2026-03-31 21:38:35', '2026-03-31 21:38:35'),
(288, 5, 14, 1, '2026-03-31 21:38:35', '2026-03-31 21:38:35'),
(289, 14, 14, 1, '2026-03-31 21:38:35', '2026-03-31 21:38:35'),
(290, 1, 14, 1, '2026-03-31 21:38:35', '2026-03-31 21:38:35'),
(291, 3, 14, 1, '2026-03-31 21:38:35', '2026-03-31 21:38:35'),
(292, 15, 15, 0, '2026-03-31 21:38:35', '2026-03-31 21:38:35'),
(293, 18, 15, 0, '2026-03-31 21:38:35', '2026-03-31 21:38:35'),
(294, 19, 15, 0, '2026-03-31 21:38:35', '2026-03-31 21:38:35'),
(295, 20, 15, 0, '2026-03-31 21:38:35', '2026-03-31 21:38:35'),
(296, 21, 15, 0, '2026-03-31 21:38:35', '2026-03-31 21:38:35'),
(297, 22, 15, 0, '2026-03-31 21:38:35', '2026-03-31 21:38:35'),
(298, 16, 15, 0, '2026-03-31 21:38:35', '2026-03-31 21:38:35'),
(299, 17, 15, 0, '2026-03-31 21:38:35', '2026-03-31 21:38:35'),
(300, 4, 15, 0, '2026-03-31 21:38:35', '2026-03-31 21:38:35'),
(301, 2, 15, 1, '2026-03-31 21:38:35', '2026-03-31 21:38:35'),
(302, 5, 15, 1, '2026-03-31 21:38:35', '2026-03-31 21:38:35'),
(303, 14, 15, 0, '2026-03-31 21:38:35', '2026-03-31 21:38:35'),
(304, 1, 15, 0, '2026-03-31 21:38:35', '2026-03-31 21:38:35'),
(305, 3, 15, 0, '2026-03-31 21:38:35', '2026-03-31 21:38:35'),
(327, 15, 16, 1, '2026-03-31 21:38:44', '2026-03-31 21:38:44'),
(328, 18, 16, 1, '2026-03-31 21:38:44', '2026-03-31 21:38:44'),
(329, 19, 16, 1, '2026-03-31 21:38:44', '2026-03-31 21:38:44'),
(330, 20, 16, 1, '2026-03-31 21:38:44', '2026-03-31 21:38:44'),
(331, 21, 16, 1, '2026-03-31 21:38:44', '2026-03-31 21:38:44'),
(332, 22, 16, 1, '2026-03-31 21:38:44', '2026-03-31 21:38:44'),
(333, 16, 16, 1, '2026-03-31 21:38:44', '2026-03-31 21:38:44'),
(334, 17, 16, 1, '2026-03-31 21:38:44', '2026-03-31 21:38:44'),
(335, 4, 16, 1, '2026-03-31 21:38:44', '2026-03-31 21:38:44'),
(336, 2, 16, 1, '2026-03-31 21:38:44', '2026-03-31 21:38:44'),
(337, 5, 16, 1, '2026-03-31 21:38:44', '2026-03-31 21:38:44'),
(338, 14, 16, 1, '2026-03-31 21:38:44', '2026-03-31 21:38:44'),
(339, 1, 16, 1, '2026-03-31 21:38:44', '2026-03-31 21:38:44'),
(340, 3, 16, 1, '2026-03-31 21:38:44', '2026-03-31 21:38:44'),
(341, 15, 17, 1, '2026-03-31 21:38:44', '2026-03-31 21:38:44'),
(342, 18, 17, 1, '2026-03-31 21:38:44', '2026-03-31 21:38:44'),
(343, 19, 17, 1, '2026-03-31 21:38:44', '2026-03-31 21:38:44'),
(344, 20, 17, 1, '2026-03-31 21:38:44', '2026-03-31 21:38:44'),
(345, 21, 17, 1, '2026-03-31 21:38:44', '2026-03-31 21:38:44'),
(346, 22, 17, 1, '2026-03-31 21:38:44', '2026-03-31 21:38:44'),
(347, 16, 17, 1, '2026-03-31 21:38:44', '2026-03-31 21:38:44'),
(348, 17, 17, 1, '2026-03-31 21:38:44', '2026-03-31 21:38:44'),
(349, 4, 17, 1, '2026-03-31 21:38:44', '2026-03-31 21:38:44'),
(350, 2, 17, 1, '2026-03-31 21:38:44', '2026-03-31 21:38:44'),
(351, 5, 17, 1, '2026-03-31 21:38:44', '2026-03-31 21:38:44'),
(352, 14, 17, 1, '2026-03-31 21:38:44', '2026-03-31 21:38:44'),
(353, 1, 17, 1, '2026-03-31 21:38:44', '2026-03-31 21:38:44'),
(354, 3, 17, 1, '2026-03-31 21:38:44', '2026-03-31 21:38:44'),
(355, 15, 18, 0, '2026-03-31 21:38:44', '2026-03-31 21:38:44'),
(356, 18, 18, 0, '2026-03-31 21:38:44', '2026-03-31 21:38:44'),
(357, 19, 18, 0, '2026-03-31 21:38:44', '2026-03-31 21:38:44'),
(358, 20, 18, 0, '2026-03-31 21:38:44', '2026-03-31 21:38:44'),
(359, 21, 18, 0, '2026-03-31 21:38:44', '2026-03-31 21:38:44'),
(360, 22, 18, 0, '2026-03-31 21:38:44', '2026-03-31 21:38:44'),
(361, 16, 18, 0, '2026-03-31 21:38:44', '2026-03-31 21:38:44'),
(362, 17, 18, 0, '2026-03-31 21:38:44', '2026-03-31 21:38:44'),
(363, 4, 18, 0, '2026-03-31 21:38:44', '2026-03-31 21:38:44'),
(364, 2, 18, 1, '2026-03-31 21:38:44', '2026-03-31 21:38:44'),
(365, 5, 18, 1, '2026-03-31 21:38:44', '2026-03-31 21:38:44'),
(366, 14, 18, 0, '2026-03-31 21:38:44', '2026-03-31 21:38:44'),
(367, 1, 18, 0, '2026-03-31 21:38:44', '2026-03-31 21:38:44'),
(368, 3, 18, 0, '2026-03-31 21:38:44', '2026-03-31 21:38:44'),
(390, 15, 19, 1, '2026-03-31 21:38:46', '2026-03-31 21:38:46'),
(391, 18, 19, 1, '2026-03-31 21:38:46', '2026-03-31 21:38:46'),
(392, 19, 19, 1, '2026-03-31 21:38:46', '2026-03-31 21:38:46'),
(393, 20, 19, 1, '2026-03-31 21:38:46', '2026-03-31 21:38:46'),
(394, 21, 19, 1, '2026-03-31 21:38:46', '2026-03-31 21:38:46'),
(395, 22, 19, 1, '2026-03-31 21:38:46', '2026-03-31 21:38:46'),
(396, 16, 19, 1, '2026-03-31 21:38:46', '2026-03-31 21:38:46'),
(397, 17, 19, 1, '2026-03-31 21:38:46', '2026-03-31 21:38:46'),
(398, 4, 19, 1, '2026-03-31 21:38:46', '2026-03-31 21:38:46'),
(399, 2, 19, 1, '2026-03-31 21:38:46', '2026-03-31 21:38:46'),
(400, 5, 19, 1, '2026-03-31 21:38:46', '2026-03-31 21:38:46'),
(401, 14, 19, 1, '2026-03-31 21:38:46', '2026-03-31 21:38:46'),
(402, 1, 19, 1, '2026-03-31 21:38:46', '2026-03-31 21:38:46'),
(403, 3, 19, 1, '2026-03-31 21:38:46', '2026-03-31 21:38:46'),
(404, 15, 20, 1, '2026-03-31 21:38:46', '2026-03-31 21:38:46'),
(405, 18, 20, 1, '2026-03-31 21:38:46', '2026-03-31 21:38:46'),
(406, 19, 20, 1, '2026-03-31 21:38:46', '2026-03-31 21:38:46'),
(407, 20, 20, 1, '2026-03-31 21:38:46', '2026-03-31 21:38:46'),
(408, 21, 20, 1, '2026-03-31 21:38:46', '2026-03-31 21:38:46'),
(409, 22, 20, 1, '2026-03-31 21:38:46', '2026-03-31 21:38:46'),
(410, 16, 20, 1, '2026-03-31 21:38:46', '2026-03-31 21:38:46'),
(411, 17, 20, 1, '2026-03-31 21:38:46', '2026-03-31 21:38:46'),
(412, 4, 20, 1, '2026-03-31 21:38:46', '2026-03-31 21:38:46'),
(413, 2, 20, 1, '2026-03-31 21:38:46', '2026-03-31 21:38:46'),
(414, 5, 20, 1, '2026-03-31 21:38:46', '2026-03-31 21:38:46'),
(415, 14, 20, 1, '2026-03-31 21:38:46', '2026-03-31 21:38:46'),
(416, 1, 20, 1, '2026-03-31 21:38:46', '2026-03-31 21:38:46'),
(417, 3, 20, 1, '2026-03-31 21:38:46', '2026-03-31 21:38:46'),
(418, 15, 21, 0, '2026-03-31 21:38:46', '2026-03-31 21:38:46'),
(419, 18, 21, 0, '2026-03-31 21:38:46', '2026-03-31 21:38:46'),
(420, 19, 21, 0, '2026-03-31 21:38:46', '2026-03-31 21:38:46'),
(421, 20, 21, 0, '2026-03-31 21:38:46', '2026-03-31 21:38:46'),
(422, 21, 21, 0, '2026-03-31 21:38:46', '2026-03-31 21:38:46'),
(423, 22, 21, 0, '2026-03-31 21:38:46', '2026-03-31 21:38:46'),
(424, 16, 21, 0, '2026-03-31 21:38:46', '2026-03-31 21:38:46'),
(425, 17, 21, 0, '2026-03-31 21:38:46', '2026-03-31 21:38:46'),
(426, 4, 21, 0, '2026-03-31 21:38:46', '2026-03-31 21:38:46'),
(427, 2, 21, 1, '2026-03-31 21:38:46', '2026-03-31 21:38:46'),
(428, 5, 21, 1, '2026-03-31 21:38:46', '2026-03-31 21:38:46'),
(429, 14, 21, 0, '2026-03-31 21:38:46', '2026-03-31 21:38:46'),
(430, 1, 21, 0, '2026-03-31 21:38:46', '2026-03-31 21:38:46'),
(431, 3, 21, 0, '2026-03-31 21:38:46', '2026-03-31 21:38:46'),
(453, 15, 22, 1, '2026-03-31 21:40:06', '2026-03-31 21:40:06'),
(454, 18, 22, 1, '2026-03-31 21:40:06', '2026-03-31 21:40:06'),
(455, 19, 22, 1, '2026-03-31 21:40:06', '2026-03-31 21:40:06'),
(456, 20, 22, 1, '2026-03-31 21:40:06', '2026-03-31 21:40:06'),
(457, 21, 22, 1, '2026-03-31 21:40:06', '2026-03-31 21:40:06'),
(458, 22, 22, 1, '2026-03-31 21:40:06', '2026-03-31 21:40:06'),
(459, 16, 22, 1, '2026-03-31 21:40:06', '2026-03-31 21:40:06'),
(460, 17, 22, 1, '2026-03-31 21:40:06', '2026-03-31 21:40:06'),
(461, 4, 22, 1, '2026-03-31 21:40:06', '2026-03-31 21:40:06'),
(462, 2, 22, 1, '2026-03-31 21:40:06', '2026-03-31 21:40:06'),
(463, 5, 22, 1, '2026-03-31 21:40:06', '2026-03-31 21:40:06'),
(464, 14, 22, 1, '2026-03-31 21:40:06', '2026-03-31 21:40:06'),
(465, 1, 22, 1, '2026-03-31 21:40:06', '2026-03-31 21:40:06'),
(466, 3, 22, 1, '2026-03-31 21:40:06', '2026-03-31 21:40:06'),
(467, 15, 23, 1, '2026-03-31 21:40:06', '2026-03-31 21:40:06'),
(468, 18, 23, 1, '2026-03-31 21:40:06', '2026-03-31 21:40:06'),
(469, 19, 23, 1, '2026-03-31 21:40:06', '2026-03-31 21:40:06'),
(470, 20, 23, 1, '2026-03-31 21:40:06', '2026-03-31 21:40:06'),
(471, 21, 23, 1, '2026-03-31 21:40:06', '2026-03-31 21:40:06'),
(472, 22, 23, 1, '2026-03-31 21:40:06', '2026-03-31 21:40:06'),
(473, 16, 23, 1, '2026-03-31 21:40:06', '2026-03-31 21:40:06'),
(474, 17, 23, 1, '2026-03-31 21:40:06', '2026-03-31 21:40:06'),
(475, 4, 23, 1, '2026-03-31 21:40:06', '2026-03-31 21:40:06'),
(476, 2, 23, 1, '2026-03-31 21:40:06', '2026-03-31 21:40:06'),
(477, 5, 23, 1, '2026-03-31 21:40:06', '2026-03-31 21:40:06'),
(478, 14, 23, 1, '2026-03-31 21:40:06', '2026-03-31 21:40:06'),
(479, 1, 23, 1, '2026-03-31 21:40:06', '2026-03-31 21:40:06'),
(480, 3, 23, 1, '2026-03-31 21:40:06', '2026-03-31 21:40:06'),
(481, 15, 24, 0, '2026-03-31 21:40:06', '2026-03-31 21:40:06'),
(482, 18, 24, 0, '2026-03-31 21:40:06', '2026-03-31 21:40:06'),
(483, 19, 24, 0, '2026-03-31 21:40:06', '2026-03-31 21:40:06'),
(484, 20, 24, 0, '2026-03-31 21:40:06', '2026-03-31 21:40:06'),
(485, 21, 24, 0, '2026-03-31 21:40:06', '2026-03-31 21:40:06'),
(486, 22, 24, 0, '2026-03-31 21:40:06', '2026-03-31 21:40:06'),
(487, 16, 24, 0, '2026-03-31 21:40:06', '2026-03-31 21:40:06'),
(488, 17, 24, 0, '2026-03-31 21:40:06', '2026-03-31 21:40:06'),
(489, 4, 24, 0, '2026-03-31 21:40:06', '2026-03-31 21:40:06'),
(490, 2, 24, 1, '2026-03-31 21:40:06', '2026-03-31 21:40:06'),
(491, 5, 24, 1, '2026-03-31 21:40:06', '2026-03-31 21:40:06'),
(492, 14, 24, 0, '2026-03-31 21:40:06', '2026-03-31 21:40:06'),
(493, 1, 24, 0, '2026-03-31 21:40:06', '2026-03-31 21:40:06'),
(494, 3, 24, 0, '2026-03-31 21:40:06', '2026-03-31 21:40:06'),
(516, 15, 25, 1, '2026-03-31 21:40:25', '2026-03-31 21:40:25'),
(517, 18, 25, 1, '2026-03-31 21:40:25', '2026-03-31 21:40:25'),
(518, 19, 25, 1, '2026-03-31 21:40:25', '2026-03-31 21:40:25'),
(519, 20, 25, 1, '2026-03-31 21:40:25', '2026-03-31 21:40:25'),
(520, 21, 25, 1, '2026-03-31 21:40:25', '2026-03-31 21:40:25'),
(521, 22, 25, 1, '2026-03-31 21:40:25', '2026-03-31 21:40:25'),
(522, 16, 25, 1, '2026-03-31 21:40:25', '2026-03-31 21:40:25'),
(523, 17, 25, 1, '2026-03-31 21:40:25', '2026-03-31 21:40:25'),
(524, 4, 25, 1, '2026-03-31 21:40:25', '2026-03-31 21:40:25'),
(525, 2, 25, 1, '2026-03-31 21:40:25', '2026-03-31 21:40:25'),
(526, 5, 25, 1, '2026-03-31 21:40:25', '2026-03-31 21:40:25'),
(527, 14, 25, 1, '2026-03-31 21:40:25', '2026-03-31 21:40:25'),
(528, 1, 25, 1, '2026-03-31 21:40:25', '2026-03-31 21:40:25'),
(529, 3, 25, 1, '2026-03-31 21:40:25', '2026-03-31 21:40:25'),
(530, 15, 26, 1, '2026-03-31 21:40:25', '2026-03-31 21:40:25'),
(531, 18, 26, 1, '2026-03-31 21:40:25', '2026-03-31 21:40:25'),
(532, 19, 26, 1, '2026-03-31 21:40:25', '2026-03-31 21:40:25'),
(533, 20, 26, 1, '2026-03-31 21:40:25', '2026-03-31 21:40:25'),
(534, 21, 26, 1, '2026-03-31 21:40:25', '2026-03-31 21:40:25'),
(535, 22, 26, 1, '2026-03-31 21:40:25', '2026-03-31 21:40:25'),
(536, 16, 26, 1, '2026-03-31 21:40:25', '2026-03-31 21:40:25'),
(537, 17, 26, 1, '2026-03-31 21:40:25', '2026-03-31 21:40:25'),
(538, 4, 26, 1, '2026-03-31 21:40:25', '2026-03-31 21:40:25'),
(539, 2, 26, 1, '2026-03-31 21:40:25', '2026-03-31 21:40:25'),
(540, 5, 26, 1, '2026-03-31 21:40:25', '2026-03-31 21:40:25'),
(541, 14, 26, 1, '2026-03-31 21:40:25', '2026-03-31 21:40:25'),
(542, 1, 26, 1, '2026-03-31 21:40:25', '2026-03-31 21:40:25'),
(543, 3, 26, 1, '2026-03-31 21:40:25', '2026-03-31 21:40:25'),
(544, 15, 27, 0, '2026-03-31 21:40:25', '2026-03-31 21:40:25'),
(545, 18, 27, 0, '2026-03-31 21:40:25', '2026-03-31 21:40:25'),
(546, 19, 27, 0, '2026-03-31 21:40:25', '2026-03-31 21:40:25'),
(547, 20, 27, 0, '2026-03-31 21:40:25', '2026-03-31 21:40:25'),
(548, 21, 27, 0, '2026-03-31 21:40:25', '2026-03-31 21:40:25'),
(549, 22, 27, 0, '2026-03-31 21:40:25', '2026-03-31 21:40:25'),
(550, 16, 27, 0, '2026-03-31 21:40:25', '2026-03-31 21:40:25'),
(551, 17, 27, 0, '2026-03-31 21:40:25', '2026-03-31 21:40:25'),
(552, 4, 27, 0, '2026-03-31 21:40:25', '2026-03-31 21:40:25'),
(553, 2, 27, 1, '2026-03-31 21:40:25', '2026-03-31 21:40:25'),
(554, 5, 27, 1, '2026-03-31 21:40:25', '2026-03-31 21:40:25'),
(555, 14, 27, 0, '2026-03-31 21:40:25', '2026-03-31 21:40:25'),
(556, 1, 27, 0, '2026-03-31 21:40:25', '2026-03-31 21:40:25'),
(557, 3, 27, 0, '2026-03-31 21:40:25', '2026-03-31 21:40:25'),
(579, 15, 28, 1, '2026-03-31 21:41:10', '2026-03-31 21:41:10'),
(580, 15, 29, 1, '2026-03-31 21:41:10', '2026-03-31 21:41:10'),
(581, 15, 30, 0, '2026-03-31 21:41:10', '2026-03-31 21:41:10'),
(582, 18, 28, 1, '2026-03-31 21:41:10', '2026-03-31 21:41:10'),
(583, 18, 29, 1, '2026-03-31 21:41:10', '2026-03-31 21:41:10'),
(584, 18, 30, 0, '2026-03-31 21:41:10', '2026-03-31 21:41:10'),
(585, 19, 28, 1, '2026-03-31 21:41:10', '2026-03-31 21:41:10'),
(586, 19, 29, 1, '2026-03-31 21:41:10', '2026-03-31 21:41:10'),
(587, 19, 30, 0, '2026-03-31 21:41:10', '2026-03-31 21:41:10'),
(588, 20, 28, 1, '2026-03-31 21:41:10', '2026-03-31 21:41:10'),
(589, 20, 29, 1, '2026-03-31 21:41:10', '2026-03-31 21:41:10'),
(590, 20, 30, 0, '2026-03-31 21:41:10', '2026-03-31 21:41:10'),
(591, 21, 28, 1, '2026-03-31 21:41:10', '2026-03-31 21:41:10'),
(592, 21, 29, 1, '2026-03-31 21:41:10', '2026-03-31 21:41:10'),
(593, 21, 30, 0, '2026-03-31 21:41:10', '2026-03-31 21:41:10'),
(594, 22, 28, 1, '2026-03-31 21:41:10', '2026-03-31 21:41:10'),
(595, 22, 29, 1, '2026-03-31 21:41:10', '2026-03-31 21:41:10'),
(596, 22, 30, 0, '2026-03-31 21:41:10', '2026-03-31 21:41:10'),
(597, 16, 28, 1, '2026-03-31 21:41:10', '2026-03-31 21:41:10'),
(598, 16, 29, 1, '2026-03-31 21:41:10', '2026-03-31 21:41:10'),
(599, 16, 30, 0, '2026-03-31 21:41:10', '2026-03-31 21:41:10'),
(600, 17, 28, 1, '2026-03-31 21:41:10', '2026-03-31 21:41:10'),
(601, 17, 29, 1, '2026-03-31 21:41:10', '2026-03-31 21:41:10'),
(602, 17, 30, 0, '2026-03-31 21:41:10', '2026-03-31 21:41:10'),
(603, 4, 28, 1, '2026-03-31 21:41:10', '2026-03-31 21:41:10'),
(604, 4, 29, 1, '2026-03-31 21:41:10', '2026-03-31 21:41:10'),
(605, 4, 30, 0, '2026-03-31 21:41:10', '2026-03-31 21:41:10'),
(606, 2, 28, 1, '2026-03-31 21:41:10', '2026-03-31 21:41:10'),
(607, 2, 29, 1, '2026-03-31 21:41:10', '2026-03-31 21:41:10'),
(608, 2, 30, 1, '2026-03-31 21:41:10', '2026-03-31 21:41:10'),
(609, 5, 28, 1, '2026-03-31 21:41:10', '2026-03-31 21:41:10'),
(610, 5, 29, 1, '2026-03-31 21:41:10', '2026-03-31 21:41:10'),
(611, 5, 30, 1, '2026-03-31 21:41:10', '2026-03-31 21:41:10'),
(612, 14, 28, 1, '2026-03-31 21:41:10', '2026-03-31 21:41:10'),
(613, 14, 29, 1, '2026-03-31 21:41:10', '2026-03-31 21:41:10'),
(614, 14, 30, 0, '2026-03-31 21:41:10', '2026-03-31 21:41:10'),
(615, 1, 28, 1, '2026-03-31 21:41:10', '2026-03-31 21:41:10'),
(616, 1, 29, 1, '2026-03-31 21:41:10', '2026-03-31 21:41:10'),
(617, 1, 30, 0, '2026-03-31 21:41:10', '2026-03-31 21:41:10'),
(618, 3, 28, 1, '2026-03-31 21:41:10', '2026-03-31 21:41:10'),
(619, 3, 29, 1, '2026-03-31 21:41:10', '2026-03-31 21:41:10'),
(620, 3, 30, 0, '2026-03-31 21:41:10', '2026-03-31 21:41:10'),
(642, 15, 31, 1, '2026-03-31 21:41:20', '2026-03-31 21:41:20'),
(643, 15, 32, 1, '2026-03-31 21:41:20', '2026-03-31 21:41:20'),
(644, 15, 33, 0, '2026-03-31 21:41:20', '2026-03-31 21:41:20'),
(645, 18, 31, 1, '2026-03-31 21:41:20', '2026-03-31 21:41:20'),
(646, 18, 32, 1, '2026-03-31 21:41:20', '2026-03-31 21:41:20'),
(647, 18, 33, 0, '2026-03-31 21:41:20', '2026-03-31 21:41:20'),
(648, 19, 31, 1, '2026-03-31 21:41:20', '2026-03-31 21:41:20'),
(649, 19, 32, 1, '2026-03-31 21:41:20', '2026-03-31 21:41:20'),
(650, 19, 33, 0, '2026-03-31 21:41:20', '2026-03-31 21:41:20'),
(651, 20, 31, 1, '2026-03-31 21:41:20', '2026-03-31 21:41:20'),
(652, 20, 32, 1, '2026-03-31 21:41:20', '2026-03-31 21:41:20'),
(653, 20, 33, 0, '2026-03-31 21:41:20', '2026-03-31 21:41:20'),
(654, 21, 31, 1, '2026-03-31 21:41:20', '2026-03-31 21:41:20'),
(655, 21, 32, 1, '2026-03-31 21:41:20', '2026-03-31 21:41:20'),
(656, 21, 33, 0, '2026-03-31 21:41:20', '2026-03-31 21:41:20'),
(657, 22, 31, 1, '2026-03-31 21:41:20', '2026-03-31 21:41:20'),
(658, 22, 32, 1, '2026-03-31 21:41:20', '2026-03-31 21:41:20'),
(659, 22, 33, 0, '2026-03-31 21:41:20', '2026-03-31 21:41:20'),
(660, 16, 31, 1, '2026-03-31 21:41:20', '2026-03-31 21:41:20'),
(661, 16, 32, 1, '2026-03-31 21:41:20', '2026-03-31 21:41:20'),
(662, 16, 33, 0, '2026-03-31 21:41:20', '2026-03-31 21:41:20'),
(663, 17, 31, 1, '2026-03-31 21:41:20', '2026-03-31 21:41:20'),
(664, 17, 32, 1, '2026-03-31 21:41:20', '2026-03-31 21:41:20'),
(665, 17, 33, 0, '2026-03-31 21:41:20', '2026-03-31 21:41:20'),
(666, 4, 31, 1, '2026-03-31 21:41:20', '2026-03-31 21:41:20'),
(667, 4, 32, 1, '2026-03-31 21:41:20', '2026-03-31 21:41:20'),
(668, 4, 33, 0, '2026-03-31 21:41:20', '2026-03-31 21:41:20'),
(669, 2, 31, 1, '2026-03-31 21:41:20', '2026-03-31 21:41:20'),
(670, 2, 32, 1, '2026-03-31 21:41:20', '2026-03-31 21:41:20'),
(671, 2, 33, 1, '2026-03-31 21:41:20', '2026-03-31 21:41:20'),
(672, 5, 31, 1, '2026-03-31 21:41:20', '2026-03-31 21:41:20'),
(673, 5, 32, 1, '2026-03-31 21:41:20', '2026-03-31 21:41:20'),
(674, 5, 33, 1, '2026-03-31 21:41:20', '2026-03-31 21:41:20'),
(675, 14, 31, 1, '2026-03-31 21:41:20', '2026-03-31 21:41:20'),
(676, 14, 32, 1, '2026-03-31 21:41:20', '2026-03-31 21:41:20'),
(677, 14, 33, 0, '2026-03-31 21:41:20', '2026-03-31 21:41:20'),
(678, 1, 31, 1, '2026-03-31 21:41:20', '2026-03-31 21:41:20'),
(679, 1, 32, 1, '2026-03-31 21:41:20', '2026-03-31 21:41:20'),
(680, 1, 33, 0, '2026-03-31 21:41:20', '2026-03-31 21:41:20'),
(681, 3, 31, 1, '2026-03-31 21:41:20', '2026-03-31 21:41:20'),
(682, 3, 32, 1, '2026-03-31 21:41:20', '2026-03-31 21:41:20'),
(683, 3, 33, 0, '2026-03-31 21:41:20', '2026-03-31 21:41:20'),
(705, 15, 34, 1, '2026-03-31 21:41:22', '2026-03-31 21:41:22'),
(706, 15, 35, 1, '2026-03-31 21:41:22', '2026-03-31 21:41:22'),
(707, 15, 36, 0, '2026-03-31 21:41:22', '2026-03-31 21:41:22'),
(708, 18, 34, 1, '2026-03-31 21:41:22', '2026-03-31 21:41:22'),
(709, 18, 35, 1, '2026-03-31 21:41:22', '2026-03-31 21:41:22'),
(710, 18, 36, 0, '2026-03-31 21:41:22', '2026-03-31 21:41:22'),
(711, 19, 34, 1, '2026-03-31 21:41:22', '2026-03-31 21:41:22'),
(712, 19, 35, 1, '2026-03-31 21:41:22', '2026-03-31 21:41:22'),
(713, 19, 36, 0, '2026-03-31 21:41:22', '2026-03-31 21:41:22'),
(714, 20, 34, 1, '2026-03-31 21:41:22', '2026-03-31 21:41:22'),
(715, 20, 35, 1, '2026-03-31 21:41:22', '2026-03-31 21:41:22'),
(716, 20, 36, 0, '2026-03-31 21:41:22', '2026-03-31 21:41:22'),
(717, 21, 34, 1, '2026-03-31 21:41:22', '2026-03-31 21:41:22'),
(718, 21, 35, 1, '2026-03-31 21:41:22', '2026-03-31 21:41:22'),
(719, 21, 36, 0, '2026-03-31 21:41:22', '2026-03-31 21:41:22'),
(720, 22, 34, 1, '2026-03-31 21:41:22', '2026-03-31 21:41:22'),
(721, 22, 35, 1, '2026-03-31 21:41:22', '2026-03-31 21:41:22'),
(722, 22, 36, 0, '2026-03-31 21:41:22', '2026-03-31 21:41:22'),
(723, 16, 34, 1, '2026-03-31 21:41:22', '2026-03-31 21:41:22'),
(724, 16, 35, 1, '2026-03-31 21:41:22', '2026-03-31 21:41:22'),
(725, 16, 36, 0, '2026-03-31 21:41:22', '2026-03-31 21:41:22'),
(726, 17, 34, 1, '2026-03-31 21:41:22', '2026-03-31 21:41:22'),
(727, 17, 35, 1, '2026-03-31 21:41:22', '2026-03-31 21:41:22'),
(728, 17, 36, 0, '2026-03-31 21:41:22', '2026-03-31 21:41:22'),
(729, 4, 34, 1, '2026-03-31 21:41:22', '2026-03-31 21:41:22'),
(730, 4, 35, 1, '2026-03-31 21:41:22', '2026-03-31 21:41:22'),
(731, 4, 36, 0, '2026-03-31 21:41:22', '2026-03-31 21:41:22'),
(732, 2, 34, 1, '2026-03-31 21:41:22', '2026-03-31 21:41:22'),
(733, 2, 35, 1, '2026-03-31 21:41:22', '2026-03-31 21:41:22'),
(734, 2, 36, 1, '2026-03-31 21:41:22', '2026-03-31 21:41:22'),
(735, 5, 34, 1, '2026-03-31 21:41:22', '2026-03-31 21:41:22'),
(736, 5, 35, 1, '2026-03-31 21:41:22', '2026-03-31 21:41:22'),
(737, 5, 36, 1, '2026-03-31 21:41:22', '2026-03-31 21:41:22'),
(738, 14, 34, 1, '2026-03-31 21:41:22', '2026-03-31 21:41:22'),
(739, 14, 35, 1, '2026-03-31 21:41:22', '2026-03-31 21:41:22'),
(740, 14, 36, 0, '2026-03-31 21:41:22', '2026-03-31 21:41:22'),
(741, 1, 34, 1, '2026-03-31 21:41:22', '2026-03-31 21:41:22'),
(742, 1, 35, 1, '2026-03-31 21:41:22', '2026-03-31 21:41:22'),
(743, 1, 36, 0, '2026-03-31 21:41:22', '2026-03-31 21:41:22'),
(744, 3, 34, 1, '2026-03-31 21:41:22', '2026-03-31 21:41:22'),
(745, 3, 35, 1, '2026-03-31 21:41:22', '2026-03-31 21:41:22'),
(746, 3, 36, 0, '2026-03-31 21:41:22', '2026-03-31 21:41:22'),
(768, 15, 37, 1, '2026-03-31 21:42:58', '2026-03-31 21:42:58'),
(769, 18, 37, 1, '2026-03-31 21:42:58', '2026-03-31 21:42:58'),
(770, 19, 37, 1, '2026-03-31 21:42:58', '2026-03-31 21:42:58'),
(771, 20, 37, 1, '2026-03-31 21:42:58', '2026-03-31 21:42:58'),
(772, 21, 37, 1, '2026-03-31 21:42:58', '2026-03-31 21:42:58'),
(773, 22, 37, 1, '2026-03-31 21:42:58', '2026-03-31 21:42:58'),
(774, 16, 37, 1, '2026-03-31 21:42:58', '2026-03-31 21:42:58'),
(775, 17, 37, 1, '2026-03-31 21:42:58', '2026-03-31 21:42:58'),
(776, 4, 37, 1, '2026-03-31 21:42:58', '2026-03-31 21:42:58'),
(777, 2, 37, 1, '2026-03-31 21:42:58', '2026-03-31 21:42:58'),
(778, 5, 37, 1, '2026-03-31 21:42:58', '2026-03-31 21:42:58'),
(779, 14, 37, 1, '2026-03-31 21:42:58', '2026-03-31 21:42:58'),
(780, 1, 37, 1, '2026-03-31 21:42:58', '2026-03-31 21:42:58'),
(781, 3, 37, 1, '2026-03-31 21:42:58', '2026-03-31 21:42:58'),
(782, 15, 38, 1, '2026-03-31 21:42:58', '2026-03-31 21:42:58'),
(783, 18, 38, 1, '2026-03-31 21:42:58', '2026-03-31 21:42:58'),
(784, 19, 38, 1, '2026-03-31 21:42:58', '2026-03-31 21:42:58'),
(785, 20, 38, 1, '2026-03-31 21:42:58', '2026-03-31 21:42:58'),
(786, 21, 38, 1, '2026-03-31 21:42:58', '2026-03-31 21:42:58'),
(787, 22, 38, 1, '2026-03-31 21:42:58', '2026-03-31 21:42:58'),
(788, 16, 38, 1, '2026-03-31 21:42:58', '2026-03-31 21:42:58'),
(789, 17, 38, 1, '2026-03-31 21:42:58', '2026-03-31 21:42:58'),
(790, 4, 38, 1, '2026-03-31 21:42:58', '2026-03-31 21:42:58'),
(791, 2, 38, 1, '2026-03-31 21:42:58', '2026-03-31 21:42:58'),
(792, 5, 38, 1, '2026-03-31 21:42:58', '2026-03-31 21:42:58'),
(793, 14, 38, 1, '2026-03-31 21:42:58', '2026-03-31 21:42:58'),
(794, 1, 38, 1, '2026-03-31 21:42:58', '2026-03-31 21:42:58'),
(795, 3, 38, 1, '2026-03-31 21:42:58', '2026-03-31 21:42:58'),
(796, 15, 39, 0, '2026-03-31 21:42:58', '2026-03-31 21:42:58'),
(797, 18, 39, 0, '2026-03-31 21:42:58', '2026-03-31 21:42:58'),
(798, 19, 39, 0, '2026-03-31 21:42:58', '2026-03-31 21:42:58'),
(799, 20, 39, 0, '2026-03-31 21:42:58', '2026-03-31 21:42:58'),
(800, 21, 39, 0, '2026-03-31 21:42:58', '2026-03-31 21:42:58'),
(801, 22, 39, 0, '2026-03-31 21:42:58', '2026-03-31 21:42:58'),
(802, 16, 39, 0, '2026-03-31 21:42:58', '2026-03-31 21:42:58'),
(803, 17, 39, 0, '2026-03-31 21:42:58', '2026-03-31 21:42:58'),
(804, 4, 39, 0, '2026-03-31 21:42:58', '2026-03-31 21:42:58'),
(805, 2, 39, 1, '2026-03-31 21:42:58', '2026-03-31 21:42:58'),
(806, 5, 39, 1, '2026-03-31 21:42:58', '2026-03-31 21:42:58'),
(807, 14, 39, 0, '2026-03-31 21:42:58', '2026-03-31 21:42:58'),
(808, 1, 39, 0, '2026-03-31 21:42:58', '2026-03-31 21:42:58'),
(809, 3, 39, 0, '2026-03-31 21:42:58', '2026-03-31 21:42:58');

-- --------------------------------------------------------

--
-- Estructura de tabla para la tabla `usuario_menu_v`
--

CREATE TABLE `usuario_menu_v` (
  `id_usuario_menu` int(11) NOT NULL,
  `id_usuario` int(11) NOT NULL,
  `id_menu` int(11) NOT NULL,
  `permitido` tinyint(4) NOT NULL DEFAULT 1,
  `created_at` timestamp NOT NULL DEFAULT current_timestamp(),
  `updated_at` timestamp NOT NULL DEFAULT current_timestamp()
) ENGINE=InnoDB DEFAULT CHARSET=utf8mb4 COLLATE=utf8mb4_general_ci;

--
-- Volcado de datos para la tabla `usuario_menu_v`
--

INSERT INTO `usuario_menu_v` (`id_usuario_menu`, `id_usuario`, `id_menu`, `permitido`, `created_at`, `updated_at`) VALUES
(1, 4, 1, 1, '2026-03-11 04:01:48', '2026-03-11 04:01:48'),
(2, 4, 2, 1, '2026-03-11 04:01:48', '2026-03-11 04:01:48'),
(3, 4, 3, 0, '2026-03-11 04:01:48', '2026-03-11 04:01:48'),
(4, 2, 1, 1, '2026-03-11 04:01:48', '2026-03-11 04:01:48'),
(5, 2, 2, 1, '2026-03-11 04:01:48', '2026-03-11 04:01:48'),
(6, 2, 3, 1, '2026-03-11 04:01:48', '2026-03-11 04:01:48'),
(7, 15, 1, 1, '2026-03-31 19:45:21', '2026-03-31 19:45:21'),
(8, 15, 2, 1, '2026-03-31 19:45:21', '2026-03-31 19:45:21'),
(9, 15, 3, 0, '2026-03-31 19:45:21', '2026-03-31 19:45:21'),
(10, 15, 4, 1, '2026-03-31 19:45:21', '2026-03-31 19:45:21'),
(11, 15, 5, 1, '2026-03-31 19:45:21', '2026-03-31 19:45:21'),
(12, 15, 6, 0, '2026-03-31 19:45:21', '2026-03-31 19:45:21'),
(13, 18, 1, 1, '2026-03-31 19:45:21', '2026-03-31 19:45:21'),
(14, 18, 2, 1, '2026-03-31 19:45:21', '2026-03-31 19:45:21'),
(15, 18, 3, 0, '2026-03-31 19:45:21', '2026-03-31 19:45:21'),
(16, 18, 4, 1, '2026-03-31 19:45:21', '2026-03-31 19:45:21'),
(17, 18, 5, 1, '2026-03-31 19:45:21', '2026-03-31 19:45:21'),
(18, 18, 6, 0, '2026-03-31 19:45:21', '2026-03-31 19:45:21'),
(19, 19, 1, 1, '2026-03-31 19:45:21', '2026-03-31 19:45:21'),
(20, 19, 2, 1, '2026-03-31 19:45:21', '2026-03-31 19:45:21'),
(21, 19, 3, 0, '2026-03-31 19:45:21', '2026-03-31 19:45:21'),
(22, 19, 4, 1, '2026-03-31 19:45:21', '2026-03-31 19:45:21'),
(23, 19, 5, 1, '2026-03-31 19:45:21', '2026-03-31 19:45:21'),
(24, 19, 6, 0, '2026-03-31 19:45:21', '2026-03-31 19:45:21'),
(25, 20, 1, 1, '2026-03-31 19:45:21', '2026-03-31 19:45:21'),
(26, 20, 2, 1, '2026-03-31 19:45:21', '2026-03-31 19:45:21'),
(27, 20, 3, 0, '2026-03-31 19:45:21', '2026-03-31 19:45:21'),
(28, 20, 4, 1, '2026-03-31 19:45:21', '2026-03-31 19:45:21'),
(29, 20, 5, 1, '2026-03-31 19:45:21', '2026-03-31 19:45:21'),
(30, 20, 6, 0, '2026-03-31 19:45:21', '2026-03-31 19:45:21'),
(31, 21, 1, 1, '2026-03-31 19:45:21', '2026-03-31 19:45:21'),
(32, 21, 2, 1, '2026-03-31 19:45:21', '2026-03-31 19:45:21'),
(33, 21, 3, 0, '2026-03-31 19:45:21', '2026-03-31 19:45:21'),
(34, 21, 4, 1, '2026-03-31 19:45:21', '2026-03-31 19:45:21'),
(35, 21, 5, 1, '2026-03-31 19:45:21', '2026-03-31 19:45:21'),
(36, 21, 6, 0, '2026-03-31 19:45:21', '2026-03-31 19:45:21'),
(37, 22, 1, 1, '2026-03-31 19:45:21', '2026-03-31 19:45:21'),
(38, 22, 2, 1, '2026-03-31 19:45:21', '2026-03-31 19:45:21'),
(39, 22, 3, 0, '2026-03-31 19:45:21', '2026-03-31 19:45:21'),
(40, 22, 4, 1, '2026-03-31 19:45:21', '2026-03-31 19:45:21'),
(41, 22, 5, 1, '2026-03-31 19:45:21', '2026-03-31 19:45:21'),
(42, 22, 6, 0, '2026-03-31 19:45:21', '2026-03-31 19:45:21'),
(43, 16, 1, 1, '2026-03-31 19:45:21', '2026-03-31 19:45:21'),
(44, 16, 2, 1, '2026-03-31 19:45:21', '2026-03-31 19:45:21'),
(45, 16, 3, 0, '2026-03-31 19:45:21', '2026-03-31 19:45:21'),
(46, 16, 4, 1, '2026-03-31 19:45:21', '2026-03-31 19:45:21'),
(47, 16, 5, 1, '2026-03-31 19:45:21', '2026-03-31 19:45:21'),
(48, 16, 6, 0, '2026-03-31 19:45:21', '2026-03-31 19:45:21'),
(49, 17, 1, 1, '2026-03-31 19:45:21', '2026-03-31 19:45:21'),
(50, 17, 2, 1, '2026-03-31 19:45:21', '2026-03-31 19:45:21'),
(51, 17, 3, 0, '2026-03-31 19:45:21', '2026-03-31 19:45:21'),
(52, 17, 4, 1, '2026-03-31 19:45:21', '2026-03-31 19:45:21'),
(53, 17, 5, 1, '2026-03-31 19:45:21', '2026-03-31 19:45:21'),
(54, 17, 6, 0, '2026-03-31 19:45:21', '2026-03-31 19:45:21'),
(55, 4, 4, 1, '2026-03-31 19:45:21', '2026-03-31 19:45:21'),
(56, 4, 5, 1, '2026-03-31 19:45:21', '2026-03-31 19:45:21'),
(57, 4, 6, 0, '2026-03-31 19:45:21', '2026-03-31 19:45:21'),
(58, 2, 4, 1, '2026-03-31 19:45:21', '2026-03-31 19:45:21'),
(59, 2, 5, 1, '2026-03-31 19:45:21', '2026-03-31 19:45:21'),
(60, 2, 6, 1, '2026-03-31 19:45:21', '2026-03-31 19:45:21'),
(61, 5, 1, 1, '2026-03-31 19:45:21', '2026-03-31 19:45:21'),
(62, 5, 2, 1, '2026-03-31 19:45:21', '2026-03-31 19:45:21'),
(63, 5, 3, 1, '2026-03-31 19:45:21', '2026-03-31 19:45:21'),
(64, 5, 4, 1, '2026-03-31 19:45:21', '2026-03-31 19:45:21'),
(65, 5, 5, 1, '2026-03-31 19:45:21', '2026-03-31 19:45:21'),
(66, 5, 6, 1, '2026-03-31 19:45:21', '2026-03-31 19:45:21'),
(67, 14, 1, 1, '2026-03-31 19:45:21', '2026-03-31 19:45:21'),
(68, 14, 2, 1, '2026-03-31 19:45:21', '2026-03-31 19:45:21'),
(69, 14, 3, 0, '2026-03-31 19:45:21', '2026-03-31 19:45:21'),
(70, 14, 4, 1, '2026-03-31 19:45:21', '2026-03-31 19:45:21'),
(71, 14, 5, 1, '2026-03-31 19:45:21', '2026-03-31 19:45:21'),
(72, 14, 6, 0, '2026-03-31 19:45:21', '2026-03-31 19:45:21'),
(73, 1, 1, 1, '2026-03-31 19:45:21', '2026-03-31 19:45:21'),
(74, 1, 2, 1, '2026-03-31 19:45:21', '2026-03-31 19:45:21'),
(75, 1, 3, 0, '2026-03-31 19:45:21', '2026-03-31 19:45:21'),
(76, 1, 4, 1, '2026-03-31 19:45:21', '2026-03-31 19:45:21'),
(77, 1, 5, 1, '2026-03-31 19:45:21', '2026-03-31 19:45:21'),
(78, 1, 6, 0, '2026-03-31 19:45:21', '2026-03-31 19:45:21'),
(79, 3, 1, 1, '2026-03-31 19:45:21', '2026-03-31 19:45:21'),
(80, 3, 2, 1, '2026-03-31 19:45:21', '2026-03-31 19:45:21'),
(81, 3, 3, 0, '2026-03-31 19:45:21', '2026-03-31 19:45:21'),
(82, 3, 4, 1, '2026-03-31 19:45:21', '2026-03-31 19:45:21'),
(83, 3, 5, 1, '2026-03-31 19:45:21', '2026-03-31 19:45:21'),
(84, 3, 6, 0, '2026-03-31 19:45:21', '2026-03-31 19:45:21'),
(134, 15, 7, 1, '2026-03-31 19:49:59', '2026-03-31 19:49:59'),
(135, 15, 8, 1, '2026-03-31 19:49:59', '2026-03-31 19:49:59'),
(136, 15, 9, 0, '2026-03-31 19:49:59', '2026-03-31 19:49:59'),
(137, 18, 7, 1, '2026-03-31 19:49:59', '2026-03-31 19:49:59'),
(138, 18, 8, 1, '2026-03-31 19:49:59', '2026-03-31 19:49:59'),
(139, 18, 9, 0, '2026-03-31 19:49:59', '2026-03-31 19:49:59'),
(140, 19, 7, 1, '2026-03-31 19:49:59', '2026-03-31 19:49:59'),
(141, 19, 8, 1, '2026-03-31 19:49:59', '2026-03-31 19:49:59'),
(142, 19, 9, 0, '2026-03-31 19:49:59', '2026-03-31 19:49:59'),
(143, 20, 7, 1, '2026-03-31 19:49:59', '2026-03-31 19:49:59'),
(144, 20, 8, 1, '2026-03-31 19:49:59', '2026-03-31 19:49:59'),
(145, 20, 9, 0, '2026-03-31 19:49:59', '2026-03-31 19:49:59'),
(146, 21, 7, 1, '2026-03-31 19:49:59', '2026-03-31 19:49:59'),
(147, 21, 8, 1, '2026-03-31 19:49:59', '2026-03-31 19:49:59'),
(148, 21, 9, 0, '2026-03-31 19:49:59', '2026-03-31 19:49:59'),
(149, 22, 7, 1, '2026-03-31 19:49:59', '2026-03-31 19:49:59'),
(150, 22, 8, 1, '2026-03-31 19:49:59', '2026-03-31 19:49:59'),
(151, 22, 9, 0, '2026-03-31 19:49:59', '2026-03-31 19:49:59'),
(152, 16, 7, 1, '2026-03-31 19:49:59', '2026-03-31 19:49:59'),
(153, 16, 8, 1, '2026-03-31 19:49:59', '2026-03-31 19:49:59'),
(154, 16, 9, 0, '2026-03-31 19:49:59', '2026-03-31 19:49:59'),
(155, 17, 7, 1, '2026-03-31 19:49:59', '2026-03-31 19:49:59'),
(156, 17, 8, 1, '2026-03-31 19:49:59', '2026-03-31 19:49:59'),
(157, 17, 9, 0, '2026-03-31 19:49:59', '2026-03-31 19:49:59'),
(158, 4, 7, 1, '2026-03-31 19:49:59', '2026-03-31 19:49:59'),
(159, 4, 8, 1, '2026-03-31 19:49:59', '2026-03-31 19:49:59'),
(160, 4, 9, 0, '2026-03-31 19:49:59', '2026-03-31 19:49:59'),
(161, 2, 7, 1, '2026-03-31 19:49:59', '2026-03-31 19:49:59'),
(162, 2, 8, 1, '2026-03-31 19:49:59', '2026-03-31 19:49:59'),
(163, 2, 9, 1, '2026-03-31 19:49:59', '2026-03-31 19:49:59'),
(164, 5, 7, 1, '2026-03-31 19:49:59', '2026-03-31 19:49:59'),
(165, 5, 8, 1, '2026-03-31 19:49:59', '2026-03-31 19:49:59'),
(166, 5, 9, 1, '2026-03-31 19:49:59', '2026-03-31 19:49:59'),
(167, 14, 7, 1, '2026-03-31 19:49:59', '2026-03-31 19:49:59'),
(168, 14, 8, 1, '2026-03-31 19:49:59', '2026-03-31 19:49:59'),
(169, 14, 9, 0, '2026-03-31 19:49:59', '2026-03-31 19:49:59'),
(170, 1, 7, 1, '2026-03-31 19:49:59', '2026-03-31 19:49:59'),
(171, 1, 8, 1, '2026-03-31 19:49:59', '2026-03-31 19:49:59'),
(172, 1, 9, 0, '2026-03-31 19:49:59', '2026-03-31 19:49:59'),
(173, 3, 7, 1, '2026-03-31 19:49:59', '2026-03-31 19:49:59'),
(174, 3, 8, 1, '2026-03-31 19:49:59', '2026-03-31 19:49:59'),
(175, 3, 9, 0, '2026-03-31 19:49:59', '2026-03-31 19:49:59'),
(197, 15, 10, 1, '2026-03-31 19:51:37', '2026-03-31 19:51:37'),
(198, 15, 11, 1, '2026-03-31 19:51:37', '2026-03-31 19:51:37'),
(199, 15, 12, 0, '2026-03-31 19:51:37', '2026-03-31 19:51:37'),
(200, 18, 10, 1, '2026-03-31 19:51:37', '2026-03-31 19:51:37'),
(201, 18, 11, 1, '2026-03-31 19:51:37', '2026-03-31 19:51:37'),
(202, 18, 12, 0, '2026-03-31 19:51:37', '2026-03-31 19:51:37'),
(203, 19, 10, 1, '2026-03-31 19:51:37', '2026-03-31 19:51:37'),
(204, 19, 11, 1, '2026-03-31 19:51:37', '2026-03-31 19:51:37'),
(205, 19, 12, 0, '2026-03-31 19:51:37', '2026-03-31 19:51:37'),
(206, 20, 10, 1, '2026-03-31 19:51:37', '2026-03-31 19:51:37'),
(207, 20, 11, 1, '2026-03-31 19:51:37', '2026-03-31 19:51:37'),
(208, 20, 12, 0, '2026-03-31 19:51:37', '2026-03-31 19:51:37'),
(209, 21, 10, 1, '2026-03-31 19:51:37', '2026-03-31 19:51:37'),
(210, 21, 11, 1, '2026-03-31 19:51:37', '2026-03-31 19:51:37'),
(211, 21, 12, 0, '2026-03-31 19:51:37', '2026-03-31 19:51:37'),
(212, 22, 10, 1, '2026-03-31 19:51:37', '2026-03-31 19:51:37'),
(213, 22, 11, 1, '2026-03-31 19:51:37', '2026-03-31 19:51:37'),
(214, 22, 12, 0, '2026-03-31 19:51:37', '2026-03-31 19:51:37'),
(215, 16, 10, 1, '2026-03-31 19:51:37', '2026-03-31 19:51:37'),
(216, 16, 11, 1, '2026-03-31 19:51:37', '2026-03-31 19:51:37'),
(217, 16, 12, 0, '2026-03-31 19:51:37', '2026-03-31 19:51:37'),
(218, 17, 10, 1, '2026-03-31 19:51:37', '2026-03-31 19:51:37'),
(219, 17, 11, 1, '2026-03-31 19:51:37', '2026-03-31 19:51:37'),
(220, 17, 12, 0, '2026-03-31 19:51:37', '2026-03-31 19:51:37'),
(221, 4, 10, 1, '2026-03-31 19:51:37', '2026-03-31 19:51:37'),
(222, 4, 11, 1, '2026-03-31 19:51:37', '2026-03-31 19:51:37'),
(223, 4, 12, 0, '2026-03-31 19:51:37', '2026-03-31 19:51:37'),
(224, 2, 10, 1, '2026-03-31 19:51:37', '2026-03-31 19:51:37'),
(225, 2, 11, 1, '2026-03-31 19:51:37', '2026-03-31 19:51:37'),
(226, 2, 12, 1, '2026-03-31 19:51:37', '2026-03-31 19:51:37'),
(227, 5, 10, 1, '2026-03-31 19:51:37', '2026-03-31 19:51:37'),
(228, 5, 11, 1, '2026-03-31 19:51:37', '2026-03-31 19:51:37'),
(229, 5, 12, 1, '2026-03-31 19:51:37', '2026-03-31 19:51:37'),
(230, 14, 10, 1, '2026-03-31 19:51:37', '2026-03-31 19:51:37'),
(231, 14, 11, 1, '2026-03-31 19:51:37', '2026-03-31 19:51:37'),
(232, 14, 12, 0, '2026-03-31 19:51:37', '2026-03-31 19:51:37'),
(233, 1, 10, 1, '2026-03-31 19:51:37', '2026-03-31 19:51:37'),
(234, 1, 11, 1, '2026-03-31 19:51:37', '2026-03-31 19:51:37'),
(235, 1, 12, 0, '2026-03-31 19:51:37', '2026-03-31 19:51:37'),
(236, 3, 10, 1, '2026-03-31 19:51:37', '2026-03-31 19:51:37'),
(237, 3, 11, 1, '2026-03-31 19:51:37', '2026-03-31 19:51:37'),
(238, 3, 12, 0, '2026-03-31 19:51:37', '2026-03-31 19:51:37'),
(260, 15, 13, 1, '2026-03-31 19:52:40', '2026-03-31 19:52:40'),
(261, 18, 13, 1, '2026-03-31 19:52:40', '2026-03-31 19:52:40'),
(262, 19, 13, 1, '2026-03-31 19:52:40', '2026-03-31 19:52:40'),
(263, 20, 13, 1, '2026-03-31 19:52:40', '2026-03-31 19:52:40'),
(264, 21, 13, 1, '2026-03-31 19:52:40', '2026-03-31 19:52:40'),
(265, 22, 13, 1, '2026-03-31 19:52:40', '2026-03-31 19:52:40'),
(266, 16, 13, 1, '2026-03-31 19:52:40', '2026-03-31 19:52:40'),
(267, 17, 13, 1, '2026-03-31 19:52:40', '2026-03-31 19:52:40'),
(268, 4, 13, 1, '2026-03-31 19:52:40', '2026-03-31 19:52:40'),
(269, 2, 13, 1, '2026-03-31 19:52:40', '2026-03-31 19:52:40'),
(270, 5, 13, 1, '2026-03-31 19:52:40', '2026-03-31 19:52:40'),
(271, 14, 13, 1, '2026-03-31 19:52:40', '2026-03-31 19:52:40'),
(272, 1, 13, 1, '2026-03-31 19:52:40', '2026-03-31 19:52:40'),
(273, 3, 13, 1, '2026-03-31 19:52:40', '2026-03-31 19:52:40'),
(274, 15, 14, 1, '2026-03-31 19:52:40', '2026-03-31 19:52:40'),
(275, 18, 14, 1, '2026-03-31 19:52:40', '2026-03-31 19:52:40'),
(276, 19, 14, 1, '2026-03-31 19:52:40', '2026-03-31 19:52:40'),
(277, 20, 14, 1, '2026-03-31 19:52:40', '2026-03-31 19:52:40'),
(278, 21, 14, 1, '2026-03-31 19:52:40', '2026-03-31 19:52:40'),
(279, 22, 14, 1, '2026-03-31 19:52:40', '2026-03-31 19:52:40'),
(280, 16, 14, 1, '2026-03-31 19:52:40', '2026-03-31 19:52:40'),
(281, 17, 14, 1, '2026-03-31 19:52:40', '2026-03-31 19:52:40'),
(282, 4, 14, 1, '2026-03-31 19:52:40', '2026-03-31 19:52:40'),
(283, 2, 14, 1, '2026-03-31 19:52:40', '2026-03-31 19:52:40'),
(284, 5, 14, 1, '2026-03-31 19:52:40', '2026-03-31 19:52:40'),
(285, 14, 14, 1, '2026-03-31 19:52:40', '2026-03-31 19:52:40'),
(286, 1, 14, 1, '2026-03-31 19:52:40', '2026-03-31 19:52:40'),
(287, 3, 14, 1, '2026-03-31 19:52:40', '2026-03-31 19:52:40'),
(288, 15, 15, 0, '2026-03-31 19:52:40', '2026-03-31 19:52:40'),
(289, 18, 15, 0, '2026-03-31 19:52:40', '2026-03-31 19:52:40'),
(290, 19, 15, 0, '2026-03-31 19:52:40', '2026-03-31 19:52:40'),
(291, 20, 15, 0, '2026-03-31 19:52:40', '2026-03-31 19:52:40'),
(292, 21, 15, 0, '2026-03-31 19:52:40', '2026-03-31 19:52:40'),
(293, 22, 15, 0, '2026-03-31 19:52:40', '2026-03-31 19:52:40'),
(294, 16, 15, 0, '2026-03-31 19:52:40', '2026-03-31 19:52:40'),
(295, 17, 15, 0, '2026-03-31 19:52:40', '2026-03-31 19:52:40'),
(296, 4, 15, 0, '2026-03-31 19:52:40', '2026-03-31 19:52:40'),
(297, 2, 15, 1, '2026-03-31 19:52:40', '2026-03-31 19:52:40'),
(298, 5, 15, 1, '2026-03-31 19:52:40', '2026-03-31 19:52:40'),
(299, 14, 15, 0, '2026-03-31 19:52:40', '2026-03-31 19:52:40'),
(300, 1, 15, 0, '2026-03-31 19:52:40', '2026-03-31 19:52:40'),
(301, 3, 15, 0, '2026-03-31 19:52:40', '2026-03-31 19:52:40'),
(323, 15, 16, 1, '2026-03-31 19:52:59', '2026-03-31 19:52:59'),
(324, 18, 16, 1, '2026-03-31 19:52:59', '2026-03-31 19:52:59'),
(325, 19, 16, 1, '2026-03-31 19:52:59', '2026-03-31 19:52:59'),
(326, 20, 16, 1, '2026-03-31 19:52:59', '2026-03-31 19:52:59'),
(327, 21, 16, 1, '2026-03-31 19:52:59', '2026-03-31 19:52:59'),
(328, 22, 16, 1, '2026-03-31 19:52:59', '2026-03-31 19:52:59'),
(329, 16, 16, 1, '2026-03-31 19:52:59', '2026-03-31 19:52:59'),
(330, 17, 16, 1, '2026-03-31 19:52:59', '2026-03-31 19:52:59'),
(331, 4, 16, 1, '2026-03-31 19:52:59', '2026-03-31 19:52:59'),
(332, 2, 16, 1, '2026-03-31 19:52:59', '2026-03-31 19:52:59'),
(333, 5, 16, 1, '2026-03-31 19:52:59', '2026-03-31 19:52:59'),
(334, 14, 16, 1, '2026-03-31 19:52:59', '2026-03-31 19:52:59'),
(335, 1, 16, 1, '2026-03-31 19:52:59', '2026-03-31 19:52:59'),
(336, 3, 16, 1, '2026-03-31 19:52:59', '2026-03-31 19:52:59'),
(337, 15, 17, 1, '2026-03-31 19:52:59', '2026-03-31 19:52:59'),
(338, 18, 17, 1, '2026-03-31 19:52:59', '2026-03-31 19:52:59'),
(339, 19, 17, 1, '2026-03-31 19:52:59', '2026-03-31 19:52:59'),
(340, 20, 17, 1, '2026-03-31 19:52:59', '2026-03-31 19:52:59'),
(341, 21, 17, 1, '2026-03-31 19:52:59', '2026-03-31 19:52:59'),
(342, 22, 17, 1, '2026-03-31 19:52:59', '2026-03-31 19:52:59'),
(343, 16, 17, 1, '2026-03-31 19:52:59', '2026-03-31 19:52:59'),
(344, 17, 17, 1, '2026-03-31 19:52:59', '2026-03-31 19:52:59'),
(345, 4, 17, 1, '2026-03-31 19:52:59', '2026-03-31 19:52:59'),
(346, 2, 17, 1, '2026-03-31 19:52:59', '2026-03-31 19:52:59'),
(347, 5, 17, 1, '2026-03-31 19:52:59', '2026-03-31 19:52:59'),
(348, 14, 17, 1, '2026-03-31 19:52:59', '2026-03-31 19:52:59'),
(349, 1, 17, 1, '2026-03-31 19:52:59', '2026-03-31 19:52:59'),
(350, 3, 17, 1, '2026-03-31 19:52:59', '2026-03-31 19:52:59'),
(351, 15, 18, 0, '2026-03-31 19:52:59', '2026-03-31 19:52:59'),
(352, 18, 18, 0, '2026-03-31 19:52:59', '2026-03-31 19:52:59'),
(353, 19, 18, 0, '2026-03-31 19:52:59', '2026-03-31 19:52:59'),
(354, 20, 18, 0, '2026-03-31 19:52:59', '2026-03-31 19:52:59'),
(355, 21, 18, 0, '2026-03-31 19:52:59', '2026-03-31 19:52:59'),
(356, 22, 18, 0, '2026-03-31 19:52:59', '2026-03-31 19:52:59'),
(357, 16, 18, 0, '2026-03-31 19:52:59', '2026-03-31 19:52:59'),
(358, 17, 18, 0, '2026-03-31 19:52:59', '2026-03-31 19:52:59'),
(359, 4, 18, 0, '2026-03-31 19:52:59', '2026-03-31 19:52:59'),
(360, 2, 18, 1, '2026-03-31 19:52:59', '2026-03-31 19:52:59'),
(361, 5, 18, 1, '2026-03-31 19:52:59', '2026-03-31 19:52:59'),
(362, 14, 18, 0, '2026-03-31 19:52:59', '2026-03-31 19:52:59'),
(363, 1, 18, 0, '2026-03-31 19:52:59', '2026-03-31 19:52:59'),
(364, 3, 18, 0, '2026-03-31 19:52:59', '2026-03-31 19:52:59'),
(386, 15, 19, 1, '2026-03-31 19:54:23', '2026-03-31 19:54:23'),
(387, 18, 19, 1, '2026-03-31 19:54:23', '2026-03-31 19:54:23'),
(388, 19, 19, 1, '2026-03-31 19:54:23', '2026-03-31 19:54:23'),
(389, 20, 19, 1, '2026-03-31 19:54:23', '2026-03-31 19:54:23'),
(390, 21, 19, 1, '2026-03-31 19:54:23', '2026-03-31 19:54:23'),
(391, 22, 19, 1, '2026-03-31 19:54:23', '2026-03-31 19:54:23'),
(392, 16, 19, 1, '2026-03-31 19:54:23', '2026-03-31 19:54:23'),
(393, 17, 19, 1, '2026-03-31 19:54:23', '2026-03-31 19:54:23'),
(394, 4, 19, 1, '2026-03-31 19:54:23', '2026-03-31 19:54:23'),
(395, 2, 19, 1, '2026-03-31 19:54:23', '2026-03-31 19:54:23'),
(396, 5, 19, 1, '2026-03-31 19:54:23', '2026-03-31 19:54:23'),
(397, 14, 19, 1, '2026-03-31 19:54:23', '2026-03-31 19:54:23'),
(398, 1, 19, 1, '2026-03-31 19:54:23', '2026-03-31 19:54:23'),
(399, 3, 19, 1, '2026-03-31 19:54:23', '2026-03-31 19:54:23'),
(400, 15, 20, 1, '2026-03-31 19:54:23', '2026-03-31 19:54:23'),
(401, 18, 20, 1, '2026-03-31 19:54:23', '2026-03-31 19:54:23'),
(402, 19, 20, 1, '2026-03-31 19:54:23', '2026-03-31 19:54:23'),
(403, 20, 20, 1, '2026-03-31 19:54:23', '2026-03-31 19:54:23'),
(404, 21, 20, 1, '2026-03-31 19:54:23', '2026-03-31 19:54:23'),
(405, 22, 20, 1, '2026-03-31 19:54:23', '2026-03-31 19:54:23'),
(406, 16, 20, 1, '2026-03-31 19:54:23', '2026-03-31 19:54:23'),
(407, 17, 20, 1, '2026-03-31 19:54:23', '2026-03-31 19:54:23'),
(408, 4, 20, 1, '2026-03-31 19:54:23', '2026-03-31 19:54:23'),
(409, 2, 20, 1, '2026-03-31 19:54:23', '2026-03-31 19:54:23'),
(410, 5, 20, 1, '2026-03-31 19:54:23', '2026-03-31 19:54:23'),
(411, 14, 20, 1, '2026-03-31 19:54:23', '2026-03-31 19:54:23'),
(412, 1, 20, 1, '2026-03-31 19:54:23', '2026-03-31 19:54:23'),
(413, 3, 20, 1, '2026-03-31 19:54:23', '2026-03-31 19:54:23'),
(414, 15, 21, 0, '2026-03-31 19:54:23', '2026-03-31 19:54:23'),
(415, 18, 21, 0, '2026-03-31 19:54:23', '2026-03-31 19:54:23'),
(416, 19, 21, 0, '2026-03-31 19:54:23', '2026-03-31 19:54:23'),
(417, 20, 21, 0, '2026-03-31 19:54:23', '2026-03-31 19:54:23'),
(418, 21, 21, 0, '2026-03-31 19:54:23', '2026-03-31 19:54:23'),
(419, 22, 21, 0, '2026-03-31 19:54:23', '2026-03-31 19:54:23'),
(420, 16, 21, 0, '2026-03-31 19:54:23', '2026-03-31 19:54:23'),
(421, 17, 21, 0, '2026-03-31 19:54:23', '2026-03-31 19:54:23'),
(422, 4, 21, 0, '2026-03-31 19:54:23', '2026-03-31 19:54:23'),
(423, 2, 21, 1, '2026-03-31 19:54:23', '2026-03-31 19:54:23'),
(424, 5, 21, 1, '2026-03-31 19:54:23', '2026-03-31 19:54:23'),
(425, 14, 21, 0, '2026-03-31 19:54:23', '2026-03-31 19:54:23'),
(426, 1, 21, 0, '2026-03-31 19:54:23', '2026-03-31 19:54:23'),
(427, 3, 21, 0, '2026-03-31 19:54:23', '2026-03-31 19:54:23'),
(449, 15, 22, 1, '2026-03-31 19:55:22', '2026-03-31 19:55:22'),
(450, 18, 22, 1, '2026-03-31 19:55:22', '2026-03-31 19:55:22'),
(451, 19, 22, 1, '2026-03-31 19:55:22', '2026-03-31 19:55:22'),
(452, 20, 22, 1, '2026-03-31 19:55:22', '2026-03-31 19:55:22'),
(453, 21, 22, 1, '2026-03-31 19:55:22', '2026-03-31 19:55:22'),
(454, 22, 22, 1, '2026-03-31 19:55:22', '2026-03-31 19:55:22'),
(455, 16, 22, 1, '2026-03-31 19:55:22', '2026-03-31 19:55:22'),
(456, 17, 22, 1, '2026-03-31 19:55:22', '2026-03-31 19:55:22'),
(457, 4, 22, 1, '2026-03-31 19:55:22', '2026-03-31 19:55:22'),
(458, 2, 22, 1, '2026-03-31 19:55:22', '2026-03-31 19:55:22'),
(459, 5, 22, 1, '2026-03-31 19:55:22', '2026-03-31 19:55:22'),
(460, 14, 22, 1, '2026-03-31 19:55:22', '2026-03-31 19:55:22'),
(461, 1, 22, 1, '2026-03-31 19:55:22', '2026-03-31 19:55:22'),
(462, 3, 22, 1, '2026-03-31 19:55:22', '2026-03-31 19:55:22'),
(463, 15, 23, 1, '2026-03-31 19:55:22', '2026-03-31 19:55:22'),
(464, 18, 23, 1, '2026-03-31 19:55:22', '2026-03-31 19:55:22'),
(465, 19, 23, 1, '2026-03-31 19:55:22', '2026-03-31 19:55:22'),
(466, 20, 23, 1, '2026-03-31 19:55:22', '2026-03-31 19:55:22'),
(467, 21, 23, 1, '2026-03-31 19:55:22', '2026-03-31 19:55:22'),
(468, 22, 23, 1, '2026-03-31 19:55:22', '2026-03-31 19:55:22'),
(469, 16, 23, 1, '2026-03-31 19:55:22', '2026-03-31 19:55:22'),
(470, 17, 23, 1, '2026-03-31 19:55:22', '2026-03-31 19:55:22'),
(471, 4, 23, 1, '2026-03-31 19:55:22', '2026-03-31 19:55:22'),
(472, 2, 23, 1, '2026-03-31 19:55:22', '2026-03-31 19:55:22'),
(473, 5, 23, 1, '2026-03-31 19:55:22', '2026-03-31 19:55:22'),
(474, 14, 23, 1, '2026-03-31 19:55:22', '2026-03-31 19:55:22'),
(475, 1, 23, 1, '2026-03-31 19:55:22', '2026-03-31 19:55:22'),
(476, 3, 23, 1, '2026-03-31 19:55:22', '2026-03-31 19:55:22'),
(477, 15, 24, 0, '2026-03-31 19:55:22', '2026-03-31 19:55:22'),
(478, 18, 24, 0, '2026-03-31 19:55:22', '2026-03-31 19:55:22'),
(479, 19, 24, 0, '2026-03-31 19:55:22', '2026-03-31 19:55:22'),
(480, 20, 24, 0, '2026-03-31 19:55:22', '2026-03-31 19:55:22'),
(481, 21, 24, 0, '2026-03-31 19:55:22', '2026-03-31 19:55:22'),
(482, 22, 24, 0, '2026-03-31 19:55:22', '2026-03-31 19:55:22'),
(483, 16, 24, 0, '2026-03-31 19:55:22', '2026-03-31 19:55:22'),
(484, 17, 24, 0, '2026-03-31 19:55:22', '2026-03-31 19:55:22'),
(485, 4, 24, 0, '2026-03-31 19:55:22', '2026-03-31 19:55:22'),
(486, 2, 24, 1, '2026-03-31 19:55:22', '2026-03-31 19:55:22'),
(487, 5, 24, 1, '2026-03-31 19:55:22', '2026-03-31 19:55:22'),
(488, 14, 24, 0, '2026-03-31 19:55:22', '2026-03-31 19:55:22'),
(489, 1, 24, 0, '2026-03-31 19:55:22', '2026-03-31 19:55:22'),
(490, 3, 24, 0, '2026-03-31 19:55:22', '2026-03-31 19:55:22'),
(512, 15, 25, 1, '2026-03-31 20:50:23', '2026-03-31 20:50:23'),
(513, 18, 25, 1, '2026-03-31 20:50:23', '2026-03-31 20:50:23'),
(514, 19, 25, 1, '2026-03-31 20:50:23', '2026-03-31 20:50:23'),
(515, 20, 25, 1, '2026-03-31 20:50:23', '2026-03-31 20:50:23'),
(516, 21, 25, 1, '2026-03-31 20:50:23', '2026-03-31 20:50:23'),
(517, 22, 25, 1, '2026-03-31 20:50:23', '2026-03-31 20:50:23'),
(518, 16, 25, 1, '2026-03-31 20:50:23', '2026-03-31 20:50:23'),
(519, 17, 25, 1, '2026-03-31 20:50:23', '2026-03-31 20:50:23'),
(520, 4, 25, 1, '2026-03-31 20:50:23', '2026-03-31 20:50:23'),
(521, 2, 25, 1, '2026-03-31 20:50:23', '2026-03-31 20:50:23'),
(522, 5, 25, 1, '2026-03-31 20:50:23', '2026-03-31 20:50:23'),
(523, 14, 25, 1, '2026-03-31 20:50:23', '2026-03-31 20:50:23'),
(524, 1, 25, 1, '2026-03-31 20:50:23', '2026-03-31 20:50:23'),
(525, 3, 25, 1, '2026-03-31 20:50:23', '2026-03-31 20:50:23'),
(526, 15, 26, 1, '2026-03-31 20:50:23', '2026-03-31 20:50:23'),
(527, 18, 26, 1, '2026-03-31 20:50:23', '2026-03-31 20:50:23'),
(528, 19, 26, 1, '2026-03-31 20:50:23', '2026-03-31 20:50:23'),
(529, 20, 26, 1, '2026-03-31 20:50:23', '2026-03-31 20:50:23'),
(530, 21, 26, 1, '2026-03-31 20:50:23', '2026-03-31 20:50:23'),
(531, 22, 26, 1, '2026-03-31 20:50:23', '2026-03-31 20:50:23'),
(532, 16, 26, 1, '2026-03-31 20:50:23', '2026-03-31 20:50:23'),
(533, 17, 26, 1, '2026-03-31 20:50:23', '2026-03-31 20:50:23'),
(534, 4, 26, 1, '2026-03-31 20:50:23', '2026-03-31 20:50:23'),
(535, 2, 26, 1, '2026-03-31 20:50:23', '2026-03-31 20:50:23'),
(536, 5, 26, 1, '2026-03-31 20:50:23', '2026-03-31 20:50:23'),
(537, 14, 26, 1, '2026-03-31 20:50:23', '2026-03-31 20:50:23'),
(538, 1, 26, 1, '2026-03-31 20:50:23', '2026-03-31 20:50:23'),
(539, 3, 26, 1, '2026-03-31 20:50:23', '2026-03-31 20:50:23'),
(540, 15, 27, 0, '2026-03-31 20:50:23', '2026-03-31 20:50:23'),
(541, 18, 27, 0, '2026-03-31 20:50:23', '2026-03-31 20:50:23'),
(542, 19, 27, 0, '2026-03-31 20:50:23', '2026-03-31 20:50:23'),
(543, 20, 27, 0, '2026-03-31 20:50:23', '2026-03-31 20:50:23'),
(544, 21, 27, 0, '2026-03-31 20:50:23', '2026-03-31 20:50:23'),
(545, 22, 27, 0, '2026-03-31 20:50:23', '2026-03-31 20:50:23'),
(546, 16, 27, 0, '2026-03-31 20:50:23', '2026-03-31 20:50:23'),
(547, 17, 27, 0, '2026-03-31 20:50:23', '2026-03-31 20:50:23'),
(548, 4, 27, 0, '2026-03-31 20:50:23', '2026-03-31 20:50:23'),
(549, 2, 27, 1, '2026-03-31 20:50:23', '2026-03-31 20:50:23'),
(550, 5, 27, 1, '2026-03-31 20:50:23', '2026-03-31 20:50:23'),
(551, 14, 27, 0, '2026-03-31 20:50:23', '2026-03-31 20:50:23'),
(552, 1, 27, 0, '2026-03-31 20:50:23', '2026-03-31 20:50:23'),
(553, 3, 27, 0, '2026-03-31 20:50:23', '2026-03-31 20:50:23'),
(575, 15, 28, 1, '2026-03-31 20:50:30', '2026-03-31 20:50:30'),
(576, 18, 28, 1, '2026-03-31 20:50:30', '2026-03-31 20:50:30'),
(577, 19, 28, 1, '2026-03-31 20:50:30', '2026-03-31 20:50:30'),
(578, 20, 28, 1, '2026-03-31 20:50:30', '2026-03-31 20:50:30'),
(579, 21, 28, 1, '2026-03-31 20:50:30', '2026-03-31 20:50:30'),
(580, 22, 28, 1, '2026-03-31 20:50:30', '2026-03-31 20:50:30'),
(581, 16, 28, 1, '2026-03-31 20:50:30', '2026-03-31 20:50:30'),
(582, 17, 28, 1, '2026-03-31 20:50:30', '2026-03-31 20:50:30'),
(583, 4, 28, 1, '2026-03-31 20:50:30', '2026-03-31 20:50:30'),
(584, 2, 28, 1, '2026-03-31 20:50:30', '2026-03-31 20:50:30'),
(585, 5, 28, 1, '2026-03-31 20:50:30', '2026-03-31 20:50:30'),
(586, 14, 28, 1, '2026-03-31 20:50:30', '2026-03-31 20:50:30'),
(587, 1, 28, 1, '2026-03-31 20:50:30', '2026-03-31 20:50:30'),
(588, 3, 28, 1, '2026-03-31 20:50:30', '2026-03-31 20:50:30'),
(589, 15, 29, 1, '2026-03-31 20:50:30', '2026-03-31 20:50:30'),
(590, 18, 29, 1, '2026-03-31 20:50:30', '2026-03-31 20:50:30'),
(591, 19, 29, 1, '2026-03-31 20:50:30', '2026-03-31 20:50:30'),
(592, 20, 29, 1, '2026-03-31 20:50:30', '2026-03-31 20:50:30'),
(593, 21, 29, 1, '2026-03-31 20:50:30', '2026-03-31 20:50:30'),
(594, 22, 29, 1, '2026-03-31 20:50:30', '2026-03-31 20:50:30'),
(595, 16, 29, 1, '2026-03-31 20:50:30', '2026-03-31 20:50:30'),
(596, 17, 29, 1, '2026-03-31 20:50:30', '2026-03-31 20:50:30'),
(597, 4, 29, 1, '2026-03-31 20:50:30', '2026-03-31 20:50:30'),
(598, 2, 29, 1, '2026-03-31 20:50:30', '2026-03-31 20:50:30'),
(599, 5, 29, 1, '2026-03-31 20:50:30', '2026-03-31 20:50:30'),
(600, 14, 29, 1, '2026-03-31 20:50:30', '2026-03-31 20:50:30'),
(601, 1, 29, 1, '2026-03-31 20:50:30', '2026-03-31 20:50:30'),
(602, 3, 29, 1, '2026-03-31 20:50:30', '2026-03-31 20:50:30'),
(603, 15, 30, 0, '2026-03-31 20:50:30', '2026-03-31 20:50:30'),
(604, 18, 30, 0, '2026-03-31 20:50:30', '2026-03-31 20:50:30'),
(605, 19, 30, 0, '2026-03-31 20:50:30', '2026-03-31 20:50:30'),
(606, 20, 30, 0, '2026-03-31 20:50:30', '2026-03-31 20:50:30'),
(607, 21, 30, 0, '2026-03-31 20:50:30', '2026-03-31 20:50:30'),
(608, 22, 30, 0, '2026-03-31 20:50:30', '2026-03-31 20:50:30'),
(609, 16, 30, 0, '2026-03-31 20:50:30', '2026-03-31 20:50:30'),
(610, 17, 30, 0, '2026-03-31 20:50:30', '2026-03-31 20:50:30'),
(611, 4, 30, 0, '2026-03-31 20:50:30', '2026-03-31 20:50:30'),
(612, 2, 30, 1, '2026-03-31 20:50:30', '2026-03-31 20:50:30'),
(613, 5, 30, 1, '2026-03-31 20:50:30', '2026-03-31 20:50:30'),
(614, 14, 30, 0, '2026-03-31 20:50:30', '2026-03-31 20:50:30'),
(615, 1, 30, 0, '2026-03-31 20:50:30', '2026-03-31 20:50:30'),
(616, 3, 30, 0, '2026-03-31 20:50:30', '2026-03-31 20:50:30'),
(638, 15, 31, 1, '2026-03-31 20:50:32', '2026-03-31 20:50:32'),
(639, 18, 31, 1, '2026-03-31 20:50:32', '2026-03-31 20:50:32'),
(640, 19, 31, 1, '2026-03-31 20:50:32', '2026-03-31 20:50:32'),
(641, 20, 31, 1, '2026-03-31 20:50:32', '2026-03-31 20:50:32'),
(642, 21, 31, 1, '2026-03-31 20:50:32', '2026-03-31 20:50:32'),
(643, 22, 31, 1, '2026-03-31 20:50:32', '2026-03-31 20:50:32'),
(644, 16, 31, 1, '2026-03-31 20:50:32', '2026-03-31 20:50:32'),
(645, 17, 31, 1, '2026-03-31 20:50:32', '2026-03-31 20:50:32'),
(646, 4, 31, 1, '2026-03-31 20:50:32', '2026-03-31 20:50:32'),
(647, 2, 31, 1, '2026-03-31 20:50:32', '2026-03-31 20:50:32'),
(648, 5, 31, 1, '2026-03-31 20:50:32', '2026-03-31 20:50:32'),
(649, 14, 31, 1, '2026-03-31 20:50:32', '2026-03-31 20:50:32'),
(650, 1, 31, 1, '2026-03-31 20:50:32', '2026-03-31 20:50:32'),
(651, 3, 31, 1, '2026-03-31 20:50:32', '2026-03-31 20:50:32'),
(652, 15, 32, 1, '2026-03-31 20:50:32', '2026-03-31 20:50:32'),
(653, 18, 32, 1, '2026-03-31 20:50:32', '2026-03-31 20:50:32'),
(654, 19, 32, 1, '2026-03-31 20:50:32', '2026-03-31 20:50:32'),
(655, 20, 32, 1, '2026-03-31 20:50:32', '2026-03-31 20:50:32'),
(656, 21, 32, 1, '2026-03-31 20:50:32', '2026-03-31 20:50:32'),
(657, 22, 32, 1, '2026-03-31 20:50:32', '2026-03-31 20:50:32'),
(658, 16, 32, 1, '2026-03-31 20:50:32', '2026-03-31 20:50:32'),
(659, 17, 32, 1, '2026-03-31 20:50:32', '2026-03-31 20:50:32'),
(660, 4, 32, 1, '2026-03-31 20:50:32', '2026-03-31 20:50:32'),
(661, 2, 32, 1, '2026-03-31 20:50:32', '2026-03-31 20:50:32'),
(662, 5, 32, 1, '2026-03-31 20:50:32', '2026-03-31 20:50:32'),
(663, 14, 32, 1, '2026-03-31 20:50:32', '2026-03-31 20:50:32'),
(664, 1, 32, 1, '2026-03-31 20:50:32', '2026-03-31 20:50:32'),
(665, 3, 32, 1, '2026-03-31 20:50:32', '2026-03-31 20:50:32'),
(666, 15, 33, 0, '2026-03-31 20:50:32', '2026-03-31 20:50:32'),
(667, 18, 33, 0, '2026-03-31 20:50:32', '2026-03-31 20:50:32'),
(668, 19, 33, 0, '2026-03-31 20:50:32', '2026-03-31 20:50:32'),
(669, 20, 33, 0, '2026-03-31 20:50:32', '2026-03-31 20:50:32'),
(670, 21, 33, 0, '2026-03-31 20:50:32', '2026-03-31 20:50:32'),
(671, 22, 33, 0, '2026-03-31 20:50:32', '2026-03-31 20:50:32'),
(672, 16, 33, 0, '2026-03-31 20:50:32', '2026-03-31 20:50:32'),
(673, 17, 33, 0, '2026-03-31 20:50:32', '2026-03-31 20:50:32'),
(674, 4, 33, 0, '2026-03-31 20:50:32', '2026-03-31 20:50:32'),
(675, 2, 33, 1, '2026-03-31 20:50:32', '2026-03-31 20:50:32'),
(676, 5, 33, 1, '2026-03-31 20:50:32', '2026-03-31 20:50:32'),
(677, 14, 33, 0, '2026-03-31 20:50:32', '2026-03-31 20:50:32'),
(678, 1, 33, 0, '2026-03-31 20:50:32', '2026-03-31 20:50:32'),
(679, 3, 33, 0, '2026-03-31 20:50:32', '2026-03-31 20:50:32'),
(701, 15, 34, 1, '2026-03-31 20:50:43', '2026-03-31 20:50:43'),
(702, 18, 34, 1, '2026-03-31 20:50:43', '2026-03-31 20:50:43'),
(703, 19, 34, 1, '2026-03-31 20:50:43', '2026-03-31 20:50:43'),
(704, 20, 34, 1, '2026-03-31 20:50:43', '2026-03-31 20:50:43'),
(705, 21, 34, 1, '2026-03-31 20:50:43', '2026-03-31 20:50:43'),
(706, 22, 34, 1, '2026-03-31 20:50:43', '2026-03-31 20:50:43'),
(707, 16, 34, 1, '2026-03-31 20:50:43', '2026-03-31 20:50:43'),
(708, 17, 34, 1, '2026-03-31 20:50:43', '2026-03-31 20:50:43'),
(709, 4, 34, 1, '2026-03-31 20:50:43', '2026-03-31 20:50:43'),
(710, 2, 34, 1, '2026-03-31 20:50:43', '2026-03-31 20:50:43'),
(711, 5, 34, 1, '2026-03-31 20:50:43', '2026-03-31 20:50:43'),
(712, 14, 34, 1, '2026-03-31 20:50:43', '2026-03-31 20:50:43'),
(713, 1, 34, 1, '2026-03-31 20:50:43', '2026-03-31 20:50:43'),
(714, 3, 34, 1, '2026-03-31 20:50:43', '2026-03-31 20:50:43'),
(715, 15, 35, 1, '2026-03-31 20:50:43', '2026-03-31 20:50:43'),
(716, 18, 35, 1, '2026-03-31 20:50:43', '2026-03-31 20:50:43'),
(717, 19, 35, 1, '2026-03-31 20:50:43', '2026-03-31 20:50:43'),
(718, 20, 35, 1, '2026-03-31 20:50:43', '2026-03-31 20:50:43'),
(719, 21, 35, 1, '2026-03-31 20:50:43', '2026-03-31 20:50:43'),
(720, 22, 35, 1, '2026-03-31 20:50:43', '2026-03-31 20:50:43'),
(721, 16, 35, 1, '2026-03-31 20:50:43', '2026-03-31 20:50:43'),
(722, 17, 35, 1, '2026-03-31 20:50:43', '2026-03-31 20:50:43'),
(723, 4, 35, 1, '2026-03-31 20:50:43', '2026-03-31 20:50:43'),
(724, 2, 35, 1, '2026-03-31 20:50:43', '2026-03-31 20:50:43'),
(725, 5, 35, 1, '2026-03-31 20:50:43', '2026-03-31 20:50:43'),
(726, 14, 35, 1, '2026-03-31 20:50:43', '2026-03-31 20:50:43'),
(727, 1, 35, 1, '2026-03-31 20:50:43', '2026-03-31 20:50:43'),
(728, 3, 35, 1, '2026-03-31 20:50:43', '2026-03-31 20:50:43'),
(729, 15, 36, 0, '2026-03-31 20:50:43', '2026-03-31 20:50:43'),
(730, 18, 36, 0, '2026-03-31 20:50:43', '2026-03-31 20:50:43'),
(731, 19, 36, 0, '2026-03-31 20:50:43', '2026-03-31 20:50:43'),
(732, 20, 36, 0, '2026-03-31 20:50:43', '2026-03-31 20:50:43'),
(733, 21, 36, 0, '2026-03-31 20:50:43', '2026-03-31 20:50:43'),
(734, 22, 36, 0, '2026-03-31 20:50:43', '2026-03-31 20:50:43'),
(735, 16, 36, 0, '2026-03-31 20:50:43', '2026-03-31 20:50:43'),
(736, 17, 36, 0, '2026-03-31 20:50:43', '2026-03-31 20:50:43'),
(737, 4, 36, 0, '2026-03-31 20:50:43', '2026-03-31 20:50:43'),
(738, 2, 36, 1, '2026-03-31 20:50:43', '2026-03-31 20:50:43'),
(739, 5, 36, 1, '2026-03-31 20:50:43', '2026-03-31 20:50:43'),
(740, 14, 36, 0, '2026-03-31 20:50:43', '2026-03-31 20:50:43'),
(741, 1, 36, 0, '2026-03-31 20:50:43', '2026-03-31 20:50:43'),
(742, 3, 36, 0, '2026-03-31 20:50:43', '2026-03-31 20:50:43'),
(764, 15, 37, 1, '2026-03-31 20:54:35', '2026-03-31 20:54:35'),
(765, 18, 37, 1, '2026-03-31 20:54:35', '2026-03-31 20:54:35'),
(766, 19, 37, 1, '2026-03-31 20:54:35', '2026-03-31 20:54:35'),
(767, 20, 37, 1, '2026-03-31 20:54:35', '2026-03-31 20:54:35'),
(768, 21, 37, 1, '2026-03-31 20:54:35', '2026-03-31 20:54:35'),
(769, 22, 37, 1, '2026-03-31 20:54:35', '2026-03-31 20:54:35'),
(770, 16, 37, 1, '2026-03-31 20:54:35', '2026-03-31 20:54:35'),
(771, 17, 37, 1, '2026-03-31 20:54:35', '2026-03-31 20:54:35'),
(772, 4, 37, 1, '2026-03-31 20:54:35', '2026-03-31 20:54:35'),
(773, 2, 37, 1, '2026-03-31 20:54:35', '2026-03-31 20:54:35'),
(774, 5, 37, 1, '2026-03-31 20:54:35', '2026-03-31 20:54:35'),
(775, 14, 37, 1, '2026-03-31 20:54:35', '2026-03-31 20:54:35'),
(776, 1, 37, 1, '2026-03-31 20:54:35', '2026-03-31 20:54:35'),
(777, 3, 37, 1, '2026-03-31 20:54:35', '2026-03-31 20:54:35'),
(778, 15, 38, 1, '2026-03-31 20:54:35', '2026-03-31 20:54:35'),
(779, 18, 38, 1, '2026-03-31 20:54:35', '2026-03-31 20:54:35'),
(780, 19, 38, 1, '2026-03-31 20:54:35', '2026-03-31 20:54:35'),
(781, 20, 38, 1, '2026-03-31 20:54:35', '2026-03-31 20:54:35'),
(782, 21, 38, 1, '2026-03-31 20:54:35', '2026-03-31 20:54:35'),
(783, 22, 38, 1, '2026-03-31 20:54:35', '2026-03-31 20:54:35'),
(784, 16, 38, 1, '2026-03-31 20:54:35', '2026-03-31 20:54:35'),
(785, 17, 38, 1, '2026-03-31 20:54:35', '2026-03-31 20:54:35'),
(786, 4, 38, 1, '2026-03-31 20:54:35', '2026-03-31 20:54:35'),
(787, 2, 38, 1, '2026-03-31 20:54:35', '2026-03-31 20:54:35'),
(788, 5, 38, 1, '2026-03-31 20:54:35', '2026-03-31 20:54:35'),
(789, 14, 38, 1, '2026-03-31 20:54:35', '2026-03-31 20:54:35'),
(790, 1, 38, 1, '2026-03-31 20:54:35', '2026-03-31 20:54:35'),
(791, 3, 38, 1, '2026-03-31 20:54:35', '2026-03-31 20:54:35'),
(792, 15, 39, 0, '2026-03-31 20:54:35', '2026-03-31 20:54:35'),
(793, 18, 39, 0, '2026-03-31 20:54:35', '2026-03-31 20:54:35'),
(794, 19, 39, 0, '2026-03-31 20:54:35', '2026-03-31 20:54:35'),
(795, 20, 39, 0, '2026-03-31 20:54:35', '2026-03-31 20:54:35'),
(796, 21, 39, 0, '2026-03-31 20:54:35', '2026-03-31 20:54:35'),
(797, 22, 39, 0, '2026-03-31 20:54:35', '2026-03-31 20:54:35'),
(798, 16, 39, 0, '2026-03-31 20:54:35', '2026-03-31 20:54:35'),
(799, 17, 39, 0, '2026-03-31 20:54:35', '2026-03-31 20:54:35'),
(800, 4, 39, 0, '2026-03-31 20:54:35', '2026-03-31 20:54:35'),
(801, 2, 39, 1, '2026-03-31 20:54:35', '2026-03-31 20:54:35'),
(802, 5, 39, 1, '2026-03-31 20:54:35', '2026-03-31 20:54:35'),
(803, 14, 39, 0, '2026-03-31 20:54:35', '2026-03-31 20:54:35'),
(804, 1, 39, 0, '2026-03-31 20:54:35', '2026-03-31 20:54:35'),
(805, 3, 39, 0, '2026-03-31 20:54:35', '2026-03-31 20:54:35'),
(827, 15, 40, 1, '2026-03-31 20:55:13', '2026-03-31 20:55:13'),
(828, 18, 40, 1, '2026-03-31 20:55:13', '2026-03-31 20:55:13'),
(829, 19, 40, 1, '2026-03-31 20:55:13', '2026-03-31 20:55:13'),
(830, 20, 40, 1, '2026-03-31 20:55:13', '2026-03-31 20:55:13'),
(831, 21, 40, 1, '2026-03-31 20:55:13', '2026-03-31 20:55:13'),
(832, 22, 40, 1, '2026-03-31 20:55:13', '2026-03-31 20:55:13'),
(833, 16, 40, 1, '2026-03-31 20:55:13', '2026-03-31 20:55:13'),
(834, 17, 40, 1, '2026-03-31 20:55:13', '2026-03-31 20:55:13'),
(835, 4, 40, 1, '2026-03-31 20:55:13', '2026-03-31 20:55:13'),
(836, 2, 40, 1, '2026-03-31 20:55:13', '2026-03-31 20:55:13'),
(837, 5, 40, 1, '2026-03-31 20:55:13', '2026-03-31 20:55:13'),
(838, 14, 40, 1, '2026-03-31 20:55:13', '2026-03-31 20:55:13'),
(839, 1, 40, 1, '2026-03-31 20:55:13', '2026-03-31 20:55:13'),
(840, 3, 40, 1, '2026-03-31 20:55:13', '2026-03-31 20:55:13'),
(841, 15, 41, 1, '2026-03-31 20:55:13', '2026-03-31 20:55:13'),
(842, 18, 41, 1, '2026-03-31 20:55:13', '2026-03-31 20:55:13'),
(843, 19, 41, 1, '2026-03-31 20:55:13', '2026-03-31 20:55:13'),
(844, 20, 41, 1, '2026-03-31 20:55:13', '2026-03-31 20:55:13'),
(845, 21, 41, 1, '2026-03-31 20:55:13', '2026-03-31 20:55:13'),
(846, 22, 41, 1, '2026-03-31 20:55:13', '2026-03-31 20:55:13'),
(847, 16, 41, 1, '2026-03-31 20:55:13', '2026-03-31 20:55:13'),
(848, 17, 41, 1, '2026-03-31 20:55:13', '2026-03-31 20:55:13'),
(849, 4, 41, 1, '2026-03-31 20:55:13', '2026-03-31 20:55:13'),
(850, 2, 41, 1, '2026-03-31 20:55:13', '2026-03-31 20:55:13'),
(851, 5, 41, 1, '2026-03-31 20:55:13', '2026-03-31 20:55:13'),
(852, 14, 41, 1, '2026-03-31 20:55:13', '2026-03-31 20:55:13'),
(853, 1, 41, 1, '2026-03-31 20:55:13', '2026-03-31 20:55:13'),
(854, 3, 41, 1, '2026-03-31 20:55:13', '2026-03-31 20:55:13'),
(855, 15, 42, 0, '2026-03-31 20:55:13', '2026-03-31 20:55:13'),
(856, 18, 42, 0, '2026-03-31 20:55:13', '2026-03-31 20:55:13'),
(857, 19, 42, 0, '2026-03-31 20:55:13', '2026-03-31 20:55:13'),
(858, 20, 42, 0, '2026-03-31 20:55:13', '2026-03-31 20:55:13'),
(859, 21, 42, 0, '2026-03-31 20:55:13', '2026-03-31 20:55:13'),
(860, 22, 42, 0, '2026-03-31 20:55:13', '2026-03-31 20:55:13'),
(861, 16, 42, 0, '2026-03-31 20:55:13', '2026-03-31 20:55:13'),
(862, 17, 42, 0, '2026-03-31 20:55:13', '2026-03-31 20:55:13'),
(863, 4, 42, 0, '2026-03-31 20:55:13', '2026-03-31 20:55:13'),
(864, 2, 42, 1, '2026-03-31 20:55:13', '2026-03-31 20:55:13'),
(865, 5, 42, 1, '2026-03-31 20:55:13', '2026-03-31 20:55:13'),
(866, 14, 42, 0, '2026-03-31 20:55:13', '2026-03-31 20:55:13'),
(867, 1, 42, 0, '2026-03-31 20:55:13', '2026-03-31 20:55:13'),
(868, 3, 42, 0, '2026-03-31 20:55:13', '2026-03-31 20:55:13'),
(890, 15, 43, 1, '2026-03-31 20:56:45', '2026-03-31 20:56:45'),
(891, 18, 43, 1, '2026-03-31 20:56:45', '2026-03-31 20:56:45'),
(892, 19, 43, 1, '2026-03-31 20:56:45', '2026-03-31 20:56:45'),
(893, 20, 43, 1, '2026-03-31 20:56:45', '2026-03-31 20:56:45'),
(894, 21, 43, 1, '2026-03-31 20:56:45', '2026-03-31 20:56:45'),
(895, 22, 43, 1, '2026-03-31 20:56:45', '2026-03-31 20:56:45'),
(896, 16, 43, 1, '2026-03-31 20:56:45', '2026-03-31 20:56:45'),
(897, 17, 43, 1, '2026-03-31 20:56:45', '2026-03-31 20:56:45'),
(898, 4, 43, 1, '2026-03-31 20:56:45', '2026-03-31 20:56:45'),
(899, 2, 43, 1, '2026-03-31 20:56:45', '2026-03-31 20:56:45'),
(900, 5, 43, 1, '2026-03-31 20:56:45', '2026-03-31 20:56:45'),
(901, 14, 43, 1, '2026-03-31 20:56:45', '2026-03-31 20:56:45'),
(902, 1, 43, 1, '2026-03-31 20:56:45', '2026-03-31 20:56:45'),
(903, 3, 43, 1, '2026-03-31 20:56:45', '2026-03-31 20:56:45'),
(904, 15, 44, 1, '2026-03-31 20:56:45', '2026-03-31 20:56:45'),
(905, 18, 44, 1, '2026-03-31 20:56:45', '2026-03-31 20:56:45'),
(906, 19, 44, 1, '2026-03-31 20:56:45', '2026-03-31 20:56:45'),
(907, 20, 44, 1, '2026-03-31 20:56:45', '2026-03-31 20:56:45'),
(908, 21, 44, 1, '2026-03-31 20:56:45', '2026-03-31 20:56:45'),
(909, 22, 44, 1, '2026-03-31 20:56:45', '2026-03-31 20:56:45'),
(910, 16, 44, 1, '2026-03-31 20:56:45', '2026-03-31 20:56:45'),
(911, 17, 44, 1, '2026-03-31 20:56:45', '2026-03-31 20:56:45'),
(912, 4, 44, 1, '2026-03-31 20:56:45', '2026-03-31 20:56:45'),
(913, 2, 44, 1, '2026-03-31 20:56:45', '2026-03-31 20:56:45'),
(914, 5, 44, 1, '2026-03-31 20:56:45', '2026-03-31 20:56:45'),
(915, 14, 44, 1, '2026-03-31 20:56:45', '2026-03-31 20:56:45'),
(916, 1, 44, 1, '2026-03-31 20:56:45', '2026-03-31 20:56:45'),
(917, 3, 44, 1, '2026-03-31 20:56:45', '2026-03-31 20:56:45'),
(918, 15, 45, 0, '2026-03-31 20:56:45', '2026-03-31 20:56:45'),
(919, 18, 45, 0, '2026-03-31 20:56:45', '2026-03-31 20:56:45'),
(920, 19, 45, 0, '2026-03-31 20:56:45', '2026-03-31 20:56:45'),
(921, 20, 45, 0, '2026-03-31 20:56:45', '2026-03-31 20:56:45'),
(922, 21, 45, 0, '2026-03-31 20:56:45', '2026-03-31 20:56:45'),
(923, 22, 45, 0, '2026-03-31 20:56:45', '2026-03-31 20:56:45'),
(924, 16, 45, 0, '2026-03-31 20:56:45', '2026-03-31 20:56:45'),
(925, 17, 45, 0, '2026-03-31 20:56:45', '2026-03-31 20:56:45'),
(926, 4, 45, 0, '2026-03-31 20:56:45', '2026-03-31 20:56:45'),
(927, 2, 45, 1, '2026-03-31 20:56:45', '2026-03-31 20:56:45'),
(928, 5, 45, 1, '2026-03-31 20:56:45', '2026-03-31 20:56:45'),
(929, 14, 45, 0, '2026-03-31 20:56:45', '2026-03-31 20:56:45'),
(930, 1, 45, 0, '2026-03-31 20:56:45', '2026-03-31 20:56:45'),
(931, 3, 45, 0, '2026-03-31 20:56:45', '2026-03-31 20:56:45'),
(953, 15, 46, 1, '2026-03-31 20:57:59', '2026-03-31 20:57:59'),
(954, 18, 46, 1, '2026-03-31 20:57:59', '2026-03-31 20:57:59'),
(955, 19, 46, 1, '2026-03-31 20:57:59', '2026-03-31 20:57:59'),
(956, 20, 46, 1, '2026-03-31 20:57:59', '2026-03-31 20:57:59'),
(957, 21, 46, 1, '2026-03-31 20:57:59', '2026-03-31 20:57:59'),
(958, 22, 46, 1, '2026-03-31 20:57:59', '2026-03-31 20:57:59'),
(959, 16, 46, 1, '2026-03-31 20:57:59', '2026-03-31 20:57:59'),
(960, 17, 46, 1, '2026-03-31 20:57:59', '2026-03-31 20:57:59'),
(961, 4, 46, 1, '2026-03-31 20:57:59', '2026-03-31 20:57:59'),
(962, 2, 46, 1, '2026-03-31 20:57:59', '2026-03-31 20:57:59'),
(963, 5, 46, 1, '2026-03-31 20:57:59', '2026-03-31 20:57:59'),
(964, 14, 46, 1, '2026-03-31 20:57:59', '2026-03-31 20:57:59'),
(965, 1, 46, 1, '2026-03-31 20:57:59', '2026-03-31 20:57:59'),
(966, 3, 46, 1, '2026-03-31 20:57:59', '2026-03-31 20:57:59'),
(967, 15, 47, 1, '2026-03-31 20:57:59', '2026-03-31 20:57:59'),
(968, 18, 47, 1, '2026-03-31 20:57:59', '2026-03-31 20:57:59'),
(969, 19, 47, 1, '2026-03-31 20:57:59', '2026-03-31 20:57:59'),
(970, 20, 47, 1, '2026-03-31 20:57:59', '2026-03-31 20:57:59'),
(971, 21, 47, 1, '2026-03-31 20:57:59', '2026-03-31 20:57:59'),
(972, 22, 47, 1, '2026-03-31 20:57:59', '2026-03-31 20:57:59'),
(973, 16, 47, 1, '2026-03-31 20:57:59', '2026-03-31 20:57:59'),
(974, 17, 47, 1, '2026-03-31 20:57:59', '2026-03-31 20:57:59'),
(975, 4, 47, 1, '2026-03-31 20:57:59', '2026-03-31 20:57:59'),
(976, 2, 47, 1, '2026-03-31 20:57:59', '2026-03-31 20:57:59'),
(977, 5, 47, 1, '2026-03-31 20:57:59', '2026-03-31 20:57:59'),
(978, 14, 47, 1, '2026-03-31 20:57:59', '2026-03-31 20:57:59'),
(979, 1, 47, 1, '2026-03-31 20:57:59', '2026-03-31 20:57:59'),
(980, 3, 47, 1, '2026-03-31 20:57:59', '2026-03-31 20:57:59'),
(981, 15, 48, 0, '2026-03-31 20:57:59', '2026-03-31 20:57:59'),
(982, 18, 48, 0, '2026-03-31 20:57:59', '2026-03-31 20:57:59'),
(983, 19, 48, 0, '2026-03-31 20:57:59', '2026-03-31 20:57:59'),
(984, 20, 48, 0, '2026-03-31 20:57:59', '2026-03-31 20:57:59'),
(985, 21, 48, 0, '2026-03-31 20:57:59', '2026-03-31 20:57:59'),
(986, 22, 48, 0, '2026-03-31 20:57:59', '2026-03-31 20:57:59'),
(987, 16, 48, 0, '2026-03-31 20:57:59', '2026-03-31 20:57:59'),
(988, 17, 48, 0, '2026-03-31 20:57:59', '2026-03-31 20:57:59'),
(989, 4, 48, 0, '2026-03-31 20:57:59', '2026-03-31 20:57:59'),
(990, 2, 48, 1, '2026-03-31 20:57:59', '2026-03-31 20:57:59'),
(991, 5, 48, 1, '2026-03-31 20:57:59', '2026-03-31 20:57:59'),
(992, 14, 48, 0, '2026-03-31 20:57:59', '2026-03-31 20:57:59'),
(993, 1, 48, 0, '2026-03-31 20:57:59', '2026-03-31 20:57:59'),
(994, 3, 48, 0, '2026-03-31 20:57:59', '2026-03-31 20:57:59'),
(1016, 15, 49, 1, '2026-03-31 20:58:47', '2026-03-31 20:58:47'),
(1017, 18, 49, 1, '2026-03-31 20:58:47', '2026-03-31 20:58:47'),
(1018, 19, 49, 1, '2026-03-31 20:58:47', '2026-03-31 20:58:47'),
(1019, 20, 49, 1, '2026-03-31 20:58:47', '2026-03-31 20:58:47'),
(1020, 21, 49, 1, '2026-03-31 20:58:47', '2026-03-31 20:58:47'),
(1021, 22, 49, 1, '2026-03-31 20:58:47', '2026-03-31 20:58:47'),
(1022, 16, 49, 1, '2026-03-31 20:58:47', '2026-03-31 20:58:47'),
(1023, 17, 49, 1, '2026-03-31 20:58:47', '2026-03-31 20:58:47'),
(1024, 4, 49, 1, '2026-03-31 20:58:47', '2026-03-31 20:58:47'),
(1025, 2, 49, 1, '2026-03-31 20:58:47', '2026-03-31 20:58:47'),
(1026, 5, 49, 1, '2026-03-31 20:58:47', '2026-03-31 20:58:47'),
(1027, 14, 49, 1, '2026-03-31 20:58:47', '2026-03-31 20:58:47'),
(1028, 1, 49, 1, '2026-03-31 20:58:47', '2026-03-31 20:58:47'),
(1029, 3, 49, 1, '2026-03-31 20:58:47', '2026-03-31 20:58:47'),
(1030, 15, 50, 1, '2026-03-31 20:58:47', '2026-03-31 20:58:47'),
(1031, 18, 50, 1, '2026-03-31 20:58:47', '2026-03-31 20:58:47'),
(1032, 19, 50, 1, '2026-03-31 20:58:47', '2026-03-31 20:58:47'),
(1033, 20, 50, 1, '2026-03-31 20:58:47', '2026-03-31 20:58:47'),
(1034, 21, 50, 1, '2026-03-31 20:58:47', '2026-03-31 20:58:47'),
(1035, 22, 50, 1, '2026-03-31 20:58:47', '2026-03-31 20:58:47'),
(1036, 16, 50, 1, '2026-03-31 20:58:47', '2026-03-31 20:58:47'),
(1037, 17, 50, 1, '2026-03-31 20:58:47', '2026-03-31 20:58:47'),
(1038, 4, 50, 1, '2026-03-31 20:58:47', '2026-03-31 20:58:47'),
(1039, 2, 50, 1, '2026-03-31 20:58:47', '2026-03-31 20:58:47'),
(1040, 5, 50, 1, '2026-03-31 20:58:47', '2026-03-31 20:58:47'),
(1041, 14, 50, 1, '2026-03-31 20:58:47', '2026-03-31 20:58:47'),
(1042, 1, 50, 1, '2026-03-31 20:58:47', '2026-03-31 20:58:47'),
(1043, 3, 50, 1, '2026-03-31 20:58:47', '2026-03-31 20:58:47'),
(1044, 15, 51, 0, '2026-03-31 20:58:47', '2026-03-31 20:58:47'),
(1045, 18, 51, 0, '2026-03-31 20:58:47', '2026-03-31 20:58:47'),
(1046, 19, 51, 0, '2026-03-31 20:58:47', '2026-03-31 20:58:47'),
(1047, 20, 51, 0, '2026-03-31 20:58:47', '2026-03-31 20:58:47'),
(1048, 21, 51, 0, '2026-03-31 20:58:47', '2026-03-31 20:58:47'),
(1049, 22, 51, 0, '2026-03-31 20:58:47', '2026-03-31 20:58:47'),
(1050, 16, 51, 0, '2026-03-31 20:58:47', '2026-03-31 20:58:47'),
(1051, 17, 51, 0, '2026-03-31 20:58:47', '2026-03-31 20:58:47'),
(1052, 4, 51, 0, '2026-03-31 20:58:47', '2026-03-31 20:58:47'),
(1053, 2, 51, 1, '2026-03-31 20:58:47', '2026-03-31 20:58:47'),
(1054, 5, 51, 1, '2026-03-31 20:58:47', '2026-03-31 20:58:47'),
(1055, 14, 51, 0, '2026-03-31 20:58:47', '2026-03-31 20:58:47'),
(1056, 1, 51, 0, '2026-03-31 20:58:47', '2026-03-31 20:58:47'),
(1057, 3, 51, 0, '2026-03-31 20:58:47', '2026-03-31 20:58:47'),
(1079, 15, 52, 1, '2026-03-31 21:00:33', '2026-03-31 21:00:33'),
(1080, 18, 52, 1, '2026-03-31 21:00:33', '2026-03-31 21:00:33'),
(1081, 19, 52, 1, '2026-03-31 21:00:33', '2026-03-31 21:00:33'),
(1082, 20, 52, 1, '2026-03-31 21:00:33', '2026-03-31 21:00:33'),
(1083, 21, 52, 1, '2026-03-31 21:00:33', '2026-03-31 21:00:33'),
(1084, 22, 52, 1, '2026-03-31 21:00:33', '2026-03-31 21:00:33'),
(1085, 16, 52, 1, '2026-03-31 21:00:33', '2026-03-31 21:00:33'),
(1086, 17, 52, 1, '2026-03-31 21:00:33', '2026-03-31 21:00:33'),
(1087, 4, 52, 1, '2026-03-31 21:00:33', '2026-03-31 21:00:33'),
(1088, 2, 52, 1, '2026-03-31 21:00:33', '2026-03-31 21:00:33'),
(1089, 5, 52, 1, '2026-03-31 21:00:33', '2026-03-31 21:00:33'),
(1090, 14, 52, 1, '2026-03-31 21:00:33', '2026-03-31 21:00:33'),
(1091, 1, 52, 1, '2026-03-31 21:00:33', '2026-03-31 21:00:33'),
(1092, 3, 52, 1, '2026-03-31 21:00:33', '2026-03-31 21:00:33'),
(1093, 15, 53, 1, '2026-03-31 21:00:33', '2026-03-31 21:00:33'),
(1094, 18, 53, 1, '2026-03-31 21:00:33', '2026-03-31 21:00:33'),
(1095, 19, 53, 1, '2026-03-31 21:00:33', '2026-03-31 21:00:33'),
(1096, 20, 53, 1, '2026-03-31 21:00:33', '2026-03-31 21:00:33'),
(1097, 21, 53, 1, '2026-03-31 21:00:33', '2026-03-31 21:00:33'),
(1098, 22, 53, 1, '2026-03-31 21:00:33', '2026-03-31 21:00:33'),
(1099, 16, 53, 1, '2026-03-31 21:00:33', '2026-03-31 21:00:33'),
(1100, 17, 53, 1, '2026-03-31 21:00:33', '2026-03-31 21:00:33'),
(1101, 4, 53, 1, '2026-03-31 21:00:33', '2026-03-31 21:00:33'),
(1102, 2, 53, 1, '2026-03-31 21:00:33', '2026-03-31 21:00:33'),
(1103, 5, 53, 1, '2026-03-31 21:00:33', '2026-03-31 21:00:33'),
(1104, 14, 53, 1, '2026-03-31 21:00:33', '2026-03-31 21:00:33'),
(1105, 1, 53, 1, '2026-03-31 21:00:33', '2026-03-31 21:00:33'),
(1106, 3, 53, 1, '2026-03-31 21:00:33', '2026-03-31 21:00:33'),
(1107, 15, 54, 0, '2026-03-31 21:00:33', '2026-03-31 21:00:33'),
(1108, 18, 54, 0, '2026-03-31 21:00:33', '2026-03-31 21:00:33'),
(1109, 19, 54, 0, '2026-03-31 21:00:33', '2026-03-31 21:00:33'),
(1110, 20, 54, 0, '2026-03-31 21:00:33', '2026-03-31 21:00:33'),
(1111, 21, 54, 0, '2026-03-31 21:00:33', '2026-03-31 21:00:33'),
(1112, 22, 54, 0, '2026-03-31 21:00:33', '2026-03-31 21:00:33'),
(1113, 16, 54, 0, '2026-03-31 21:00:33', '2026-03-31 21:00:33'),
(1114, 17, 54, 0, '2026-03-31 21:00:33', '2026-03-31 21:00:33'),
(1115, 4, 54, 0, '2026-03-31 21:00:33', '2026-03-31 21:00:33'),
(1116, 2, 54, 1, '2026-03-31 21:00:33', '2026-03-31 21:00:33'),
(1117, 5, 54, 1, '2026-03-31 21:00:33', '2026-03-31 21:00:33'),
(1118, 14, 54, 0, '2026-03-31 21:00:33', '2026-03-31 21:00:33'),
(1119, 1, 54, 0, '2026-03-31 21:00:33', '2026-03-31 21:00:33'),
(1120, 3, 54, 0, '2026-03-31 21:00:33', '2026-03-31 21:00:33'),
(1142, 15, 55, 1, '2026-03-31 21:00:36', '2026-03-31 21:00:36'),
(1143, 18, 55, 1, '2026-03-31 21:00:36', '2026-03-31 21:00:36'),
(1144, 19, 55, 1, '2026-03-31 21:00:36', '2026-03-31 21:00:36'),
(1145, 20, 55, 1, '2026-03-31 21:00:36', '2026-03-31 21:00:36'),
(1146, 21, 55, 1, '2026-03-31 21:00:36', '2026-03-31 21:00:36'),
(1147, 22, 55, 1, '2026-03-31 21:00:36', '2026-03-31 21:00:36'),
(1148, 16, 55, 1, '2026-03-31 21:00:36', '2026-03-31 21:00:36'),
(1149, 17, 55, 1, '2026-03-31 21:00:36', '2026-03-31 21:00:36'),
(1150, 4, 55, 1, '2026-03-31 21:00:36', '2026-03-31 21:00:36'),
(1151, 2, 55, 1, '2026-03-31 21:00:36', '2026-03-31 21:00:36'),
(1152, 5, 55, 1, '2026-03-31 21:00:36', '2026-03-31 21:00:36'),
(1153, 14, 55, 1, '2026-03-31 21:00:36', '2026-03-31 21:00:36'),
(1154, 1, 55, 1, '2026-03-31 21:00:36', '2026-03-31 21:00:36'),
(1155, 3, 55, 1, '2026-03-31 21:00:36', '2026-03-31 21:00:36'),
(1156, 15, 56, 1, '2026-03-31 21:00:36', '2026-03-31 21:00:36'),
(1157, 18, 56, 1, '2026-03-31 21:00:36', '2026-03-31 21:00:36'),
(1158, 19, 56, 1, '2026-03-31 21:00:36', '2026-03-31 21:00:36'),
(1159, 20, 56, 1, '2026-03-31 21:00:36', '2026-03-31 21:00:36'),
(1160, 21, 56, 1, '2026-03-31 21:00:36', '2026-03-31 21:00:36'),
(1161, 22, 56, 1, '2026-03-31 21:00:36', '2026-03-31 21:00:36'),
(1162, 16, 56, 1, '2026-03-31 21:00:36', '2026-03-31 21:00:36'),
(1163, 17, 56, 1, '2026-03-31 21:00:36', '2026-03-31 21:00:36'),
(1164, 4, 56, 1, '2026-03-31 21:00:36', '2026-03-31 21:00:36'),
(1165, 2, 56, 1, '2026-03-31 21:00:36', '2026-03-31 21:00:36'),
(1166, 5, 56, 1, '2026-03-31 21:00:36', '2026-03-31 21:00:36'),
(1167, 14, 56, 1, '2026-03-31 21:00:36', '2026-03-31 21:00:36'),
(1168, 1, 56, 1, '2026-03-31 21:00:36', '2026-03-31 21:00:36'),
(1169, 3, 56, 1, '2026-03-31 21:00:36', '2026-03-31 21:00:36'),
(1170, 15, 57, 0, '2026-03-31 21:00:36', '2026-03-31 21:00:36'),
(1171, 18, 57, 0, '2026-03-31 21:00:36', '2026-03-31 21:00:36'),
(1172, 19, 57, 0, '2026-03-31 21:00:36', '2026-03-31 21:00:36'),
(1173, 20, 57, 0, '2026-03-31 21:00:36', '2026-03-31 21:00:36'),
(1174, 21, 57, 0, '2026-03-31 21:00:36', '2026-03-31 21:00:36'),
(1175, 22, 57, 0, '2026-03-31 21:00:36', '2026-03-31 21:00:36'),
(1176, 16, 57, 0, '2026-03-31 21:00:36', '2026-03-31 21:00:36'),
(1177, 17, 57, 0, '2026-03-31 21:00:36', '2026-03-31 21:00:36'),
(1178, 4, 57, 0, '2026-03-31 21:00:36', '2026-03-31 21:00:36'),
(1179, 2, 57, 1, '2026-03-31 21:00:36', '2026-03-31 21:00:36'),
(1180, 5, 57, 1, '2026-03-31 21:00:36', '2026-03-31 21:00:36'),
(1181, 14, 57, 0, '2026-03-31 21:00:36', '2026-03-31 21:00:36'),
(1182, 1, 57, 0, '2026-03-31 21:00:36', '2026-03-31 21:00:36'),
(1183, 3, 57, 0, '2026-03-31 21:00:36', '2026-03-31 21:00:36'),
(1205, 15, 58, 1, '2026-03-31 21:00:39', '2026-03-31 21:00:39'),
(1206, 18, 58, 1, '2026-03-31 21:00:39', '2026-03-31 21:00:39'),
(1207, 19, 58, 1, '2026-03-31 21:00:39', '2026-03-31 21:00:39'),
(1208, 20, 58, 1, '2026-03-31 21:00:39', '2026-03-31 21:00:39'),
(1209, 21, 58, 1, '2026-03-31 21:00:39', '2026-03-31 21:00:39'),
(1210, 22, 58, 1, '2026-03-31 21:00:39', '2026-03-31 21:00:39'),
(1211, 16, 58, 1, '2026-03-31 21:00:39', '2026-03-31 21:00:39'),
(1212, 17, 58, 1, '2026-03-31 21:00:39', '2026-03-31 21:00:39'),
(1213, 4, 58, 1, '2026-03-31 21:00:39', '2026-03-31 21:00:39'),
(1214, 2, 58, 1, '2026-03-31 21:00:39', '2026-03-31 21:00:39'),
(1215, 5, 58, 1, '2026-03-31 21:00:39', '2026-03-31 21:00:39'),
(1216, 14, 58, 1, '2026-03-31 21:00:39', '2026-03-31 21:00:39');
INSERT INTO `usuario_menu_v` (`id_usuario_menu`, `id_usuario`, `id_menu`, `permitido`, `created_at`, `updated_at`) VALUES
(1217, 1, 58, 1, '2026-03-31 21:00:39', '2026-03-31 21:00:39'),
(1218, 3, 58, 1, '2026-03-31 21:00:39', '2026-03-31 21:00:39'),
(1219, 15, 59, 1, '2026-03-31 21:00:39', '2026-03-31 21:00:39'),
(1220, 18, 59, 1, '2026-03-31 21:00:39', '2026-03-31 21:00:39'),
(1221, 19, 59, 1, '2026-03-31 21:00:39', '2026-03-31 21:00:39'),
(1222, 20, 59, 1, '2026-03-31 21:00:39', '2026-03-31 21:00:39'),
(1223, 21, 59, 1, '2026-03-31 21:00:39', '2026-03-31 21:00:39'),
(1224, 22, 59, 1, '2026-03-31 21:00:39', '2026-03-31 21:00:39'),
(1225, 16, 59, 1, '2026-03-31 21:00:39', '2026-03-31 21:00:39'),
(1226, 17, 59, 1, '2026-03-31 21:00:39', '2026-03-31 21:00:39'),
(1227, 4, 59, 1, '2026-03-31 21:00:39', '2026-03-31 21:00:39'),
(1228, 2, 59, 1, '2026-03-31 21:00:39', '2026-03-31 21:00:39'),
(1229, 5, 59, 1, '2026-03-31 21:00:39', '2026-03-31 21:00:39'),
(1230, 14, 59, 1, '2026-03-31 21:00:39', '2026-03-31 21:00:39'),
(1231, 1, 59, 1, '2026-03-31 21:00:39', '2026-03-31 21:00:39'),
(1232, 3, 59, 1, '2026-03-31 21:00:39', '2026-03-31 21:00:39'),
(1233, 15, 60, 0, '2026-03-31 21:00:39', '2026-03-31 21:00:39'),
(1234, 18, 60, 0, '2026-03-31 21:00:39', '2026-03-31 21:00:39'),
(1235, 19, 60, 0, '2026-03-31 21:00:39', '2026-03-31 21:00:39'),
(1236, 20, 60, 0, '2026-03-31 21:00:39', '2026-03-31 21:00:39'),
(1237, 21, 60, 0, '2026-03-31 21:00:39', '2026-03-31 21:00:39'),
(1238, 22, 60, 0, '2026-03-31 21:00:39', '2026-03-31 21:00:39'),
(1239, 16, 60, 0, '2026-03-31 21:00:39', '2026-03-31 21:00:39'),
(1240, 17, 60, 0, '2026-03-31 21:00:39', '2026-03-31 21:00:39'),
(1241, 4, 60, 0, '2026-03-31 21:00:39', '2026-03-31 21:00:39'),
(1242, 2, 60, 1, '2026-03-31 21:00:39', '2026-03-31 21:00:39'),
(1243, 5, 60, 1, '2026-03-31 21:00:39', '2026-03-31 21:00:39'),
(1244, 14, 60, 0, '2026-03-31 21:00:39', '2026-03-31 21:00:39'),
(1245, 1, 60, 0, '2026-03-31 21:00:39', '2026-03-31 21:00:39'),
(1246, 3, 60, 0, '2026-03-31 21:00:39', '2026-03-31 21:00:39'),
(1268, 15, 61, 1, '2026-03-31 21:01:10', '2026-03-31 21:01:10'),
(1269, 18, 61, 1, '2026-03-31 21:01:10', '2026-03-31 21:01:10'),
(1270, 19, 61, 1, '2026-03-31 21:01:10', '2026-03-31 21:01:10'),
(1271, 20, 61, 1, '2026-03-31 21:01:10', '2026-03-31 21:01:10'),
(1272, 21, 61, 1, '2026-03-31 21:01:10', '2026-03-31 21:01:10'),
(1273, 22, 61, 1, '2026-03-31 21:01:10', '2026-03-31 21:01:10'),
(1274, 16, 61, 1, '2026-03-31 21:01:10', '2026-03-31 21:01:10'),
(1275, 17, 61, 1, '2026-03-31 21:01:10', '2026-03-31 21:01:10'),
(1276, 4, 61, 1, '2026-03-31 21:01:10', '2026-03-31 21:01:10'),
(1277, 2, 61, 1, '2026-03-31 21:01:10', '2026-03-31 21:01:10'),
(1278, 5, 61, 1, '2026-03-31 21:01:10', '2026-03-31 21:01:10'),
(1279, 14, 61, 1, '2026-03-31 21:01:10', '2026-03-31 21:01:10'),
(1280, 1, 61, 1, '2026-03-31 21:01:10', '2026-03-31 21:01:10'),
(1281, 3, 61, 1, '2026-03-31 21:01:10', '2026-03-31 21:01:10'),
(1282, 15, 62, 1, '2026-03-31 21:01:10', '2026-03-31 21:01:10'),
(1283, 18, 62, 1, '2026-03-31 21:01:10', '2026-03-31 21:01:10'),
(1284, 19, 62, 1, '2026-03-31 21:01:10', '2026-03-31 21:01:10'),
(1285, 20, 62, 1, '2026-03-31 21:01:10', '2026-03-31 21:01:10'),
(1286, 21, 62, 1, '2026-03-31 21:01:10', '2026-03-31 21:01:10'),
(1287, 22, 62, 1, '2026-03-31 21:01:10', '2026-03-31 21:01:10'),
(1288, 16, 62, 1, '2026-03-31 21:01:10', '2026-03-31 21:01:10'),
(1289, 17, 62, 1, '2026-03-31 21:01:10', '2026-03-31 21:01:10'),
(1290, 4, 62, 1, '2026-03-31 21:01:10', '2026-03-31 21:01:10'),
(1291, 2, 62, 1, '2026-03-31 21:01:10', '2026-03-31 21:01:10'),
(1292, 5, 62, 1, '2026-03-31 21:01:10', '2026-03-31 21:01:10'),
(1293, 14, 62, 1, '2026-03-31 21:01:10', '2026-03-31 21:01:10'),
(1294, 1, 62, 1, '2026-03-31 21:01:10', '2026-03-31 21:01:10'),
(1295, 3, 62, 1, '2026-03-31 21:01:10', '2026-03-31 21:01:10'),
(1296, 15, 63, 0, '2026-03-31 21:01:10', '2026-03-31 21:01:10'),
(1297, 18, 63, 0, '2026-03-31 21:01:10', '2026-03-31 21:01:10'),
(1298, 19, 63, 0, '2026-03-31 21:01:10', '2026-03-31 21:01:10'),
(1299, 20, 63, 0, '2026-03-31 21:01:10', '2026-03-31 21:01:10'),
(1300, 21, 63, 0, '2026-03-31 21:01:10', '2026-03-31 21:01:10'),
(1301, 22, 63, 0, '2026-03-31 21:01:10', '2026-03-31 21:01:10'),
(1302, 16, 63, 0, '2026-03-31 21:01:10', '2026-03-31 21:01:10'),
(1303, 17, 63, 0, '2026-03-31 21:01:10', '2026-03-31 21:01:10'),
(1304, 4, 63, 0, '2026-03-31 21:01:10', '2026-03-31 21:01:10'),
(1305, 2, 63, 1, '2026-03-31 21:01:10', '2026-03-31 21:01:10'),
(1306, 5, 63, 1, '2026-03-31 21:01:10', '2026-03-31 21:01:10'),
(1307, 14, 63, 0, '2026-03-31 21:01:10', '2026-03-31 21:01:10'),
(1308, 1, 63, 0, '2026-03-31 21:01:10', '2026-03-31 21:01:10'),
(1309, 3, 63, 0, '2026-03-31 21:01:10', '2026-03-31 21:01:10'),
(1331, 15, 64, 1, '2026-03-31 21:01:56', '2026-03-31 21:01:56'),
(1332, 18, 64, 1, '2026-03-31 21:01:56', '2026-03-31 21:01:56'),
(1333, 19, 64, 1, '2026-03-31 21:01:56', '2026-03-31 21:01:56'),
(1334, 20, 64, 1, '2026-03-31 21:01:56', '2026-03-31 21:01:56'),
(1335, 21, 64, 1, '2026-03-31 21:01:56', '2026-03-31 21:01:56'),
(1336, 22, 64, 1, '2026-03-31 21:01:56', '2026-03-31 21:01:56'),
(1337, 16, 64, 1, '2026-03-31 21:01:56', '2026-03-31 21:01:56'),
(1338, 17, 64, 1, '2026-03-31 21:01:56', '2026-03-31 21:01:56'),
(1339, 4, 64, 1, '2026-03-31 21:01:56', '2026-03-31 21:01:56'),
(1340, 2, 64, 1, '2026-03-31 21:01:56', '2026-03-31 21:01:56'),
(1341, 5, 64, 1, '2026-03-31 21:01:56', '2026-03-31 21:01:56'),
(1342, 14, 64, 1, '2026-03-31 21:01:56', '2026-03-31 21:01:56'),
(1343, 1, 64, 1, '2026-03-31 21:01:56', '2026-03-31 21:01:56'),
(1344, 3, 64, 1, '2026-03-31 21:01:56', '2026-03-31 21:01:56'),
(1345, 15, 65, 1, '2026-03-31 21:01:56', '2026-03-31 21:01:56'),
(1346, 18, 65, 1, '2026-03-31 21:01:56', '2026-03-31 21:01:56'),
(1347, 19, 65, 1, '2026-03-31 21:01:56', '2026-03-31 21:01:56'),
(1348, 20, 65, 1, '2026-03-31 21:01:56', '2026-03-31 21:01:56'),
(1349, 21, 65, 1, '2026-03-31 21:01:56', '2026-03-31 21:01:56'),
(1350, 22, 65, 1, '2026-03-31 21:01:56', '2026-03-31 21:01:56'),
(1351, 16, 65, 1, '2026-03-31 21:01:56', '2026-03-31 21:01:56'),
(1352, 17, 65, 1, '2026-03-31 21:01:56', '2026-03-31 21:01:56'),
(1353, 4, 65, 1, '2026-03-31 21:01:56', '2026-03-31 21:01:56'),
(1354, 2, 65, 1, '2026-03-31 21:01:56', '2026-03-31 21:01:56'),
(1355, 5, 65, 1, '2026-03-31 21:01:56', '2026-03-31 21:01:56'),
(1356, 14, 65, 1, '2026-03-31 21:01:56', '2026-03-31 21:01:56'),
(1357, 1, 65, 1, '2026-03-31 21:01:56', '2026-03-31 21:01:56'),
(1358, 3, 65, 1, '2026-03-31 21:01:56', '2026-03-31 21:01:56'),
(1359, 15, 66, 0, '2026-03-31 21:01:56', '2026-03-31 21:01:56'),
(1360, 18, 66, 0, '2026-03-31 21:01:56', '2026-03-31 21:01:56'),
(1361, 19, 66, 0, '2026-03-31 21:01:56', '2026-03-31 21:01:56'),
(1362, 20, 66, 0, '2026-03-31 21:01:56', '2026-03-31 21:01:56'),
(1363, 21, 66, 0, '2026-03-31 21:01:56', '2026-03-31 21:01:56'),
(1364, 22, 66, 0, '2026-03-31 21:01:56', '2026-03-31 21:01:56'),
(1365, 16, 66, 0, '2026-03-31 21:01:56', '2026-03-31 21:01:56'),
(1366, 17, 66, 0, '2026-03-31 21:01:56', '2026-03-31 21:01:56'),
(1367, 4, 66, 0, '2026-03-31 21:01:56', '2026-03-31 21:01:56'),
(1368, 2, 66, 1, '2026-03-31 21:01:56', '2026-03-31 21:01:56'),
(1369, 5, 66, 1, '2026-03-31 21:01:56', '2026-03-31 21:01:56'),
(1370, 14, 66, 0, '2026-03-31 21:01:56', '2026-03-31 21:01:56'),
(1371, 1, 66, 0, '2026-03-31 21:01:56', '2026-03-31 21:01:56'),
(1372, 3, 66, 0, '2026-03-31 21:01:56', '2026-03-31 21:01:56'),
(1394, 15, 67, 1, '2026-03-31 21:02:01', '2026-03-31 21:02:01'),
(1395, 18, 67, 1, '2026-03-31 21:02:01', '2026-03-31 21:02:01'),
(1396, 19, 67, 1, '2026-03-31 21:02:01', '2026-03-31 21:02:01'),
(1397, 20, 67, 1, '2026-03-31 21:02:01', '2026-03-31 21:02:01'),
(1398, 21, 67, 1, '2026-03-31 21:02:01', '2026-03-31 21:02:01'),
(1399, 22, 67, 1, '2026-03-31 21:02:01', '2026-03-31 21:02:01'),
(1400, 16, 67, 1, '2026-03-31 21:02:01', '2026-03-31 21:02:01'),
(1401, 17, 67, 1, '2026-03-31 21:02:01', '2026-03-31 21:02:01'),
(1402, 4, 67, 1, '2026-03-31 21:02:01', '2026-03-31 21:02:01'),
(1403, 2, 67, 1, '2026-03-31 21:02:01', '2026-03-31 21:02:01'),
(1404, 5, 67, 1, '2026-03-31 21:02:01', '2026-03-31 21:02:01'),
(1405, 14, 67, 1, '2026-03-31 21:02:01', '2026-03-31 21:02:01'),
(1406, 1, 67, 1, '2026-03-31 21:02:01', '2026-03-31 21:02:01'),
(1407, 3, 67, 1, '2026-03-31 21:02:01', '2026-03-31 21:02:01'),
(1408, 15, 68, 1, '2026-03-31 21:02:01', '2026-03-31 21:02:01'),
(1409, 18, 68, 1, '2026-03-31 21:02:01', '2026-03-31 21:02:01'),
(1410, 19, 68, 1, '2026-03-31 21:02:01', '2026-03-31 21:02:01'),
(1411, 20, 68, 1, '2026-03-31 21:02:01', '2026-03-31 21:02:01'),
(1412, 21, 68, 1, '2026-03-31 21:02:01', '2026-03-31 21:02:01'),
(1413, 22, 68, 1, '2026-03-31 21:02:01', '2026-03-31 21:02:01'),
(1414, 16, 68, 1, '2026-03-31 21:02:01', '2026-03-31 21:02:01'),
(1415, 17, 68, 1, '2026-03-31 21:02:01', '2026-03-31 21:02:01'),
(1416, 4, 68, 1, '2026-03-31 21:02:01', '2026-03-31 21:02:01'),
(1417, 2, 68, 1, '2026-03-31 21:02:01', '2026-03-31 21:02:01'),
(1418, 5, 68, 1, '2026-03-31 21:02:01', '2026-03-31 21:02:01'),
(1419, 14, 68, 1, '2026-03-31 21:02:01', '2026-03-31 21:02:01'),
(1420, 1, 68, 1, '2026-03-31 21:02:01', '2026-03-31 21:02:01'),
(1421, 3, 68, 1, '2026-03-31 21:02:01', '2026-03-31 21:02:01'),
(1422, 15, 69, 0, '2026-03-31 21:02:01', '2026-03-31 21:02:01'),
(1423, 18, 69, 0, '2026-03-31 21:02:01', '2026-03-31 21:02:01'),
(1424, 19, 69, 0, '2026-03-31 21:02:01', '2026-03-31 21:02:01'),
(1425, 20, 69, 0, '2026-03-31 21:02:01', '2026-03-31 21:02:01'),
(1426, 21, 69, 0, '2026-03-31 21:02:01', '2026-03-31 21:02:01'),
(1427, 22, 69, 0, '2026-03-31 21:02:01', '2026-03-31 21:02:01'),
(1428, 16, 69, 0, '2026-03-31 21:02:01', '2026-03-31 21:02:01'),
(1429, 17, 69, 0, '2026-03-31 21:02:01', '2026-03-31 21:02:01'),
(1430, 4, 69, 0, '2026-03-31 21:02:01', '2026-03-31 21:02:01'),
(1431, 2, 69, 1, '2026-03-31 21:02:01', '2026-03-31 21:02:01'),
(1432, 5, 69, 1, '2026-03-31 21:02:01', '2026-03-31 21:02:01'),
(1433, 14, 69, 0, '2026-03-31 21:02:01', '2026-03-31 21:02:01'),
(1434, 1, 69, 0, '2026-03-31 21:02:01', '2026-03-31 21:02:01'),
(1435, 3, 69, 0, '2026-03-31 21:02:01', '2026-03-31 21:02:01'),
(1457, 15, 70, 1, '2026-03-31 21:04:07', '2026-03-31 21:04:07'),
(1458, 18, 70, 1, '2026-03-31 21:04:07', '2026-03-31 21:04:07'),
(1459, 19, 70, 1, '2026-03-31 21:04:07', '2026-03-31 21:04:07'),
(1460, 20, 70, 1, '2026-03-31 21:04:07', '2026-03-31 21:04:07'),
(1461, 21, 70, 1, '2026-03-31 21:04:07', '2026-03-31 21:04:07'),
(1462, 22, 70, 1, '2026-03-31 21:04:07', '2026-03-31 21:04:07'),
(1463, 16, 70, 1, '2026-03-31 21:04:07', '2026-03-31 21:04:07'),
(1464, 17, 70, 1, '2026-03-31 21:04:07', '2026-03-31 21:04:07'),
(1465, 4, 70, 1, '2026-03-31 21:04:07', '2026-03-31 21:04:07'),
(1466, 2, 70, 1, '2026-03-31 21:04:07', '2026-03-31 21:04:07'),
(1467, 5, 70, 1, '2026-03-31 21:04:07', '2026-03-31 21:04:07'),
(1468, 14, 70, 1, '2026-03-31 21:04:07', '2026-03-31 21:04:07'),
(1469, 1, 70, 1, '2026-03-31 21:04:07', '2026-03-31 21:04:07'),
(1470, 3, 70, 1, '2026-03-31 21:04:07', '2026-03-31 21:04:07'),
(1471, 15, 71, 1, '2026-03-31 21:04:07', '2026-03-31 21:04:07'),
(1472, 18, 71, 1, '2026-03-31 21:04:07', '2026-03-31 21:04:07'),
(1473, 19, 71, 1, '2026-03-31 21:04:07', '2026-03-31 21:04:07'),
(1474, 20, 71, 1, '2026-03-31 21:04:07', '2026-03-31 21:04:07'),
(1475, 21, 71, 1, '2026-03-31 21:04:07', '2026-03-31 21:04:07'),
(1476, 22, 71, 1, '2026-03-31 21:04:07', '2026-03-31 21:04:07'),
(1477, 16, 71, 1, '2026-03-31 21:04:07', '2026-03-31 21:04:07'),
(1478, 17, 71, 1, '2026-03-31 21:04:07', '2026-03-31 21:04:07'),
(1479, 4, 71, 1, '2026-03-31 21:04:07', '2026-03-31 21:04:07'),
(1480, 2, 71, 1, '2026-03-31 21:04:07', '2026-03-31 21:04:07'),
(1481, 5, 71, 1, '2026-03-31 21:04:07', '2026-03-31 21:04:07'),
(1482, 14, 71, 1, '2026-03-31 21:04:07', '2026-03-31 21:04:07'),
(1483, 1, 71, 1, '2026-03-31 21:04:07', '2026-03-31 21:04:07'),
(1484, 3, 71, 1, '2026-03-31 21:04:07', '2026-03-31 21:04:07'),
(1485, 15, 72, 0, '2026-03-31 21:04:07', '2026-03-31 21:04:07'),
(1486, 18, 72, 0, '2026-03-31 21:04:07', '2026-03-31 21:04:07'),
(1487, 19, 72, 0, '2026-03-31 21:04:07', '2026-03-31 21:04:07'),
(1488, 20, 72, 0, '2026-03-31 21:04:07', '2026-03-31 21:04:07'),
(1489, 21, 72, 0, '2026-03-31 21:04:07', '2026-03-31 21:04:07'),
(1490, 22, 72, 0, '2026-03-31 21:04:07', '2026-03-31 21:04:07'),
(1491, 16, 72, 0, '2026-03-31 21:04:07', '2026-03-31 21:04:07'),
(1492, 17, 72, 0, '2026-03-31 21:04:07', '2026-03-31 21:04:07'),
(1493, 4, 72, 0, '2026-03-31 21:04:07', '2026-03-31 21:04:07'),
(1494, 2, 72, 1, '2026-03-31 21:04:07', '2026-03-31 21:04:07'),
(1495, 5, 72, 1, '2026-03-31 21:04:07', '2026-03-31 21:04:07'),
(1496, 14, 72, 0, '2026-03-31 21:04:07', '2026-03-31 21:04:07'),
(1497, 1, 72, 0, '2026-03-31 21:04:07', '2026-03-31 21:04:07'),
(1498, 3, 72, 0, '2026-03-31 21:04:07', '2026-03-31 21:04:07'),
(1520, 15, 73, 1, '2026-03-31 21:11:11', '2026-03-31 21:11:11'),
(1521, 18, 73, 1, '2026-03-31 21:11:11', '2026-03-31 21:11:11'),
(1522, 19, 73, 1, '2026-03-31 21:11:11', '2026-03-31 21:11:11'),
(1523, 20, 73, 1, '2026-03-31 21:11:11', '2026-03-31 21:11:11'),
(1524, 21, 73, 1, '2026-03-31 21:11:11', '2026-03-31 21:11:11'),
(1525, 22, 73, 1, '2026-03-31 21:11:11', '2026-03-31 21:11:11'),
(1526, 16, 73, 1, '2026-03-31 21:11:11', '2026-03-31 21:11:11'),
(1527, 17, 73, 1, '2026-03-31 21:11:11', '2026-03-31 21:11:11'),
(1528, 4, 73, 1, '2026-03-31 21:11:11', '2026-03-31 21:11:11'),
(1529, 2, 73, 1, '2026-03-31 21:11:11', '2026-03-31 21:11:11'),
(1530, 5, 73, 1, '2026-03-31 21:11:11', '2026-03-31 21:11:11'),
(1531, 14, 73, 1, '2026-03-31 21:11:11', '2026-03-31 21:11:11'),
(1532, 1, 73, 1, '2026-03-31 21:11:11', '2026-03-31 21:11:11'),
(1533, 3, 73, 1, '2026-03-31 21:11:11', '2026-03-31 21:11:11'),
(1534, 15, 74, 1, '2026-03-31 21:11:11', '2026-03-31 21:11:11'),
(1535, 18, 74, 1, '2026-03-31 21:11:11', '2026-03-31 21:11:11'),
(1536, 19, 74, 1, '2026-03-31 21:11:11', '2026-03-31 21:11:11'),
(1537, 20, 74, 1, '2026-03-31 21:11:11', '2026-03-31 21:11:11'),
(1538, 21, 74, 1, '2026-03-31 21:11:11', '2026-03-31 21:11:11'),
(1539, 22, 74, 1, '2026-03-31 21:11:11', '2026-03-31 21:11:11'),
(1540, 16, 74, 1, '2026-03-31 21:11:11', '2026-03-31 21:11:11'),
(1541, 17, 74, 1, '2026-03-31 21:11:11', '2026-03-31 21:11:11'),
(1542, 4, 74, 1, '2026-03-31 21:11:11', '2026-03-31 21:11:11'),
(1543, 2, 74, 1, '2026-03-31 21:11:11', '2026-03-31 21:11:11'),
(1544, 5, 74, 1, '2026-03-31 21:11:11', '2026-03-31 21:11:11'),
(1545, 14, 74, 1, '2026-03-31 21:11:11', '2026-03-31 21:11:11'),
(1546, 1, 74, 1, '2026-03-31 21:11:11', '2026-03-31 21:11:11'),
(1547, 3, 74, 1, '2026-03-31 21:11:11', '2026-03-31 21:11:11'),
(1548, 15, 75, 0, '2026-03-31 21:11:11', '2026-03-31 21:11:11'),
(1549, 18, 75, 0, '2026-03-31 21:11:11', '2026-03-31 21:11:11'),
(1550, 19, 75, 0, '2026-03-31 21:11:11', '2026-03-31 21:11:11'),
(1551, 20, 75, 0, '2026-03-31 21:11:11', '2026-03-31 21:11:11'),
(1552, 21, 75, 0, '2026-03-31 21:11:11', '2026-03-31 21:11:11'),
(1553, 22, 75, 0, '2026-03-31 21:11:11', '2026-03-31 21:11:11'),
(1554, 16, 75, 0, '2026-03-31 21:11:11', '2026-03-31 21:11:11'),
(1555, 17, 75, 0, '2026-03-31 21:11:11', '2026-03-31 21:11:11'),
(1556, 4, 75, 0, '2026-03-31 21:11:11', '2026-03-31 21:11:11'),
(1557, 2, 75, 1, '2026-03-31 21:11:11', '2026-03-31 21:11:11'),
(1558, 5, 75, 1, '2026-03-31 21:11:11', '2026-03-31 21:11:11'),
(1559, 14, 75, 0, '2026-03-31 21:11:11', '2026-03-31 21:11:11'),
(1560, 1, 75, 0, '2026-03-31 21:11:11', '2026-03-31 21:11:11'),
(1561, 3, 75, 0, '2026-03-31 21:11:11', '2026-03-31 21:11:11'),
(1583, 15, 76, 1, '2026-03-31 21:12:26', '2026-03-31 21:12:26'),
(1584, 18, 76, 1, '2026-03-31 21:12:26', '2026-03-31 21:12:26'),
(1585, 19, 76, 1, '2026-03-31 21:12:26', '2026-03-31 21:12:26'),
(1586, 20, 76, 1, '2026-03-31 21:12:26', '2026-03-31 21:12:26'),
(1587, 21, 76, 1, '2026-03-31 21:12:26', '2026-03-31 21:12:26'),
(1588, 22, 76, 1, '2026-03-31 21:12:26', '2026-03-31 21:12:26'),
(1589, 16, 76, 1, '2026-03-31 21:12:26', '2026-03-31 21:12:26'),
(1590, 17, 76, 1, '2026-03-31 21:12:26', '2026-03-31 21:12:26'),
(1591, 4, 76, 1, '2026-03-31 21:12:26', '2026-03-31 21:12:26'),
(1592, 2, 76, 1, '2026-03-31 21:12:26', '2026-03-31 21:12:26'),
(1593, 5, 76, 1, '2026-03-31 21:12:26', '2026-03-31 21:12:26'),
(1594, 14, 76, 1, '2026-03-31 21:12:26', '2026-03-31 21:12:26'),
(1595, 1, 76, 1, '2026-03-31 21:12:26', '2026-03-31 21:12:26'),
(1596, 3, 76, 1, '2026-03-31 21:12:26', '2026-03-31 21:12:26'),
(1597, 15, 77, 1, '2026-03-31 21:12:26', '2026-03-31 21:12:26'),
(1598, 18, 77, 1, '2026-03-31 21:12:26', '2026-03-31 21:12:26'),
(1599, 19, 77, 1, '2026-03-31 21:12:26', '2026-03-31 21:12:26'),
(1600, 20, 77, 1, '2026-03-31 21:12:26', '2026-03-31 21:12:26'),
(1601, 21, 77, 1, '2026-03-31 21:12:26', '2026-03-31 21:12:26'),
(1602, 22, 77, 1, '2026-03-31 21:12:26', '2026-03-31 21:12:26'),
(1603, 16, 77, 1, '2026-03-31 21:12:26', '2026-03-31 21:12:26'),
(1604, 17, 77, 1, '2026-03-31 21:12:26', '2026-03-31 21:12:26'),
(1605, 4, 77, 1, '2026-03-31 21:12:26', '2026-03-31 21:12:26'),
(1606, 2, 77, 1, '2026-03-31 21:12:26', '2026-03-31 21:12:26'),
(1607, 5, 77, 1, '2026-03-31 21:12:26', '2026-03-31 21:12:26'),
(1608, 14, 77, 1, '2026-03-31 21:12:26', '2026-03-31 21:12:26'),
(1609, 1, 77, 1, '2026-03-31 21:12:26', '2026-03-31 21:12:26'),
(1610, 3, 77, 1, '2026-03-31 21:12:26', '2026-03-31 21:12:26'),
(1611, 15, 78, 0, '2026-03-31 21:12:26', '2026-03-31 21:12:26'),
(1612, 18, 78, 0, '2026-03-31 21:12:26', '2026-03-31 21:12:26'),
(1613, 19, 78, 0, '2026-03-31 21:12:26', '2026-03-31 21:12:26'),
(1614, 20, 78, 0, '2026-03-31 21:12:26', '2026-03-31 21:12:26'),
(1615, 21, 78, 0, '2026-03-31 21:12:26', '2026-03-31 21:12:26'),
(1616, 22, 78, 0, '2026-03-31 21:12:26', '2026-03-31 21:12:26'),
(1617, 16, 78, 0, '2026-03-31 21:12:26', '2026-03-31 21:12:26'),
(1618, 17, 78, 0, '2026-03-31 21:12:26', '2026-03-31 21:12:26'),
(1619, 4, 78, 0, '2026-03-31 21:12:26', '2026-03-31 21:12:26'),
(1620, 2, 78, 1, '2026-03-31 21:12:26', '2026-03-31 21:12:26'),
(1621, 5, 78, 1, '2026-03-31 21:12:26', '2026-03-31 21:12:26'),
(1622, 14, 78, 0, '2026-03-31 21:12:26', '2026-03-31 21:12:26'),
(1623, 1, 78, 0, '2026-03-31 21:12:26', '2026-03-31 21:12:26'),
(1624, 3, 78, 0, '2026-03-31 21:12:26', '2026-03-31 21:12:26'),
(1646, 15, 79, 1, '2026-03-31 21:13:17', '2026-03-31 21:13:17'),
(1647, 18, 79, 1, '2026-03-31 21:13:17', '2026-03-31 21:13:17'),
(1648, 19, 79, 1, '2026-03-31 21:13:17', '2026-03-31 21:13:17'),
(1649, 20, 79, 1, '2026-03-31 21:13:17', '2026-03-31 21:13:17'),
(1650, 21, 79, 1, '2026-03-31 21:13:17', '2026-03-31 21:13:17'),
(1651, 22, 79, 1, '2026-03-31 21:13:17', '2026-03-31 21:13:17'),
(1652, 16, 79, 1, '2026-03-31 21:13:17', '2026-03-31 21:13:17'),
(1653, 17, 79, 1, '2026-03-31 21:13:17', '2026-03-31 21:13:17'),
(1654, 4, 79, 1, '2026-03-31 21:13:17', '2026-03-31 21:13:17'),
(1655, 2, 79, 1, '2026-03-31 21:13:17', '2026-03-31 21:13:17'),
(1656, 5, 79, 1, '2026-03-31 21:13:17', '2026-03-31 21:13:17'),
(1657, 14, 79, 1, '2026-03-31 21:13:17', '2026-03-31 21:13:17'),
(1658, 1, 79, 1, '2026-03-31 21:13:17', '2026-03-31 21:13:17'),
(1659, 3, 79, 1, '2026-03-31 21:13:17', '2026-03-31 21:13:17'),
(1660, 15, 80, 1, '2026-03-31 21:13:17', '2026-03-31 21:13:17'),
(1661, 18, 80, 1, '2026-03-31 21:13:17', '2026-03-31 21:13:17'),
(1662, 19, 80, 1, '2026-03-31 21:13:17', '2026-03-31 21:13:17'),
(1663, 20, 80, 1, '2026-03-31 21:13:17', '2026-03-31 21:13:17'),
(1664, 21, 80, 1, '2026-03-31 21:13:17', '2026-03-31 21:13:17'),
(1665, 22, 80, 1, '2026-03-31 21:13:17', '2026-03-31 21:13:17'),
(1666, 16, 80, 1, '2026-03-31 21:13:17', '2026-03-31 21:13:17'),
(1667, 17, 80, 1, '2026-03-31 21:13:17', '2026-03-31 21:13:17'),
(1668, 4, 80, 1, '2026-03-31 21:13:17', '2026-03-31 21:13:17'),
(1669, 2, 80, 1, '2026-03-31 21:13:17', '2026-03-31 21:13:17'),
(1670, 5, 80, 1, '2026-03-31 21:13:17', '2026-03-31 21:13:17'),
(1671, 14, 80, 1, '2026-03-31 21:13:17', '2026-03-31 21:13:17'),
(1672, 1, 80, 1, '2026-03-31 21:13:17', '2026-03-31 21:13:17'),
(1673, 3, 80, 1, '2026-03-31 21:13:17', '2026-03-31 21:13:17'),
(1674, 15, 81, 0, '2026-03-31 21:13:17', '2026-03-31 21:13:17'),
(1675, 18, 81, 0, '2026-03-31 21:13:17', '2026-03-31 21:13:17'),
(1676, 19, 81, 0, '2026-03-31 21:13:17', '2026-03-31 21:13:17'),
(1677, 20, 81, 0, '2026-03-31 21:13:17', '2026-03-31 21:13:17'),
(1678, 21, 81, 0, '2026-03-31 21:13:17', '2026-03-31 21:13:17'),
(1679, 22, 81, 0, '2026-03-31 21:13:17', '2026-03-31 21:13:17'),
(1680, 16, 81, 0, '2026-03-31 21:13:17', '2026-03-31 21:13:17'),
(1681, 17, 81, 0, '2026-03-31 21:13:17', '2026-03-31 21:13:17'),
(1682, 4, 81, 0, '2026-03-31 21:13:17', '2026-03-31 21:13:17'),
(1683, 2, 81, 1, '2026-03-31 21:13:17', '2026-03-31 21:13:17'),
(1684, 5, 81, 1, '2026-03-31 21:13:17', '2026-03-31 21:13:17'),
(1685, 14, 81, 0, '2026-03-31 21:13:17', '2026-03-31 21:13:17'),
(1686, 1, 81, 0, '2026-03-31 21:13:17', '2026-03-31 21:13:17'),
(1687, 3, 81, 0, '2026-03-31 21:13:17', '2026-03-31 21:13:17'),
(1709, 15, 82, 1, '2026-03-31 21:13:34', '2026-03-31 21:13:34'),
(1710, 18, 82, 1, '2026-03-31 21:13:34', '2026-03-31 21:13:34'),
(1711, 19, 82, 1, '2026-03-31 21:13:34', '2026-03-31 21:13:34'),
(1712, 20, 82, 1, '2026-03-31 21:13:34', '2026-03-31 21:13:34'),
(1713, 21, 82, 1, '2026-03-31 21:13:34', '2026-03-31 21:13:34'),
(1714, 22, 82, 1, '2026-03-31 21:13:34', '2026-03-31 21:13:34'),
(1715, 16, 82, 1, '2026-03-31 21:13:34', '2026-03-31 21:13:34'),
(1716, 17, 82, 1, '2026-03-31 21:13:34', '2026-03-31 21:13:34'),
(1717, 4, 82, 1, '2026-03-31 21:13:34', '2026-03-31 21:13:34'),
(1718, 2, 82, 1, '2026-03-31 21:13:34', '2026-03-31 21:13:34'),
(1719, 5, 82, 1, '2026-03-31 21:13:34', '2026-03-31 21:13:34'),
(1720, 14, 82, 1, '2026-03-31 21:13:34', '2026-03-31 21:13:34'),
(1721, 1, 82, 1, '2026-03-31 21:13:34', '2026-03-31 21:13:34'),
(1722, 3, 82, 1, '2026-03-31 21:13:34', '2026-03-31 21:13:34'),
(1723, 15, 83, 1, '2026-03-31 21:13:34', '2026-03-31 21:13:34'),
(1724, 18, 83, 1, '2026-03-31 21:13:34', '2026-03-31 21:13:34'),
(1725, 19, 83, 1, '2026-03-31 21:13:34', '2026-03-31 21:13:34'),
(1726, 20, 83, 1, '2026-03-31 21:13:34', '2026-03-31 21:13:34'),
(1727, 21, 83, 1, '2026-03-31 21:13:34', '2026-03-31 21:13:34'),
(1728, 22, 83, 1, '2026-03-31 21:13:34', '2026-03-31 21:13:34'),
(1729, 16, 83, 1, '2026-03-31 21:13:34', '2026-03-31 21:13:34'),
(1730, 17, 83, 1, '2026-03-31 21:13:34', '2026-03-31 21:13:34'),
(1731, 4, 83, 1, '2026-03-31 21:13:34', '2026-03-31 21:13:34'),
(1732, 2, 83, 1, '2026-03-31 21:13:34', '2026-03-31 21:13:34'),
(1733, 5, 83, 1, '2026-03-31 21:13:34', '2026-03-31 21:13:34'),
(1734, 14, 83, 1, '2026-03-31 21:13:34', '2026-03-31 21:13:34'),
(1735, 1, 83, 1, '2026-03-31 21:13:34', '2026-03-31 21:13:34'),
(1736, 3, 83, 1, '2026-03-31 21:13:34', '2026-03-31 21:13:34'),
(1737, 15, 84, 0, '2026-03-31 21:13:34', '2026-03-31 21:13:34'),
(1738, 18, 84, 0, '2026-03-31 21:13:34', '2026-03-31 21:13:34'),
(1739, 19, 84, 0, '2026-03-31 21:13:34', '2026-03-31 21:13:34'),
(1740, 20, 84, 0, '2026-03-31 21:13:34', '2026-03-31 21:13:34'),
(1741, 21, 84, 0, '2026-03-31 21:13:34', '2026-03-31 21:13:34'),
(1742, 22, 84, 0, '2026-03-31 21:13:34', '2026-03-31 21:13:34'),
(1743, 16, 84, 0, '2026-03-31 21:13:34', '2026-03-31 21:13:34'),
(1744, 17, 84, 0, '2026-03-31 21:13:34', '2026-03-31 21:13:34'),
(1745, 4, 84, 0, '2026-03-31 21:13:34', '2026-03-31 21:13:34'),
(1746, 2, 84, 1, '2026-03-31 21:13:34', '2026-03-31 21:13:34'),
(1747, 5, 84, 1, '2026-03-31 21:13:34', '2026-03-31 21:13:34'),
(1748, 14, 84, 0, '2026-03-31 21:13:34', '2026-03-31 21:13:34'),
(1749, 1, 84, 0, '2026-03-31 21:13:34', '2026-03-31 21:13:34'),
(1750, 3, 84, 0, '2026-03-31 21:13:34', '2026-03-31 21:13:34'),
(1772, 15, 85, 1, '2026-03-31 21:14:27', '2026-03-31 21:14:27'),
(1773, 18, 85, 1, '2026-03-31 21:14:27', '2026-03-31 21:14:27'),
(1774, 19, 85, 1, '2026-03-31 21:14:27', '2026-03-31 21:14:27'),
(1775, 20, 85, 1, '2026-03-31 21:14:27', '2026-03-31 21:14:27'),
(1776, 21, 85, 1, '2026-03-31 21:14:27', '2026-03-31 21:14:27'),
(1777, 22, 85, 1, '2026-03-31 21:14:27', '2026-03-31 21:14:27'),
(1778, 16, 85, 1, '2026-03-31 21:14:27', '2026-03-31 21:14:27'),
(1779, 17, 85, 1, '2026-03-31 21:14:27', '2026-03-31 21:14:27'),
(1780, 4, 85, 1, '2026-03-31 21:14:27', '2026-03-31 21:14:27'),
(1781, 2, 85, 1, '2026-03-31 21:14:27', '2026-03-31 21:14:27'),
(1782, 5, 85, 1, '2026-03-31 21:14:27', '2026-03-31 21:14:27'),
(1783, 14, 85, 1, '2026-03-31 21:14:27', '2026-03-31 21:14:27'),
(1784, 1, 85, 1, '2026-03-31 21:14:27', '2026-03-31 21:14:27'),
(1785, 3, 85, 1, '2026-03-31 21:14:27', '2026-03-31 21:14:27'),
(1786, 15, 86, 1, '2026-03-31 21:14:27', '2026-03-31 21:14:27'),
(1787, 18, 86, 1, '2026-03-31 21:14:27', '2026-03-31 21:14:27'),
(1788, 19, 86, 1, '2026-03-31 21:14:27', '2026-03-31 21:14:27'),
(1789, 20, 86, 1, '2026-03-31 21:14:27', '2026-03-31 21:14:27'),
(1790, 21, 86, 1, '2026-03-31 21:14:27', '2026-03-31 21:14:27'),
(1791, 22, 86, 1, '2026-03-31 21:14:27', '2026-03-31 21:14:27'),
(1792, 16, 86, 1, '2026-03-31 21:14:27', '2026-03-31 21:14:27'),
(1793, 17, 86, 1, '2026-03-31 21:14:27', '2026-03-31 21:14:27'),
(1794, 4, 86, 1, '2026-03-31 21:14:27', '2026-03-31 21:14:27'),
(1795, 2, 86, 1, '2026-03-31 21:14:27', '2026-03-31 21:14:27'),
(1796, 5, 86, 1, '2026-03-31 21:14:27', '2026-03-31 21:14:27'),
(1797, 14, 86, 1, '2026-03-31 21:14:27', '2026-03-31 21:14:27'),
(1798, 1, 86, 1, '2026-03-31 21:14:27', '2026-03-31 21:14:27'),
(1799, 3, 86, 1, '2026-03-31 21:14:27', '2026-03-31 21:14:27'),
(1800, 15, 87, 0, '2026-03-31 21:14:27', '2026-03-31 21:14:27'),
(1801, 18, 87, 0, '2026-03-31 21:14:27', '2026-03-31 21:14:27'),
(1802, 19, 87, 0, '2026-03-31 21:14:27', '2026-03-31 21:14:27'),
(1803, 20, 87, 0, '2026-03-31 21:14:27', '2026-03-31 21:14:27'),
(1804, 21, 87, 0, '2026-03-31 21:14:27', '2026-03-31 21:14:27'),
(1805, 22, 87, 0, '2026-03-31 21:14:27', '2026-03-31 21:14:27'),
(1806, 16, 87, 0, '2026-03-31 21:14:27', '2026-03-31 21:14:27'),
(1807, 17, 87, 0, '2026-03-31 21:14:27', '2026-03-31 21:14:27'),
(1808, 4, 87, 0, '2026-03-31 21:14:27', '2026-03-31 21:14:27'),
(1809, 2, 87, 1, '2026-03-31 21:14:27', '2026-03-31 21:14:27'),
(1810, 5, 87, 1, '2026-03-31 21:14:27', '2026-03-31 21:14:27'),
(1811, 14, 87, 0, '2026-03-31 21:14:27', '2026-03-31 21:14:27'),
(1812, 1, 87, 0, '2026-03-31 21:14:27', '2026-03-31 21:14:27'),
(1813, 3, 87, 0, '2026-03-31 21:14:27', '2026-03-31 21:14:27'),
(1835, 15, 88, 1, '2026-03-31 21:14:30', '2026-03-31 21:14:30'),
(1836, 18, 88, 1, '2026-03-31 21:14:30', '2026-03-31 21:14:30'),
(1837, 19, 88, 1, '2026-03-31 21:14:30', '2026-03-31 21:14:30'),
(1838, 20, 88, 1, '2026-03-31 21:14:30', '2026-03-31 21:14:30'),
(1839, 21, 88, 1, '2026-03-31 21:14:30', '2026-03-31 21:14:30'),
(1840, 22, 88, 1, '2026-03-31 21:14:30', '2026-03-31 21:14:30'),
(1841, 16, 88, 1, '2026-03-31 21:14:30', '2026-03-31 21:14:30'),
(1842, 17, 88, 1, '2026-03-31 21:14:30', '2026-03-31 21:14:30'),
(1843, 4, 88, 1, '2026-03-31 21:14:30', '2026-03-31 21:14:30'),
(1844, 2, 88, 1, '2026-03-31 21:14:30', '2026-03-31 21:14:30'),
(1845, 5, 88, 1, '2026-03-31 21:14:30', '2026-03-31 21:14:30'),
(1846, 14, 88, 1, '2026-03-31 21:14:30', '2026-03-31 21:14:30'),
(1847, 1, 88, 1, '2026-03-31 21:14:30', '2026-03-31 21:14:30'),
(1848, 3, 88, 1, '2026-03-31 21:14:30', '2026-03-31 21:14:30'),
(1849, 15, 89, 1, '2026-03-31 21:14:30', '2026-03-31 21:14:30'),
(1850, 18, 89, 1, '2026-03-31 21:14:30', '2026-03-31 21:14:30'),
(1851, 19, 89, 1, '2026-03-31 21:14:30', '2026-03-31 21:14:30'),
(1852, 20, 89, 1, '2026-03-31 21:14:30', '2026-03-31 21:14:30'),
(1853, 21, 89, 1, '2026-03-31 21:14:30', '2026-03-31 21:14:30'),
(1854, 22, 89, 1, '2026-03-31 21:14:30', '2026-03-31 21:14:30'),
(1855, 16, 89, 1, '2026-03-31 21:14:30', '2026-03-31 21:14:30'),
(1856, 17, 89, 1, '2026-03-31 21:14:30', '2026-03-31 21:14:30'),
(1857, 4, 89, 1, '2026-03-31 21:14:30', '2026-03-31 21:14:30'),
(1858, 2, 89, 1, '2026-03-31 21:14:30', '2026-03-31 21:14:30'),
(1859, 5, 89, 1, '2026-03-31 21:14:30', '2026-03-31 21:14:30'),
(1860, 14, 89, 1, '2026-03-31 21:14:30', '2026-03-31 21:14:30'),
(1861, 1, 89, 1, '2026-03-31 21:14:30', '2026-03-31 21:14:30'),
(1862, 3, 89, 1, '2026-03-31 21:14:30', '2026-03-31 21:14:30'),
(1863, 15, 90, 0, '2026-03-31 21:14:30', '2026-03-31 21:14:30'),
(1864, 18, 90, 0, '2026-03-31 21:14:30', '2026-03-31 21:14:30'),
(1865, 19, 90, 0, '2026-03-31 21:14:30', '2026-03-31 21:14:30'),
(1866, 20, 90, 0, '2026-03-31 21:14:30', '2026-03-31 21:14:30'),
(1867, 21, 90, 0, '2026-03-31 21:14:30', '2026-03-31 21:14:30'),
(1868, 22, 90, 0, '2026-03-31 21:14:30', '2026-03-31 21:14:30'),
(1869, 16, 90, 0, '2026-03-31 21:14:30', '2026-03-31 21:14:30'),
(1870, 17, 90, 0, '2026-03-31 21:14:30', '2026-03-31 21:14:30'),
(1871, 4, 90, 0, '2026-03-31 21:14:30', '2026-03-31 21:14:30'),
(1872, 2, 90, 1, '2026-03-31 21:14:30', '2026-03-31 21:14:30'),
(1873, 5, 90, 1, '2026-03-31 21:14:30', '2026-03-31 21:14:30'),
(1874, 14, 90, 0, '2026-03-31 21:14:30', '2026-03-31 21:14:30'),
(1875, 1, 90, 0, '2026-03-31 21:14:30', '2026-03-31 21:14:30'),
(1876, 3, 90, 0, '2026-03-31 21:14:30', '2026-03-31 21:14:30'),
(1898, 15, 91, 1, '2026-03-31 21:16:00', '2026-03-31 21:16:00'),
(1899, 18, 91, 1, '2026-03-31 21:16:00', '2026-03-31 21:16:00'),
(1900, 19, 91, 1, '2026-03-31 21:16:00', '2026-03-31 21:16:00'),
(1901, 20, 91, 1, '2026-03-31 21:16:00', '2026-03-31 21:16:00'),
(1902, 21, 91, 1, '2026-03-31 21:16:00', '2026-03-31 21:16:00'),
(1903, 22, 91, 1, '2026-03-31 21:16:00', '2026-03-31 21:16:00'),
(1904, 16, 91, 1, '2026-03-31 21:16:00', '2026-03-31 21:16:00'),
(1905, 17, 91, 1, '2026-03-31 21:16:00', '2026-03-31 21:16:00'),
(1906, 4, 91, 1, '2026-03-31 21:16:00', '2026-03-31 21:16:00'),
(1907, 2, 91, 1, '2026-03-31 21:16:00', '2026-03-31 21:16:00'),
(1908, 5, 91, 1, '2026-03-31 21:16:00', '2026-03-31 21:16:00'),
(1909, 14, 91, 1, '2026-03-31 21:16:00', '2026-03-31 21:16:00'),
(1910, 1, 91, 1, '2026-03-31 21:16:00', '2026-03-31 21:16:00'),
(1911, 3, 91, 1, '2026-03-31 21:16:00', '2026-03-31 21:16:00'),
(1912, 15, 92, 1, '2026-03-31 21:16:00', '2026-03-31 21:16:00'),
(1913, 18, 92, 1, '2026-03-31 21:16:00', '2026-03-31 21:16:00'),
(1914, 19, 92, 1, '2026-03-31 21:16:00', '2026-03-31 21:16:00'),
(1915, 20, 92, 1, '2026-03-31 21:16:00', '2026-03-31 21:16:00'),
(1916, 21, 92, 1, '2026-03-31 21:16:00', '2026-03-31 21:16:00'),
(1917, 22, 92, 1, '2026-03-31 21:16:00', '2026-03-31 21:16:00'),
(1918, 16, 92, 1, '2026-03-31 21:16:00', '2026-03-31 21:16:00'),
(1919, 17, 92, 1, '2026-03-31 21:16:00', '2026-03-31 21:16:00'),
(1920, 4, 92, 1, '2026-03-31 21:16:00', '2026-03-31 21:16:00'),
(1921, 2, 92, 1, '2026-03-31 21:16:00', '2026-03-31 21:16:00'),
(1922, 5, 92, 1, '2026-03-31 21:16:00', '2026-03-31 21:16:00'),
(1923, 14, 92, 1, '2026-03-31 21:16:00', '2026-03-31 21:16:00'),
(1924, 1, 92, 1, '2026-03-31 21:16:00', '2026-03-31 21:16:00'),
(1925, 3, 92, 1, '2026-03-31 21:16:00', '2026-03-31 21:16:00'),
(1926, 15, 93, 0, '2026-03-31 21:16:00', '2026-03-31 21:16:00'),
(1927, 18, 93, 0, '2026-03-31 21:16:00', '2026-03-31 21:16:00'),
(1928, 19, 93, 0, '2026-03-31 21:16:00', '2026-03-31 21:16:00'),
(1929, 20, 93, 0, '2026-03-31 21:16:00', '2026-03-31 21:16:00'),
(1930, 21, 93, 0, '2026-03-31 21:16:00', '2026-03-31 21:16:00'),
(1931, 22, 93, 0, '2026-03-31 21:16:00', '2026-03-31 21:16:00'),
(1932, 16, 93, 0, '2026-03-31 21:16:00', '2026-03-31 21:16:00'),
(1933, 17, 93, 0, '2026-03-31 21:16:00', '2026-03-31 21:16:00'),
(1934, 4, 93, 0, '2026-03-31 21:16:00', '2026-03-31 21:16:00'),
(1935, 2, 93, 1, '2026-03-31 21:16:00', '2026-03-31 21:16:00'),
(1936, 5, 93, 1, '2026-03-31 21:16:00', '2026-03-31 21:16:00'),
(1937, 14, 93, 0, '2026-03-31 21:16:00', '2026-03-31 21:16:00'),
(1938, 1, 93, 0, '2026-03-31 21:16:00', '2026-03-31 21:16:00'),
(1939, 3, 93, 0, '2026-03-31 21:16:00', '2026-03-31 21:16:00'),
(1961, 15, 94, 1, '2026-03-31 21:16:08', '2026-03-31 21:16:08'),
(1962, 18, 94, 1, '2026-03-31 21:16:08', '2026-03-31 21:16:08'),
(1963, 19, 94, 1, '2026-03-31 21:16:08', '2026-03-31 21:16:08'),
(1964, 20, 94, 1, '2026-03-31 21:16:08', '2026-03-31 21:16:08'),
(1965, 21, 94, 1, '2026-03-31 21:16:08', '2026-03-31 21:16:08'),
(1966, 22, 94, 1, '2026-03-31 21:16:08', '2026-03-31 21:16:08'),
(1967, 16, 94, 1, '2026-03-31 21:16:08', '2026-03-31 21:16:08'),
(1968, 17, 94, 1, '2026-03-31 21:16:08', '2026-03-31 21:16:08'),
(1969, 4, 94, 1, '2026-03-31 21:16:08', '2026-03-31 21:16:08'),
(1970, 2, 94, 1, '2026-03-31 21:16:08', '2026-03-31 21:16:08'),
(1971, 5, 94, 1, '2026-03-31 21:16:08', '2026-03-31 21:16:08'),
(1972, 14, 94, 1, '2026-03-31 21:16:08', '2026-03-31 21:16:08'),
(1973, 1, 94, 1, '2026-03-31 21:16:08', '2026-03-31 21:16:08'),
(1974, 3, 94, 1, '2026-03-31 21:16:08', '2026-03-31 21:16:08'),
(1975, 15, 95, 1, '2026-03-31 21:16:08', '2026-03-31 21:16:08'),
(1976, 18, 95, 1, '2026-03-31 21:16:08', '2026-03-31 21:16:08'),
(1977, 19, 95, 1, '2026-03-31 21:16:08', '2026-03-31 21:16:08'),
(1978, 20, 95, 1, '2026-03-31 21:16:08', '2026-03-31 21:16:08'),
(1979, 21, 95, 1, '2026-03-31 21:16:08', '2026-03-31 21:16:08'),
(1980, 22, 95, 1, '2026-03-31 21:16:08', '2026-03-31 21:16:08'),
(1981, 16, 95, 1, '2026-03-31 21:16:08', '2026-03-31 21:16:08'),
(1982, 17, 95, 1, '2026-03-31 21:16:08', '2026-03-31 21:16:08'),
(1983, 4, 95, 1, '2026-03-31 21:16:08', '2026-03-31 21:16:08'),
(1984, 2, 95, 1, '2026-03-31 21:16:08', '2026-03-31 21:16:08'),
(1985, 5, 95, 1, '2026-03-31 21:16:08', '2026-03-31 21:16:08'),
(1986, 14, 95, 1, '2026-03-31 21:16:08', '2026-03-31 21:16:08'),
(1987, 1, 95, 1, '2026-03-31 21:16:08', '2026-03-31 21:16:08'),
(1988, 3, 95, 1, '2026-03-31 21:16:08', '2026-03-31 21:16:08'),
(1989, 15, 96, 0, '2026-03-31 21:16:08', '2026-03-31 21:16:08'),
(1990, 18, 96, 0, '2026-03-31 21:16:08', '2026-03-31 21:16:08'),
(1991, 19, 96, 0, '2026-03-31 21:16:08', '2026-03-31 21:16:08'),
(1992, 20, 96, 0, '2026-03-31 21:16:08', '2026-03-31 21:16:08'),
(1993, 21, 96, 0, '2026-03-31 21:16:08', '2026-03-31 21:16:08'),
(1994, 22, 96, 0, '2026-03-31 21:16:08', '2026-03-31 21:16:08'),
(1995, 16, 96, 0, '2026-03-31 21:16:08', '2026-03-31 21:16:08'),
(1996, 17, 96, 0, '2026-03-31 21:16:08', '2026-03-31 21:16:08'),
(1997, 4, 96, 0, '2026-03-31 21:16:08', '2026-03-31 21:16:08'),
(1998, 2, 96, 1, '2026-03-31 21:16:08', '2026-03-31 21:16:08'),
(1999, 5, 96, 1, '2026-03-31 21:16:08', '2026-03-31 21:16:08'),
(2000, 14, 96, 0, '2026-03-31 21:16:08', '2026-03-31 21:16:08'),
(2001, 1, 96, 0, '2026-03-31 21:16:08', '2026-03-31 21:16:08'),
(2002, 3, 96, 0, '2026-03-31 21:16:08', '2026-03-31 21:16:08'),
(2024, 15, 97, 1, '2026-03-31 21:16:13', '2026-03-31 21:16:13'),
(2025, 18, 97, 1, '2026-03-31 21:16:13', '2026-03-31 21:16:13'),
(2026, 19, 97, 1, '2026-03-31 21:16:13', '2026-03-31 21:16:13'),
(2027, 20, 97, 1, '2026-03-31 21:16:13', '2026-03-31 21:16:13'),
(2028, 21, 97, 1, '2026-03-31 21:16:13', '2026-03-31 21:16:13'),
(2029, 22, 97, 1, '2026-03-31 21:16:13', '2026-03-31 21:16:13'),
(2030, 16, 97, 1, '2026-03-31 21:16:13', '2026-03-31 21:16:13'),
(2031, 17, 97, 1, '2026-03-31 21:16:13', '2026-03-31 21:16:13'),
(2032, 4, 97, 1, '2026-03-31 21:16:13', '2026-03-31 21:16:13'),
(2033, 2, 97, 1, '2026-03-31 21:16:13', '2026-03-31 21:16:13'),
(2034, 5, 97, 1, '2026-03-31 21:16:13', '2026-03-31 21:16:13'),
(2035, 14, 97, 1, '2026-03-31 21:16:13', '2026-03-31 21:16:13'),
(2036, 1, 97, 1, '2026-03-31 21:16:13', '2026-03-31 21:16:13'),
(2037, 3, 97, 1, '2026-03-31 21:16:13', '2026-03-31 21:16:13'),
(2038, 15, 98, 1, '2026-03-31 21:16:13', '2026-03-31 21:16:13'),
(2039, 18, 98, 1, '2026-03-31 21:16:13', '2026-03-31 21:16:13'),
(2040, 19, 98, 1, '2026-03-31 21:16:13', '2026-03-31 21:16:13'),
(2041, 20, 98, 1, '2026-03-31 21:16:13', '2026-03-31 21:16:13'),
(2042, 21, 98, 1, '2026-03-31 21:16:13', '2026-03-31 21:16:13'),
(2043, 22, 98, 1, '2026-03-31 21:16:13', '2026-03-31 21:16:13'),
(2044, 16, 98, 1, '2026-03-31 21:16:13', '2026-03-31 21:16:13'),
(2045, 17, 98, 1, '2026-03-31 21:16:13', '2026-03-31 21:16:13'),
(2046, 4, 98, 1, '2026-03-31 21:16:13', '2026-03-31 21:16:13'),
(2047, 2, 98, 1, '2026-03-31 21:16:13', '2026-03-31 21:16:13'),
(2048, 5, 98, 1, '2026-03-31 21:16:13', '2026-03-31 21:16:13'),
(2049, 14, 98, 1, '2026-03-31 21:16:13', '2026-03-31 21:16:13'),
(2050, 1, 98, 1, '2026-03-31 21:16:13', '2026-03-31 21:16:13'),
(2051, 3, 98, 1, '2026-03-31 21:16:13', '2026-03-31 21:16:13'),
(2052, 15, 99, 0, '2026-03-31 21:16:13', '2026-03-31 21:16:13'),
(2053, 18, 99, 0, '2026-03-31 21:16:13', '2026-03-31 21:16:13'),
(2054, 19, 99, 0, '2026-03-31 21:16:13', '2026-03-31 21:16:13'),
(2055, 20, 99, 0, '2026-03-31 21:16:13', '2026-03-31 21:16:13'),
(2056, 21, 99, 0, '2026-03-31 21:16:13', '2026-03-31 21:16:13'),
(2057, 22, 99, 0, '2026-03-31 21:16:13', '2026-03-31 21:16:13'),
(2058, 16, 99, 0, '2026-03-31 21:16:13', '2026-03-31 21:16:13'),
(2059, 17, 99, 0, '2026-03-31 21:16:13', '2026-03-31 21:16:13'),
(2060, 4, 99, 0, '2026-03-31 21:16:13', '2026-03-31 21:16:13'),
(2061, 2, 99, 1, '2026-03-31 21:16:13', '2026-03-31 21:16:13'),
(2062, 5, 99, 1, '2026-03-31 21:16:13', '2026-03-31 21:16:13'),
(2063, 14, 99, 0, '2026-03-31 21:16:13', '2026-03-31 21:16:13'),
(2064, 1, 99, 0, '2026-03-31 21:16:13', '2026-03-31 21:16:13'),
(2065, 3, 99, 0, '2026-03-31 21:16:13', '2026-03-31 21:16:13'),
(2087, 15, 100, 1, '2026-03-31 21:16:14', '2026-03-31 21:16:14'),
(2088, 18, 100, 1, '2026-03-31 21:16:14', '2026-03-31 21:16:14'),
(2089, 19, 100, 1, '2026-03-31 21:16:14', '2026-03-31 21:16:14'),
(2090, 20, 100, 1, '2026-03-31 21:16:14', '2026-03-31 21:16:14'),
(2091, 21, 100, 1, '2026-03-31 21:16:14', '2026-03-31 21:16:14'),
(2092, 22, 100, 1, '2026-03-31 21:16:14', '2026-03-31 21:16:14'),
(2093, 16, 100, 1, '2026-03-31 21:16:14', '2026-03-31 21:16:14'),
(2094, 17, 100, 1, '2026-03-31 21:16:14', '2026-03-31 21:16:14'),
(2095, 4, 100, 1, '2026-03-31 21:16:14', '2026-03-31 21:16:14'),
(2096, 2, 100, 1, '2026-03-31 21:16:14', '2026-03-31 21:16:14'),
(2097, 5, 100, 1, '2026-03-31 21:16:14', '2026-03-31 21:16:14'),
(2098, 14, 100, 1, '2026-03-31 21:16:14', '2026-03-31 21:16:14'),
(2099, 1, 100, 1, '2026-03-31 21:16:14', '2026-03-31 21:16:14'),
(2100, 3, 100, 1, '2026-03-31 21:16:14', '2026-03-31 21:16:14'),
(2101, 15, 101, 1, '2026-03-31 21:16:14', '2026-03-31 21:16:14'),
(2102, 18, 101, 1, '2026-03-31 21:16:14', '2026-03-31 21:16:14'),
(2103, 19, 101, 1, '2026-03-31 21:16:14', '2026-03-31 21:16:14'),
(2104, 20, 101, 1, '2026-03-31 21:16:14', '2026-03-31 21:16:14'),
(2105, 21, 101, 1, '2026-03-31 21:16:14', '2026-03-31 21:16:14'),
(2106, 22, 101, 1, '2026-03-31 21:16:14', '2026-03-31 21:16:14'),
(2107, 16, 101, 1, '2026-03-31 21:16:14', '2026-03-31 21:16:14'),
(2108, 17, 101, 1, '2026-03-31 21:16:14', '2026-03-31 21:16:14'),
(2109, 4, 101, 1, '2026-03-31 21:16:14', '2026-03-31 21:16:14'),
(2110, 2, 101, 1, '2026-03-31 21:16:14', '2026-03-31 21:16:14'),
(2111, 5, 101, 1, '2026-03-31 21:16:14', '2026-03-31 21:16:14'),
(2112, 14, 101, 1, '2026-03-31 21:16:14', '2026-03-31 21:16:14'),
(2113, 1, 101, 1, '2026-03-31 21:16:14', '2026-03-31 21:16:14'),
(2114, 3, 101, 1, '2026-03-31 21:16:14', '2026-03-31 21:16:14'),
(2115, 15, 102, 0, '2026-03-31 21:16:14', '2026-03-31 21:16:14'),
(2116, 18, 102, 0, '2026-03-31 21:16:14', '2026-03-31 21:16:14'),
(2117, 19, 102, 0, '2026-03-31 21:16:14', '2026-03-31 21:16:14'),
(2118, 20, 102, 0, '2026-03-31 21:16:14', '2026-03-31 21:16:14'),
(2119, 21, 102, 0, '2026-03-31 21:16:14', '2026-03-31 21:16:14'),
(2120, 22, 102, 0, '2026-03-31 21:16:14', '2026-03-31 21:16:14'),
(2121, 16, 102, 0, '2026-03-31 21:16:14', '2026-03-31 21:16:14'),
(2122, 17, 102, 0, '2026-03-31 21:16:14', '2026-03-31 21:16:14'),
(2123, 4, 102, 0, '2026-03-31 21:16:14', '2026-03-31 21:16:14'),
(2124, 2, 102, 1, '2026-03-31 21:16:14', '2026-03-31 21:16:14'),
(2125, 5, 102, 1, '2026-03-31 21:16:14', '2026-03-31 21:16:14'),
(2126, 14, 102, 0, '2026-03-31 21:16:14', '2026-03-31 21:16:14'),
(2127, 1, 102, 0, '2026-03-31 21:16:14', '2026-03-31 21:16:14'),
(2128, 3, 102, 0, '2026-03-31 21:16:14', '2026-03-31 21:16:14'),
(2150, 15, 103, 1, '2026-03-31 21:16:25', '2026-03-31 21:16:25'),
(2151, 18, 103, 1, '2026-03-31 21:16:25', '2026-03-31 21:16:25'),
(2152, 19, 103, 1, '2026-03-31 21:16:25', '2026-03-31 21:16:25'),
(2153, 20, 103, 1, '2026-03-31 21:16:25', '2026-03-31 21:16:25'),
(2154, 21, 103, 1, '2026-03-31 21:16:25', '2026-03-31 21:16:25'),
(2155, 22, 103, 1, '2026-03-31 21:16:25', '2026-03-31 21:16:25'),
(2156, 16, 103, 1, '2026-03-31 21:16:25', '2026-03-31 21:16:25'),
(2157, 17, 103, 1, '2026-03-31 21:16:25', '2026-03-31 21:16:25'),
(2158, 4, 103, 1, '2026-03-31 21:16:25', '2026-03-31 21:16:25'),
(2159, 2, 103, 1, '2026-03-31 21:16:25', '2026-03-31 21:16:25'),
(2160, 5, 103, 1, '2026-03-31 21:16:25', '2026-03-31 21:16:25'),
(2161, 14, 103, 1, '2026-03-31 21:16:25', '2026-03-31 21:16:25'),
(2162, 1, 103, 1, '2026-03-31 21:16:25', '2026-03-31 21:16:25'),
(2163, 3, 103, 1, '2026-03-31 21:16:25', '2026-03-31 21:16:25'),
(2164, 15, 104, 1, '2026-03-31 21:16:25', '2026-03-31 21:16:25'),
(2165, 18, 104, 1, '2026-03-31 21:16:25', '2026-03-31 21:16:25'),
(2166, 19, 104, 1, '2026-03-31 21:16:25', '2026-03-31 21:16:25'),
(2167, 20, 104, 1, '2026-03-31 21:16:25', '2026-03-31 21:16:25'),
(2168, 21, 104, 1, '2026-03-31 21:16:25', '2026-03-31 21:16:25'),
(2169, 22, 104, 1, '2026-03-31 21:16:25', '2026-03-31 21:16:25'),
(2170, 16, 104, 1, '2026-03-31 21:16:25', '2026-03-31 21:16:25'),
(2171, 17, 104, 1, '2026-03-31 21:16:25', '2026-03-31 21:16:25'),
(2172, 4, 104, 1, '2026-03-31 21:16:25', '2026-03-31 21:16:25'),
(2173, 2, 104, 1, '2026-03-31 21:16:25', '2026-03-31 21:16:25'),
(2174, 5, 104, 1, '2026-03-31 21:16:25', '2026-03-31 21:16:25'),
(2175, 14, 104, 1, '2026-03-31 21:16:25', '2026-03-31 21:16:25'),
(2176, 1, 104, 1, '2026-03-31 21:16:25', '2026-03-31 21:16:25'),
(2177, 3, 104, 1, '2026-03-31 21:16:25', '2026-03-31 21:16:25'),
(2178, 15, 105, 0, '2026-03-31 21:16:25', '2026-03-31 21:16:25'),
(2179, 18, 105, 0, '2026-03-31 21:16:25', '2026-03-31 21:16:25'),
(2180, 19, 105, 0, '2026-03-31 21:16:25', '2026-03-31 21:16:25'),
(2181, 20, 105, 0, '2026-03-31 21:16:25', '2026-03-31 21:16:25'),
(2182, 21, 105, 0, '2026-03-31 21:16:25', '2026-03-31 21:16:25'),
(2183, 22, 105, 0, '2026-03-31 21:16:25', '2026-03-31 21:16:25'),
(2184, 16, 105, 0, '2026-03-31 21:16:25', '2026-03-31 21:16:25'),
(2185, 17, 105, 0, '2026-03-31 21:16:25', '2026-03-31 21:16:25'),
(2186, 4, 105, 0, '2026-03-31 21:16:25', '2026-03-31 21:16:25'),
(2187, 2, 105, 1, '2026-03-31 21:16:25', '2026-03-31 21:16:25'),
(2188, 5, 105, 1, '2026-03-31 21:16:25', '2026-03-31 21:16:25'),
(2189, 14, 105, 0, '2026-03-31 21:16:25', '2026-03-31 21:16:25'),
(2190, 1, 105, 0, '2026-03-31 21:16:25', '2026-03-31 21:16:25'),
(2191, 3, 105, 0, '2026-03-31 21:16:25', '2026-03-31 21:16:25'),
(2213, 15, 106, 1, '2026-03-31 21:16:33', '2026-03-31 21:16:33'),
(2214, 18, 106, 1, '2026-03-31 21:16:33', '2026-03-31 21:16:33'),
(2215, 19, 106, 1, '2026-03-31 21:16:33', '2026-03-31 21:16:33'),
(2216, 20, 106, 1, '2026-03-31 21:16:33', '2026-03-31 21:16:33'),
(2217, 21, 106, 1, '2026-03-31 21:16:33', '2026-03-31 21:16:33'),
(2218, 22, 106, 1, '2026-03-31 21:16:33', '2026-03-31 21:16:33'),
(2219, 16, 106, 1, '2026-03-31 21:16:33', '2026-03-31 21:16:33'),
(2220, 17, 106, 1, '2026-03-31 21:16:33', '2026-03-31 21:16:33'),
(2221, 4, 106, 1, '2026-03-31 21:16:33', '2026-03-31 21:16:33'),
(2222, 2, 106, 1, '2026-03-31 21:16:33', '2026-03-31 21:16:33'),
(2223, 5, 106, 1, '2026-03-31 21:16:33', '2026-03-31 21:16:33'),
(2224, 14, 106, 1, '2026-03-31 21:16:33', '2026-03-31 21:16:33'),
(2225, 1, 106, 1, '2026-03-31 21:16:33', '2026-03-31 21:16:33'),
(2226, 3, 106, 1, '2026-03-31 21:16:33', '2026-03-31 21:16:33'),
(2227, 15, 107, 1, '2026-03-31 21:16:33', '2026-03-31 21:16:33'),
(2228, 18, 107, 1, '2026-03-31 21:16:33', '2026-03-31 21:16:33'),
(2229, 19, 107, 1, '2026-03-31 21:16:33', '2026-03-31 21:16:33'),
(2230, 20, 107, 1, '2026-03-31 21:16:33', '2026-03-31 21:16:33'),
(2231, 21, 107, 1, '2026-03-31 21:16:33', '2026-03-31 21:16:33'),
(2232, 22, 107, 1, '2026-03-31 21:16:33', '2026-03-31 21:16:33'),
(2233, 16, 107, 1, '2026-03-31 21:16:33', '2026-03-31 21:16:33'),
(2234, 17, 107, 1, '2026-03-31 21:16:33', '2026-03-31 21:16:33'),
(2235, 4, 107, 1, '2026-03-31 21:16:33', '2026-03-31 21:16:33'),
(2236, 2, 107, 1, '2026-03-31 21:16:33', '2026-03-31 21:16:33'),
(2237, 5, 107, 1, '2026-03-31 21:16:33', '2026-03-31 21:16:33'),
(2238, 14, 107, 1, '2026-03-31 21:16:33', '2026-03-31 21:16:33'),
(2239, 1, 107, 1, '2026-03-31 21:16:33', '2026-03-31 21:16:33'),
(2240, 3, 107, 1, '2026-03-31 21:16:33', '2026-03-31 21:16:33'),
(2241, 15, 108, 0, '2026-03-31 21:16:33', '2026-03-31 21:16:33'),
(2242, 18, 108, 0, '2026-03-31 21:16:33', '2026-03-31 21:16:33'),
(2243, 19, 108, 0, '2026-03-31 21:16:33', '2026-03-31 21:16:33'),
(2244, 20, 108, 0, '2026-03-31 21:16:33', '2026-03-31 21:16:33'),
(2245, 21, 108, 0, '2026-03-31 21:16:33', '2026-03-31 21:16:33'),
(2246, 22, 108, 0, '2026-03-31 21:16:33', '2026-03-31 21:16:33'),
(2247, 16, 108, 0, '2026-03-31 21:16:33', '2026-03-31 21:16:33'),
(2248, 17, 108, 0, '2026-03-31 21:16:33', '2026-03-31 21:16:33'),
(2249, 4, 108, 0, '2026-03-31 21:16:33', '2026-03-31 21:16:33'),
(2250, 2, 108, 1, '2026-03-31 21:16:33', '2026-03-31 21:16:33'),
(2251, 5, 108, 1, '2026-03-31 21:16:33', '2026-03-31 21:16:33'),
(2252, 14, 108, 0, '2026-03-31 21:16:33', '2026-03-31 21:16:33'),
(2253, 1, 108, 0, '2026-03-31 21:16:33', '2026-03-31 21:16:33'),
(2254, 3, 108, 0, '2026-03-31 21:16:33', '2026-03-31 21:16:33'),
(2276, 15, 109, 1, '2026-03-31 21:17:21', '2026-03-31 21:17:21'),
(2277, 18, 109, 1, '2026-03-31 21:17:21', '2026-03-31 21:17:21'),
(2278, 19, 109, 1, '2026-03-31 21:17:21', '2026-03-31 21:17:21'),
(2279, 20, 109, 1, '2026-03-31 21:17:21', '2026-03-31 21:17:21'),
(2280, 21, 109, 1, '2026-03-31 21:17:21', '2026-03-31 21:17:21'),
(2281, 22, 109, 1, '2026-03-31 21:17:21', '2026-03-31 21:17:21'),
(2282, 16, 109, 1, '2026-03-31 21:17:21', '2026-03-31 21:17:21'),
(2283, 17, 109, 1, '2026-03-31 21:17:21', '2026-03-31 21:17:21'),
(2284, 4, 109, 1, '2026-03-31 21:17:21', '2026-03-31 21:17:21'),
(2285, 2, 109, 1, '2026-03-31 21:17:21', '2026-03-31 21:17:21'),
(2286, 5, 109, 1, '2026-03-31 21:17:21', '2026-03-31 21:17:21'),
(2287, 14, 109, 1, '2026-03-31 21:17:21', '2026-03-31 21:17:21'),
(2288, 1, 109, 1, '2026-03-31 21:17:21', '2026-03-31 21:17:21'),
(2289, 3, 109, 1, '2026-03-31 21:17:21', '2026-03-31 21:17:21'),
(2290, 15, 110, 1, '2026-03-31 21:17:21', '2026-03-31 21:17:21'),
(2291, 18, 110, 1, '2026-03-31 21:17:21', '2026-03-31 21:17:21'),
(2292, 19, 110, 1, '2026-03-31 21:17:21', '2026-03-31 21:17:21'),
(2293, 20, 110, 1, '2026-03-31 21:17:21', '2026-03-31 21:17:21'),
(2294, 21, 110, 1, '2026-03-31 21:17:21', '2026-03-31 21:17:21'),
(2295, 22, 110, 1, '2026-03-31 21:17:21', '2026-03-31 21:17:21'),
(2296, 16, 110, 1, '2026-03-31 21:17:21', '2026-03-31 21:17:21'),
(2297, 17, 110, 1, '2026-03-31 21:17:21', '2026-03-31 21:17:21'),
(2298, 4, 110, 1, '2026-03-31 21:17:21', '2026-03-31 21:17:21'),
(2299, 2, 110, 1, '2026-03-31 21:17:21', '2026-03-31 21:17:21'),
(2300, 5, 110, 1, '2026-03-31 21:17:21', '2026-03-31 21:17:21'),
(2301, 14, 110, 1, '2026-03-31 21:17:21', '2026-03-31 21:17:21'),
(2302, 1, 110, 1, '2026-03-31 21:17:21', '2026-03-31 21:17:21'),
(2303, 3, 110, 1, '2026-03-31 21:17:21', '2026-03-31 21:17:21'),
(2304, 15, 111, 0, '2026-03-31 21:17:21', '2026-03-31 21:17:21'),
(2305, 18, 111, 0, '2026-03-31 21:17:21', '2026-03-31 21:17:21'),
(2306, 19, 111, 0, '2026-03-31 21:17:21', '2026-03-31 21:17:21'),
(2307, 20, 111, 0, '2026-03-31 21:17:21', '2026-03-31 21:17:21'),
(2308, 21, 111, 0, '2026-03-31 21:17:21', '2026-03-31 21:17:21'),
(2309, 22, 111, 0, '2026-03-31 21:17:21', '2026-03-31 21:17:21'),
(2310, 16, 111, 0, '2026-03-31 21:17:21', '2026-03-31 21:17:21'),
(2311, 17, 111, 0, '2026-03-31 21:17:21', '2026-03-31 21:17:21'),
(2312, 4, 111, 0, '2026-03-31 21:17:21', '2026-03-31 21:17:21'),
(2313, 2, 111, 1, '2026-03-31 21:17:21', '2026-03-31 21:17:21'),
(2314, 5, 111, 1, '2026-03-31 21:17:21', '2026-03-31 21:17:21'),
(2315, 14, 111, 0, '2026-03-31 21:17:21', '2026-03-31 21:17:21'),
(2316, 1, 111, 0, '2026-03-31 21:17:21', '2026-03-31 21:17:21'),
(2317, 3, 111, 0, '2026-03-31 21:17:21', '2026-03-31 21:17:21'),
(2339, 15, 112, 1, '2026-03-31 21:17:30', '2026-03-31 21:17:30'),
(2340, 18, 112, 1, '2026-03-31 21:17:30', '2026-03-31 21:17:30'),
(2341, 19, 112, 1, '2026-03-31 21:17:30', '2026-03-31 21:17:30'),
(2342, 20, 112, 1, '2026-03-31 21:17:30', '2026-03-31 21:17:30'),
(2343, 21, 112, 1, '2026-03-31 21:17:30', '2026-03-31 21:17:30'),
(2344, 22, 112, 1, '2026-03-31 21:17:30', '2026-03-31 21:17:30'),
(2345, 16, 112, 1, '2026-03-31 21:17:30', '2026-03-31 21:17:30'),
(2346, 17, 112, 1, '2026-03-31 21:17:30', '2026-03-31 21:17:30'),
(2347, 4, 112, 1, '2026-03-31 21:17:30', '2026-03-31 21:17:30'),
(2348, 2, 112, 1, '2026-03-31 21:17:30', '2026-03-31 21:17:30'),
(2349, 5, 112, 1, '2026-03-31 21:17:30', '2026-03-31 21:17:30'),
(2350, 14, 112, 1, '2026-03-31 21:17:30', '2026-03-31 21:17:30'),
(2351, 1, 112, 1, '2026-03-31 21:17:30', '2026-03-31 21:17:30'),
(2352, 3, 112, 1, '2026-03-31 21:17:30', '2026-03-31 21:17:30'),
(2353, 15, 113, 1, '2026-03-31 21:17:30', '2026-03-31 21:17:30'),
(2354, 18, 113, 1, '2026-03-31 21:17:30', '2026-03-31 21:17:30'),
(2355, 19, 113, 1, '2026-03-31 21:17:30', '2026-03-31 21:17:30'),
(2356, 20, 113, 1, '2026-03-31 21:17:30', '2026-03-31 21:17:30'),
(2357, 21, 113, 1, '2026-03-31 21:17:30', '2026-03-31 21:17:30'),
(2358, 22, 113, 1, '2026-03-31 21:17:30', '2026-03-31 21:17:30'),
(2359, 16, 113, 1, '2026-03-31 21:17:30', '2026-03-31 21:17:30'),
(2360, 17, 113, 1, '2026-03-31 21:17:30', '2026-03-31 21:17:30'),
(2361, 4, 113, 1, '2026-03-31 21:17:30', '2026-03-31 21:17:30'),
(2362, 2, 113, 1, '2026-03-31 21:17:30', '2026-03-31 21:17:30'),
(2363, 5, 113, 1, '2026-03-31 21:17:30', '2026-03-31 21:17:30'),
(2364, 14, 113, 1, '2026-03-31 21:17:30', '2026-03-31 21:17:30'),
(2365, 1, 113, 1, '2026-03-31 21:17:30', '2026-03-31 21:17:30'),
(2366, 3, 113, 1, '2026-03-31 21:17:30', '2026-03-31 21:17:30'),
(2367, 15, 114, 0, '2026-03-31 21:17:30', '2026-03-31 21:17:30'),
(2368, 18, 114, 0, '2026-03-31 21:17:30', '2026-03-31 21:17:30'),
(2369, 19, 114, 0, '2026-03-31 21:17:30', '2026-03-31 21:17:30'),
(2370, 20, 114, 0, '2026-03-31 21:17:30', '2026-03-31 21:17:30'),
(2371, 21, 114, 0, '2026-03-31 21:17:30', '2026-03-31 21:17:30'),
(2372, 22, 114, 0, '2026-03-31 21:17:30', '2026-03-31 21:17:30'),
(2373, 16, 114, 0, '2026-03-31 21:17:30', '2026-03-31 21:17:30'),
(2374, 17, 114, 0, '2026-03-31 21:17:30', '2026-03-31 21:17:30'),
(2375, 4, 114, 0, '2026-03-31 21:17:30', '2026-03-31 21:17:30'),
(2376, 2, 114, 1, '2026-03-31 21:17:30', '2026-03-31 21:17:30'),
(2377, 5, 114, 1, '2026-03-31 21:17:30', '2026-03-31 21:17:30'),
(2378, 14, 114, 0, '2026-03-31 21:17:30', '2026-03-31 21:17:30'),
(2379, 1, 114, 0, '2026-03-31 21:17:30', '2026-03-31 21:17:30'),
(2380, 3, 114, 0, '2026-03-31 21:17:30', '2026-03-31 21:17:30'),
(2402, 15, 115, 1, '2026-03-31 21:18:19', '2026-03-31 21:18:19'),
(2403, 18, 115, 1, '2026-03-31 21:18:19', '2026-03-31 21:18:19'),
(2404, 19, 115, 1, '2026-03-31 21:18:19', '2026-03-31 21:18:19'),
(2405, 20, 115, 1, '2026-03-31 21:18:19', '2026-03-31 21:18:19'),
(2406, 21, 115, 1, '2026-03-31 21:18:19', '2026-03-31 21:18:19'),
(2407, 22, 115, 1, '2026-03-31 21:18:19', '2026-03-31 21:18:19');
INSERT INTO `usuario_menu_v` (`id_usuario_menu`, `id_usuario`, `id_menu`, `permitido`, `created_at`, `updated_at`) VALUES
(2408, 16, 115, 1, '2026-03-31 21:18:19', '2026-03-31 21:18:19'),
(2409, 17, 115, 1, '2026-03-31 21:18:19', '2026-03-31 21:18:19'),
(2410, 4, 115, 1, '2026-03-31 21:18:19', '2026-03-31 21:18:19'),
(2411, 2, 115, 1, '2026-03-31 21:18:19', '2026-03-31 21:18:19'),
(2412, 5, 115, 1, '2026-03-31 21:18:19', '2026-03-31 21:18:19'),
(2413, 14, 115, 1, '2026-03-31 21:18:19', '2026-03-31 21:18:19'),
(2414, 1, 115, 1, '2026-03-31 21:18:19', '2026-03-31 21:18:19'),
(2415, 3, 115, 1, '2026-03-31 21:18:19', '2026-03-31 21:18:19'),
(2416, 15, 116, 1, '2026-03-31 21:18:19', '2026-03-31 21:18:19'),
(2417, 18, 116, 1, '2026-03-31 21:18:19', '2026-03-31 21:18:19'),
(2418, 19, 116, 1, '2026-03-31 21:18:19', '2026-03-31 21:18:19'),
(2419, 20, 116, 1, '2026-03-31 21:18:19', '2026-03-31 21:18:19'),
(2420, 21, 116, 1, '2026-03-31 21:18:19', '2026-03-31 21:18:19'),
(2421, 22, 116, 1, '2026-03-31 21:18:19', '2026-03-31 21:18:19'),
(2422, 16, 116, 1, '2026-03-31 21:18:19', '2026-03-31 21:18:19'),
(2423, 17, 116, 1, '2026-03-31 21:18:19', '2026-03-31 21:18:19'),
(2424, 4, 116, 1, '2026-03-31 21:18:19', '2026-03-31 21:18:19'),
(2425, 2, 116, 1, '2026-03-31 21:18:19', '2026-03-31 21:18:19'),
(2426, 5, 116, 1, '2026-03-31 21:18:19', '2026-03-31 21:18:19'),
(2427, 14, 116, 1, '2026-03-31 21:18:19', '2026-03-31 21:18:19'),
(2428, 1, 116, 1, '2026-03-31 21:18:19', '2026-03-31 21:18:19'),
(2429, 3, 116, 1, '2026-03-31 21:18:19', '2026-03-31 21:18:19'),
(2430, 15, 117, 0, '2026-03-31 21:18:19', '2026-03-31 21:18:19'),
(2431, 18, 117, 0, '2026-03-31 21:18:19', '2026-03-31 21:18:19'),
(2432, 19, 117, 0, '2026-03-31 21:18:19', '2026-03-31 21:18:19'),
(2433, 20, 117, 0, '2026-03-31 21:18:19', '2026-03-31 21:18:19'),
(2434, 21, 117, 0, '2026-03-31 21:18:19', '2026-03-31 21:18:19'),
(2435, 22, 117, 0, '2026-03-31 21:18:19', '2026-03-31 21:18:19'),
(2436, 16, 117, 0, '2026-03-31 21:18:19', '2026-03-31 21:18:19'),
(2437, 17, 117, 0, '2026-03-31 21:18:19', '2026-03-31 21:18:19'),
(2438, 4, 117, 0, '2026-03-31 21:18:19', '2026-03-31 21:18:19'),
(2439, 2, 117, 1, '2026-03-31 21:18:19', '2026-03-31 21:18:19'),
(2440, 5, 117, 1, '2026-03-31 21:18:19', '2026-03-31 21:18:19'),
(2441, 14, 117, 0, '2026-03-31 21:18:19', '2026-03-31 21:18:19'),
(2442, 1, 117, 0, '2026-03-31 21:18:19', '2026-03-31 21:18:19'),
(2443, 3, 117, 0, '2026-03-31 21:18:19', '2026-03-31 21:18:19'),
(2465, 15, 118, 1, '2026-03-31 21:18:36', '2026-03-31 21:18:36'),
(2466, 18, 118, 1, '2026-03-31 21:18:36', '2026-03-31 21:18:36'),
(2467, 19, 118, 1, '2026-03-31 21:18:36', '2026-03-31 21:18:36'),
(2468, 20, 118, 1, '2026-03-31 21:18:36', '2026-03-31 21:18:36'),
(2469, 21, 118, 1, '2026-03-31 21:18:36', '2026-03-31 21:18:36'),
(2470, 22, 118, 1, '2026-03-31 21:18:36', '2026-03-31 21:18:36'),
(2471, 16, 118, 1, '2026-03-31 21:18:36', '2026-03-31 21:18:36'),
(2472, 17, 118, 1, '2026-03-31 21:18:36', '2026-03-31 21:18:36'),
(2473, 4, 118, 1, '2026-03-31 21:18:36', '2026-03-31 21:18:36'),
(2474, 2, 118, 1, '2026-03-31 21:18:36', '2026-03-31 21:18:36'),
(2475, 5, 118, 1, '2026-03-31 21:18:36', '2026-03-31 21:18:36'),
(2476, 14, 118, 1, '2026-03-31 21:18:36', '2026-03-31 21:18:36'),
(2477, 1, 118, 1, '2026-03-31 21:18:36', '2026-03-31 21:18:36'),
(2478, 3, 118, 1, '2026-03-31 21:18:36', '2026-03-31 21:18:36'),
(2479, 15, 119, 1, '2026-03-31 21:18:36', '2026-03-31 21:18:36'),
(2480, 18, 119, 1, '2026-03-31 21:18:36', '2026-03-31 21:18:36'),
(2481, 19, 119, 1, '2026-03-31 21:18:36', '2026-03-31 21:18:36'),
(2482, 20, 119, 1, '2026-03-31 21:18:36', '2026-03-31 21:18:36'),
(2483, 21, 119, 1, '2026-03-31 21:18:36', '2026-03-31 21:18:36'),
(2484, 22, 119, 1, '2026-03-31 21:18:36', '2026-03-31 21:18:36'),
(2485, 16, 119, 1, '2026-03-31 21:18:36', '2026-03-31 21:18:36'),
(2486, 17, 119, 1, '2026-03-31 21:18:36', '2026-03-31 21:18:36'),
(2487, 4, 119, 1, '2026-03-31 21:18:36', '2026-03-31 21:18:36'),
(2488, 2, 119, 1, '2026-03-31 21:18:36', '2026-03-31 21:18:36'),
(2489, 5, 119, 1, '2026-03-31 21:18:36', '2026-03-31 21:18:36'),
(2490, 14, 119, 1, '2026-03-31 21:18:36', '2026-03-31 21:18:36'),
(2491, 1, 119, 1, '2026-03-31 21:18:36', '2026-03-31 21:18:36'),
(2492, 3, 119, 1, '2026-03-31 21:18:36', '2026-03-31 21:18:36'),
(2493, 15, 120, 0, '2026-03-31 21:18:36', '2026-03-31 21:18:36'),
(2494, 18, 120, 0, '2026-03-31 21:18:36', '2026-03-31 21:18:36'),
(2495, 19, 120, 0, '2026-03-31 21:18:36', '2026-03-31 21:18:36'),
(2496, 20, 120, 0, '2026-03-31 21:18:36', '2026-03-31 21:18:36'),
(2497, 21, 120, 0, '2026-03-31 21:18:36', '2026-03-31 21:18:36'),
(2498, 22, 120, 0, '2026-03-31 21:18:36', '2026-03-31 21:18:36'),
(2499, 16, 120, 0, '2026-03-31 21:18:36', '2026-03-31 21:18:36'),
(2500, 17, 120, 0, '2026-03-31 21:18:36', '2026-03-31 21:18:36'),
(2501, 4, 120, 0, '2026-03-31 21:18:36', '2026-03-31 21:18:36'),
(2502, 2, 120, 1, '2026-03-31 21:18:36', '2026-03-31 21:18:36'),
(2503, 5, 120, 1, '2026-03-31 21:18:36', '2026-03-31 21:18:36'),
(2504, 14, 120, 0, '2026-03-31 21:18:36', '2026-03-31 21:18:36'),
(2505, 1, 120, 0, '2026-03-31 21:18:36', '2026-03-31 21:18:36'),
(2506, 3, 120, 0, '2026-03-31 21:18:36', '2026-03-31 21:18:36'),
(2528, 15, 121, 1, '2026-03-31 21:18:58', '2026-03-31 21:18:58'),
(2529, 18, 121, 1, '2026-03-31 21:18:58', '2026-03-31 21:18:58'),
(2530, 19, 121, 1, '2026-03-31 21:18:58', '2026-03-31 21:18:58'),
(2531, 20, 121, 1, '2026-03-31 21:18:58', '2026-03-31 21:18:58'),
(2532, 21, 121, 1, '2026-03-31 21:18:58', '2026-03-31 21:18:58'),
(2533, 22, 121, 1, '2026-03-31 21:18:58', '2026-03-31 21:18:58'),
(2534, 16, 121, 1, '2026-03-31 21:18:58', '2026-03-31 21:18:58'),
(2535, 17, 121, 1, '2026-03-31 21:18:58', '2026-03-31 21:18:58'),
(2536, 4, 121, 1, '2026-03-31 21:18:58', '2026-03-31 21:18:58'),
(2537, 2, 121, 1, '2026-03-31 21:18:58', '2026-03-31 21:18:58'),
(2538, 5, 121, 1, '2026-03-31 21:18:58', '2026-03-31 21:18:58'),
(2539, 14, 121, 1, '2026-03-31 21:18:58', '2026-03-31 21:18:58'),
(2540, 1, 121, 1, '2026-03-31 21:18:58', '2026-03-31 21:18:58'),
(2541, 3, 121, 1, '2026-03-31 21:18:58', '2026-03-31 21:18:58'),
(2542, 15, 122, 1, '2026-03-31 21:18:58', '2026-03-31 21:18:58'),
(2543, 18, 122, 1, '2026-03-31 21:18:58', '2026-03-31 21:18:58'),
(2544, 19, 122, 1, '2026-03-31 21:18:58', '2026-03-31 21:18:58'),
(2545, 20, 122, 1, '2026-03-31 21:18:58', '2026-03-31 21:18:58'),
(2546, 21, 122, 1, '2026-03-31 21:18:58', '2026-03-31 21:18:58'),
(2547, 22, 122, 1, '2026-03-31 21:18:58', '2026-03-31 21:18:58'),
(2548, 16, 122, 1, '2026-03-31 21:18:58', '2026-03-31 21:18:58'),
(2549, 17, 122, 1, '2026-03-31 21:18:58', '2026-03-31 21:18:58'),
(2550, 4, 122, 1, '2026-03-31 21:18:58', '2026-03-31 21:18:58'),
(2551, 2, 122, 1, '2026-03-31 21:18:58', '2026-03-31 21:18:58'),
(2552, 5, 122, 1, '2026-03-31 21:18:58', '2026-03-31 21:18:58'),
(2553, 14, 122, 1, '2026-03-31 21:18:58', '2026-03-31 21:18:58'),
(2554, 1, 122, 1, '2026-03-31 21:18:58', '2026-03-31 21:18:58'),
(2555, 3, 122, 1, '2026-03-31 21:18:58', '2026-03-31 21:18:58'),
(2556, 15, 123, 0, '2026-03-31 21:18:58', '2026-03-31 21:18:58'),
(2557, 18, 123, 0, '2026-03-31 21:18:58', '2026-03-31 21:18:58'),
(2558, 19, 123, 0, '2026-03-31 21:18:58', '2026-03-31 21:18:58'),
(2559, 20, 123, 0, '2026-03-31 21:18:58', '2026-03-31 21:18:58'),
(2560, 21, 123, 0, '2026-03-31 21:18:58', '2026-03-31 21:18:58'),
(2561, 22, 123, 0, '2026-03-31 21:18:58', '2026-03-31 21:18:58'),
(2562, 16, 123, 0, '2026-03-31 21:18:58', '2026-03-31 21:18:58'),
(2563, 17, 123, 0, '2026-03-31 21:18:58', '2026-03-31 21:18:58'),
(2564, 4, 123, 0, '2026-03-31 21:18:58', '2026-03-31 21:18:58'),
(2565, 2, 123, 1, '2026-03-31 21:18:58', '2026-03-31 21:18:58'),
(2566, 5, 123, 1, '2026-03-31 21:18:58', '2026-03-31 21:18:58'),
(2567, 14, 123, 0, '2026-03-31 21:18:58', '2026-03-31 21:18:58'),
(2568, 1, 123, 0, '2026-03-31 21:18:58', '2026-03-31 21:18:58'),
(2569, 3, 123, 0, '2026-03-31 21:18:58', '2026-03-31 21:18:58'),
(2591, 15, 124, 1, '2026-03-31 21:19:29', '2026-03-31 21:19:29'),
(2592, 18, 124, 1, '2026-03-31 21:19:29', '2026-03-31 21:19:29'),
(2593, 19, 124, 1, '2026-03-31 21:19:29', '2026-03-31 21:19:29'),
(2594, 20, 124, 1, '2026-03-31 21:19:29', '2026-03-31 21:19:29'),
(2595, 21, 124, 1, '2026-03-31 21:19:29', '2026-03-31 21:19:29'),
(2596, 22, 124, 1, '2026-03-31 21:19:29', '2026-03-31 21:19:29'),
(2597, 16, 124, 1, '2026-03-31 21:19:29', '2026-03-31 21:19:29'),
(2598, 17, 124, 1, '2026-03-31 21:19:29', '2026-03-31 21:19:29'),
(2599, 4, 124, 1, '2026-03-31 21:19:29', '2026-03-31 21:19:29'),
(2600, 2, 124, 1, '2026-03-31 21:19:29', '2026-03-31 21:19:29'),
(2601, 5, 124, 1, '2026-03-31 21:19:29', '2026-03-31 21:19:29'),
(2602, 14, 124, 1, '2026-03-31 21:19:29', '2026-03-31 21:19:29'),
(2603, 1, 124, 1, '2026-03-31 21:19:29', '2026-03-31 21:19:29'),
(2604, 3, 124, 1, '2026-03-31 21:19:29', '2026-03-31 21:19:29'),
(2605, 15, 125, 1, '2026-03-31 21:19:29', '2026-03-31 21:19:29'),
(2606, 18, 125, 1, '2026-03-31 21:19:29', '2026-03-31 21:19:29'),
(2607, 19, 125, 1, '2026-03-31 21:19:29', '2026-03-31 21:19:29'),
(2608, 20, 125, 1, '2026-03-31 21:19:29', '2026-03-31 21:19:29'),
(2609, 21, 125, 1, '2026-03-31 21:19:29', '2026-03-31 21:19:29'),
(2610, 22, 125, 1, '2026-03-31 21:19:29', '2026-03-31 21:19:29'),
(2611, 16, 125, 1, '2026-03-31 21:19:29', '2026-03-31 21:19:29'),
(2612, 17, 125, 1, '2026-03-31 21:19:29', '2026-03-31 21:19:29'),
(2613, 4, 125, 1, '2026-03-31 21:19:29', '2026-03-31 21:19:29'),
(2614, 2, 125, 1, '2026-03-31 21:19:29', '2026-03-31 21:19:29'),
(2615, 5, 125, 1, '2026-03-31 21:19:29', '2026-03-31 21:19:29'),
(2616, 14, 125, 1, '2026-03-31 21:19:29', '2026-03-31 21:19:29'),
(2617, 1, 125, 1, '2026-03-31 21:19:29', '2026-03-31 21:19:29'),
(2618, 3, 125, 1, '2026-03-31 21:19:29', '2026-03-31 21:19:29'),
(2619, 15, 126, 0, '2026-03-31 21:19:29', '2026-03-31 21:19:29'),
(2620, 18, 126, 0, '2026-03-31 21:19:29', '2026-03-31 21:19:29'),
(2621, 19, 126, 0, '2026-03-31 21:19:29', '2026-03-31 21:19:29'),
(2622, 20, 126, 0, '2026-03-31 21:19:29', '2026-03-31 21:19:29'),
(2623, 21, 126, 0, '2026-03-31 21:19:29', '2026-03-31 21:19:29'),
(2624, 22, 126, 0, '2026-03-31 21:19:29', '2026-03-31 21:19:29'),
(2625, 16, 126, 0, '2026-03-31 21:19:29', '2026-03-31 21:19:29'),
(2626, 17, 126, 0, '2026-03-31 21:19:29', '2026-03-31 21:19:29'),
(2627, 4, 126, 0, '2026-03-31 21:19:29', '2026-03-31 21:19:29'),
(2628, 2, 126, 1, '2026-03-31 21:19:29', '2026-03-31 21:19:29'),
(2629, 5, 126, 1, '2026-03-31 21:19:29', '2026-03-31 21:19:29'),
(2630, 14, 126, 0, '2026-03-31 21:19:29', '2026-03-31 21:19:29'),
(2631, 1, 126, 0, '2026-03-31 21:19:29', '2026-03-31 21:19:29'),
(2632, 3, 126, 0, '2026-03-31 21:19:29', '2026-03-31 21:19:29'),
(2654, 15, 127, 1, '2026-03-31 21:22:11', '2026-03-31 21:22:11'),
(2655, 18, 127, 1, '2026-03-31 21:22:11', '2026-03-31 21:22:11'),
(2656, 19, 127, 1, '2026-03-31 21:22:11', '2026-03-31 21:22:11'),
(2657, 20, 127, 1, '2026-03-31 21:22:11', '2026-03-31 21:22:11'),
(2658, 21, 127, 1, '2026-03-31 21:22:11', '2026-03-31 21:22:11'),
(2659, 22, 127, 1, '2026-03-31 21:22:11', '2026-03-31 21:22:11'),
(2660, 16, 127, 1, '2026-03-31 21:22:11', '2026-03-31 21:22:11'),
(2661, 17, 127, 1, '2026-03-31 21:22:11', '2026-03-31 21:22:11'),
(2662, 4, 127, 1, '2026-03-31 21:22:11', '2026-03-31 21:22:11'),
(2663, 2, 127, 1, '2026-03-31 21:22:11', '2026-03-31 21:22:11'),
(2664, 5, 127, 1, '2026-03-31 21:22:11', '2026-03-31 21:22:11'),
(2665, 14, 127, 1, '2026-03-31 21:22:11', '2026-03-31 21:22:11'),
(2666, 1, 127, 1, '2026-03-31 21:22:11', '2026-03-31 21:22:11'),
(2667, 3, 127, 1, '2026-03-31 21:22:11', '2026-03-31 21:22:11'),
(2668, 15, 128, 1, '2026-03-31 21:22:11', '2026-03-31 21:22:11'),
(2669, 18, 128, 1, '2026-03-31 21:22:11', '2026-03-31 21:22:11'),
(2670, 19, 128, 1, '2026-03-31 21:22:11', '2026-03-31 21:22:11'),
(2671, 20, 128, 1, '2026-03-31 21:22:11', '2026-03-31 21:22:11'),
(2672, 21, 128, 1, '2026-03-31 21:22:11', '2026-03-31 21:22:11'),
(2673, 22, 128, 1, '2026-03-31 21:22:11', '2026-03-31 21:22:11'),
(2674, 16, 128, 1, '2026-03-31 21:22:11', '2026-03-31 21:22:11'),
(2675, 17, 128, 1, '2026-03-31 21:22:11', '2026-03-31 21:22:11'),
(2676, 4, 128, 1, '2026-03-31 21:22:11', '2026-03-31 21:22:11'),
(2677, 2, 128, 1, '2026-03-31 21:22:11', '2026-03-31 21:22:11'),
(2678, 5, 128, 1, '2026-03-31 21:22:11', '2026-03-31 21:22:11'),
(2679, 14, 128, 1, '2026-03-31 21:22:11', '2026-03-31 21:22:11'),
(2680, 1, 128, 1, '2026-03-31 21:22:11', '2026-03-31 21:22:11'),
(2681, 3, 128, 1, '2026-03-31 21:22:11', '2026-03-31 21:22:11'),
(2682, 15, 129, 0, '2026-03-31 21:22:11', '2026-03-31 21:22:11'),
(2683, 18, 129, 0, '2026-03-31 21:22:11', '2026-03-31 21:22:11'),
(2684, 19, 129, 0, '2026-03-31 21:22:11', '2026-03-31 21:22:11'),
(2685, 20, 129, 0, '2026-03-31 21:22:11', '2026-03-31 21:22:11'),
(2686, 21, 129, 0, '2026-03-31 21:22:11', '2026-03-31 21:22:11'),
(2687, 22, 129, 0, '2026-03-31 21:22:11', '2026-03-31 21:22:11'),
(2688, 16, 129, 0, '2026-03-31 21:22:11', '2026-03-31 21:22:11'),
(2689, 17, 129, 0, '2026-03-31 21:22:11', '2026-03-31 21:22:11'),
(2690, 4, 129, 0, '2026-03-31 21:22:11', '2026-03-31 21:22:11'),
(2691, 2, 129, 1, '2026-03-31 21:22:11', '2026-03-31 21:22:11'),
(2692, 5, 129, 1, '2026-03-31 21:22:11', '2026-03-31 21:22:11'),
(2693, 14, 129, 0, '2026-03-31 21:22:11', '2026-03-31 21:22:11'),
(2694, 1, 129, 0, '2026-03-31 21:22:11', '2026-03-31 21:22:11'),
(2695, 3, 129, 0, '2026-03-31 21:22:11', '2026-03-31 21:22:11'),
(2717, 15, 130, 1, '2026-03-31 21:22:22', '2026-03-31 21:22:22'),
(2718, 18, 130, 1, '2026-03-31 21:22:22', '2026-03-31 21:22:22'),
(2719, 19, 130, 1, '2026-03-31 21:22:22', '2026-03-31 21:22:22'),
(2720, 20, 130, 1, '2026-03-31 21:22:22', '2026-03-31 21:22:22'),
(2721, 21, 130, 1, '2026-03-31 21:22:22', '2026-03-31 21:22:22'),
(2722, 22, 130, 1, '2026-03-31 21:22:22', '2026-03-31 21:22:22'),
(2723, 16, 130, 1, '2026-03-31 21:22:22', '2026-03-31 21:22:22'),
(2724, 17, 130, 1, '2026-03-31 21:22:22', '2026-03-31 21:22:22'),
(2725, 4, 130, 1, '2026-03-31 21:22:22', '2026-03-31 21:22:22'),
(2726, 2, 130, 1, '2026-03-31 21:22:22', '2026-03-31 21:22:22'),
(2727, 5, 130, 1, '2026-03-31 21:22:22', '2026-03-31 21:22:22'),
(2728, 14, 130, 1, '2026-03-31 21:22:22', '2026-03-31 21:22:22'),
(2729, 1, 130, 1, '2026-03-31 21:22:22', '2026-03-31 21:22:22'),
(2730, 3, 130, 1, '2026-03-31 21:22:22', '2026-03-31 21:22:22'),
(2731, 15, 131, 1, '2026-03-31 21:22:22', '2026-03-31 21:22:22'),
(2732, 18, 131, 1, '2026-03-31 21:22:22', '2026-03-31 21:22:22'),
(2733, 19, 131, 1, '2026-03-31 21:22:22', '2026-03-31 21:22:22'),
(2734, 20, 131, 1, '2026-03-31 21:22:22', '2026-03-31 21:22:22'),
(2735, 21, 131, 1, '2026-03-31 21:22:22', '2026-03-31 21:22:22'),
(2736, 22, 131, 1, '2026-03-31 21:22:22', '2026-03-31 21:22:22'),
(2737, 16, 131, 1, '2026-03-31 21:22:22', '2026-03-31 21:22:22'),
(2738, 17, 131, 1, '2026-03-31 21:22:22', '2026-03-31 21:22:22'),
(2739, 4, 131, 1, '2026-03-31 21:22:22', '2026-03-31 21:22:22'),
(2740, 2, 131, 1, '2026-03-31 21:22:22', '2026-03-31 21:22:22'),
(2741, 5, 131, 1, '2026-03-31 21:22:22', '2026-03-31 21:22:22'),
(2742, 14, 131, 1, '2026-03-31 21:22:22', '2026-03-31 21:22:22'),
(2743, 1, 131, 1, '2026-03-31 21:22:22', '2026-03-31 21:22:22'),
(2744, 3, 131, 1, '2026-03-31 21:22:22', '2026-03-31 21:22:22'),
(2745, 15, 132, 0, '2026-03-31 21:22:22', '2026-03-31 21:22:22'),
(2746, 18, 132, 0, '2026-03-31 21:22:22', '2026-03-31 21:22:22'),
(2747, 19, 132, 0, '2026-03-31 21:22:22', '2026-03-31 21:22:22'),
(2748, 20, 132, 0, '2026-03-31 21:22:22', '2026-03-31 21:22:22'),
(2749, 21, 132, 0, '2026-03-31 21:22:22', '2026-03-31 21:22:22'),
(2750, 22, 132, 0, '2026-03-31 21:22:22', '2026-03-31 21:22:22'),
(2751, 16, 132, 0, '2026-03-31 21:22:22', '2026-03-31 21:22:22'),
(2752, 17, 132, 0, '2026-03-31 21:22:22', '2026-03-31 21:22:22'),
(2753, 4, 132, 0, '2026-03-31 21:22:22', '2026-03-31 21:22:22'),
(2754, 2, 132, 1, '2026-03-31 21:22:22', '2026-03-31 21:22:22'),
(2755, 5, 132, 1, '2026-03-31 21:22:22', '2026-03-31 21:22:22'),
(2756, 14, 132, 0, '2026-03-31 21:22:22', '2026-03-31 21:22:22'),
(2757, 1, 132, 0, '2026-03-31 21:22:22', '2026-03-31 21:22:22'),
(2758, 3, 132, 0, '2026-03-31 21:22:22', '2026-03-31 21:22:22'),
(2780, 15, 133, 1, '2026-03-31 21:22:32', '2026-03-31 21:22:32'),
(2781, 18, 133, 1, '2026-03-31 21:22:32', '2026-03-31 21:22:32'),
(2782, 19, 133, 1, '2026-03-31 21:22:32', '2026-03-31 21:22:32'),
(2783, 20, 133, 1, '2026-03-31 21:22:32', '2026-03-31 21:22:32'),
(2784, 21, 133, 1, '2026-03-31 21:22:32', '2026-03-31 21:22:32'),
(2785, 22, 133, 1, '2026-03-31 21:22:32', '2026-03-31 21:22:32'),
(2786, 16, 133, 1, '2026-03-31 21:22:32', '2026-03-31 21:22:32'),
(2787, 17, 133, 1, '2026-03-31 21:22:32', '2026-03-31 21:22:32'),
(2788, 4, 133, 1, '2026-03-31 21:22:32', '2026-03-31 21:22:32'),
(2789, 2, 133, 1, '2026-03-31 21:22:32', '2026-03-31 21:22:32'),
(2790, 5, 133, 1, '2026-03-31 21:22:32', '2026-03-31 21:22:32'),
(2791, 14, 133, 1, '2026-03-31 21:22:32', '2026-03-31 21:22:32'),
(2792, 1, 133, 1, '2026-03-31 21:22:32', '2026-03-31 21:22:32'),
(2793, 3, 133, 1, '2026-03-31 21:22:32', '2026-03-31 21:22:32'),
(2794, 15, 134, 1, '2026-03-31 21:22:32', '2026-03-31 21:22:32'),
(2795, 18, 134, 1, '2026-03-31 21:22:32', '2026-03-31 21:22:32'),
(2796, 19, 134, 1, '2026-03-31 21:22:32', '2026-03-31 21:22:32'),
(2797, 20, 134, 1, '2026-03-31 21:22:32', '2026-03-31 21:22:32'),
(2798, 21, 134, 1, '2026-03-31 21:22:32', '2026-03-31 21:22:32'),
(2799, 22, 134, 1, '2026-03-31 21:22:32', '2026-03-31 21:22:32'),
(2800, 16, 134, 1, '2026-03-31 21:22:32', '2026-03-31 21:22:32'),
(2801, 17, 134, 1, '2026-03-31 21:22:32', '2026-03-31 21:22:32'),
(2802, 4, 134, 1, '2026-03-31 21:22:32', '2026-03-31 21:22:32'),
(2803, 2, 134, 1, '2026-03-31 21:22:32', '2026-03-31 21:22:32'),
(2804, 5, 134, 1, '2026-03-31 21:22:32', '2026-03-31 21:22:32'),
(2805, 14, 134, 1, '2026-03-31 21:22:32', '2026-03-31 21:22:32'),
(2806, 1, 134, 1, '2026-03-31 21:22:32', '2026-03-31 21:22:32'),
(2807, 3, 134, 1, '2026-03-31 21:22:32', '2026-03-31 21:22:32'),
(2808, 15, 135, 0, '2026-03-31 21:22:32', '2026-03-31 21:22:32'),
(2809, 18, 135, 0, '2026-03-31 21:22:32', '2026-03-31 21:22:32'),
(2810, 19, 135, 0, '2026-03-31 21:22:32', '2026-03-31 21:22:32'),
(2811, 20, 135, 0, '2026-03-31 21:22:32', '2026-03-31 21:22:32'),
(2812, 21, 135, 0, '2026-03-31 21:22:32', '2026-03-31 21:22:32'),
(2813, 22, 135, 0, '2026-03-31 21:22:32', '2026-03-31 21:22:32'),
(2814, 16, 135, 0, '2026-03-31 21:22:32', '2026-03-31 21:22:32'),
(2815, 17, 135, 0, '2026-03-31 21:22:32', '2026-03-31 21:22:32'),
(2816, 4, 135, 0, '2026-03-31 21:22:32', '2026-03-31 21:22:32'),
(2817, 2, 135, 1, '2026-03-31 21:22:32', '2026-03-31 21:22:32'),
(2818, 5, 135, 1, '2026-03-31 21:22:32', '2026-03-31 21:22:32'),
(2819, 14, 135, 0, '2026-03-31 21:22:32', '2026-03-31 21:22:32'),
(2820, 1, 135, 0, '2026-03-31 21:22:32', '2026-03-31 21:22:32'),
(2821, 3, 135, 0, '2026-03-31 21:22:32', '2026-03-31 21:22:32'),
(2843, 15, 136, 1, '2026-03-31 21:22:42', '2026-03-31 21:22:42'),
(2844, 18, 136, 1, '2026-03-31 21:22:42', '2026-03-31 21:22:42'),
(2845, 19, 136, 1, '2026-03-31 21:22:42', '2026-03-31 21:22:42'),
(2846, 20, 136, 1, '2026-03-31 21:22:42', '2026-03-31 21:22:42'),
(2847, 21, 136, 1, '2026-03-31 21:22:42', '2026-03-31 21:22:42'),
(2848, 22, 136, 1, '2026-03-31 21:22:42', '2026-03-31 21:22:42'),
(2849, 16, 136, 1, '2026-03-31 21:22:42', '2026-03-31 21:22:42'),
(2850, 17, 136, 1, '2026-03-31 21:22:42', '2026-03-31 21:22:42'),
(2851, 4, 136, 1, '2026-03-31 21:22:42', '2026-03-31 21:22:42'),
(2852, 2, 136, 1, '2026-03-31 21:22:42', '2026-03-31 21:22:42'),
(2853, 5, 136, 1, '2026-03-31 21:22:42', '2026-03-31 21:22:42'),
(2854, 14, 136, 1, '2026-03-31 21:22:42', '2026-03-31 21:22:42'),
(2855, 1, 136, 1, '2026-03-31 21:22:42', '2026-03-31 21:22:42'),
(2856, 3, 136, 1, '2026-03-31 21:22:42', '2026-03-31 21:22:42'),
(2857, 15, 137, 1, '2026-03-31 21:22:42', '2026-03-31 21:22:42'),
(2858, 18, 137, 1, '2026-03-31 21:22:42', '2026-03-31 21:22:42'),
(2859, 19, 137, 1, '2026-03-31 21:22:42', '2026-03-31 21:22:42'),
(2860, 20, 137, 1, '2026-03-31 21:22:42', '2026-03-31 21:22:42'),
(2861, 21, 137, 1, '2026-03-31 21:22:42', '2026-03-31 21:22:42'),
(2862, 22, 137, 1, '2026-03-31 21:22:42', '2026-03-31 21:22:42'),
(2863, 16, 137, 1, '2026-03-31 21:22:42', '2026-03-31 21:22:42'),
(2864, 17, 137, 1, '2026-03-31 21:22:42', '2026-03-31 21:22:42'),
(2865, 4, 137, 1, '2026-03-31 21:22:42', '2026-03-31 21:22:42'),
(2866, 2, 137, 1, '2026-03-31 21:22:42', '2026-03-31 21:22:42'),
(2867, 5, 137, 1, '2026-03-31 21:22:42', '2026-03-31 21:22:42'),
(2868, 14, 137, 1, '2026-03-31 21:22:42', '2026-03-31 21:22:42'),
(2869, 1, 137, 1, '2026-03-31 21:22:42', '2026-03-31 21:22:42'),
(2870, 3, 137, 1, '2026-03-31 21:22:42', '2026-03-31 21:22:42'),
(2871, 15, 138, 0, '2026-03-31 21:22:42', '2026-03-31 21:22:42'),
(2872, 18, 138, 0, '2026-03-31 21:22:42', '2026-03-31 21:22:42'),
(2873, 19, 138, 0, '2026-03-31 21:22:42', '2026-03-31 21:22:42'),
(2874, 20, 138, 0, '2026-03-31 21:22:42', '2026-03-31 21:22:42'),
(2875, 21, 138, 0, '2026-03-31 21:22:42', '2026-03-31 21:22:42'),
(2876, 22, 138, 0, '2026-03-31 21:22:42', '2026-03-31 21:22:42'),
(2877, 16, 138, 0, '2026-03-31 21:22:42', '2026-03-31 21:22:42'),
(2878, 17, 138, 0, '2026-03-31 21:22:42', '2026-03-31 21:22:42'),
(2879, 4, 138, 0, '2026-03-31 21:22:42', '2026-03-31 21:22:42'),
(2880, 2, 138, 1, '2026-03-31 21:22:42', '2026-03-31 21:22:42'),
(2881, 5, 138, 1, '2026-03-31 21:22:42', '2026-03-31 21:22:42'),
(2882, 14, 138, 0, '2026-03-31 21:22:42', '2026-03-31 21:22:42'),
(2883, 1, 138, 0, '2026-03-31 21:22:42', '2026-03-31 21:22:42'),
(2884, 3, 138, 0, '2026-03-31 21:22:42', '2026-03-31 21:22:42'),
(2906, 15, 139, 1, '2026-03-31 21:22:51', '2026-03-31 21:22:51'),
(2907, 18, 139, 1, '2026-03-31 21:22:51', '2026-03-31 21:22:51'),
(2908, 19, 139, 1, '2026-03-31 21:22:51', '2026-03-31 21:22:51'),
(2909, 20, 139, 1, '2026-03-31 21:22:51', '2026-03-31 21:22:51'),
(2910, 21, 139, 1, '2026-03-31 21:22:51', '2026-03-31 21:22:51'),
(2911, 22, 139, 1, '2026-03-31 21:22:51', '2026-03-31 21:22:51'),
(2912, 16, 139, 1, '2026-03-31 21:22:51', '2026-03-31 21:22:51'),
(2913, 17, 139, 1, '2026-03-31 21:22:51', '2026-03-31 21:22:51'),
(2914, 4, 139, 1, '2026-03-31 21:22:51', '2026-03-31 21:22:51'),
(2915, 2, 139, 1, '2026-03-31 21:22:51', '2026-03-31 21:22:51'),
(2916, 5, 139, 1, '2026-03-31 21:22:51', '2026-03-31 21:22:51'),
(2917, 14, 139, 1, '2026-03-31 21:22:51', '2026-03-31 21:22:51'),
(2918, 1, 139, 1, '2026-03-31 21:22:51', '2026-03-31 21:22:51'),
(2919, 3, 139, 1, '2026-03-31 21:22:51', '2026-03-31 21:22:51'),
(2920, 15, 140, 1, '2026-03-31 21:22:51', '2026-03-31 21:22:51'),
(2921, 18, 140, 1, '2026-03-31 21:22:51', '2026-03-31 21:22:51'),
(2922, 19, 140, 1, '2026-03-31 21:22:51', '2026-03-31 21:22:51'),
(2923, 20, 140, 1, '2026-03-31 21:22:51', '2026-03-31 21:22:51'),
(2924, 21, 140, 1, '2026-03-31 21:22:51', '2026-03-31 21:22:51'),
(2925, 22, 140, 1, '2026-03-31 21:22:51', '2026-03-31 21:22:51'),
(2926, 16, 140, 1, '2026-03-31 21:22:51', '2026-03-31 21:22:51'),
(2927, 17, 140, 1, '2026-03-31 21:22:51', '2026-03-31 21:22:51'),
(2928, 4, 140, 1, '2026-03-31 21:22:51', '2026-03-31 21:22:51'),
(2929, 2, 140, 1, '2026-03-31 21:22:51', '2026-03-31 21:22:51'),
(2930, 5, 140, 1, '2026-03-31 21:22:51', '2026-03-31 21:22:51'),
(2931, 14, 140, 1, '2026-03-31 21:22:51', '2026-03-31 21:22:51'),
(2932, 1, 140, 1, '2026-03-31 21:22:51', '2026-03-31 21:22:51'),
(2933, 3, 140, 1, '2026-03-31 21:22:51', '2026-03-31 21:22:51'),
(2934, 15, 141, 0, '2026-03-31 21:22:51', '2026-03-31 21:22:51'),
(2935, 18, 141, 0, '2026-03-31 21:22:51', '2026-03-31 21:22:51'),
(2936, 19, 141, 0, '2026-03-31 21:22:51', '2026-03-31 21:22:51'),
(2937, 20, 141, 0, '2026-03-31 21:22:51', '2026-03-31 21:22:51'),
(2938, 21, 141, 0, '2026-03-31 21:22:51', '2026-03-31 21:22:51'),
(2939, 22, 141, 0, '2026-03-31 21:22:51', '2026-03-31 21:22:51'),
(2940, 16, 141, 0, '2026-03-31 21:22:51', '2026-03-31 21:22:51'),
(2941, 17, 141, 0, '2026-03-31 21:22:51', '2026-03-31 21:22:51'),
(2942, 4, 141, 0, '2026-03-31 21:22:51', '2026-03-31 21:22:51'),
(2943, 2, 141, 1, '2026-03-31 21:22:51', '2026-03-31 21:22:51'),
(2944, 5, 141, 1, '2026-03-31 21:22:51', '2026-03-31 21:22:51'),
(2945, 14, 141, 0, '2026-03-31 21:22:51', '2026-03-31 21:22:51'),
(2946, 1, 141, 0, '2026-03-31 21:22:51', '2026-03-31 21:22:51'),
(2947, 3, 141, 0, '2026-03-31 21:22:51', '2026-03-31 21:22:51'),
(2969, 15, 142, 1, '2026-03-31 21:22:59', '2026-03-31 21:22:59'),
(2970, 18, 142, 1, '2026-03-31 21:22:59', '2026-03-31 21:22:59'),
(2971, 19, 142, 1, '2026-03-31 21:22:59', '2026-03-31 21:22:59'),
(2972, 20, 142, 1, '2026-03-31 21:22:59', '2026-03-31 21:22:59'),
(2973, 21, 142, 1, '2026-03-31 21:22:59', '2026-03-31 21:22:59'),
(2974, 22, 142, 1, '2026-03-31 21:22:59', '2026-03-31 21:22:59'),
(2975, 16, 142, 1, '2026-03-31 21:22:59', '2026-03-31 21:22:59'),
(2976, 17, 142, 1, '2026-03-31 21:22:59', '2026-03-31 21:22:59'),
(2977, 4, 142, 1, '2026-03-31 21:22:59', '2026-03-31 21:22:59'),
(2978, 2, 142, 1, '2026-03-31 21:22:59', '2026-03-31 21:22:59'),
(2979, 5, 142, 1, '2026-03-31 21:22:59', '2026-03-31 21:22:59'),
(2980, 14, 142, 1, '2026-03-31 21:22:59', '2026-03-31 21:22:59'),
(2981, 1, 142, 1, '2026-03-31 21:22:59', '2026-03-31 21:22:59'),
(2982, 3, 142, 1, '2026-03-31 21:22:59', '2026-03-31 21:22:59'),
(2983, 15, 143, 1, '2026-03-31 21:22:59', '2026-03-31 21:22:59'),
(2984, 18, 143, 1, '2026-03-31 21:22:59', '2026-03-31 21:22:59'),
(2985, 19, 143, 1, '2026-03-31 21:22:59', '2026-03-31 21:22:59'),
(2986, 20, 143, 1, '2026-03-31 21:22:59', '2026-03-31 21:22:59'),
(2987, 21, 143, 1, '2026-03-31 21:22:59', '2026-03-31 21:22:59'),
(2988, 22, 143, 1, '2026-03-31 21:22:59', '2026-03-31 21:22:59'),
(2989, 16, 143, 1, '2026-03-31 21:22:59', '2026-03-31 21:22:59'),
(2990, 17, 143, 1, '2026-03-31 21:22:59', '2026-03-31 21:22:59'),
(2991, 4, 143, 1, '2026-03-31 21:22:59', '2026-03-31 21:22:59'),
(2992, 2, 143, 1, '2026-03-31 21:22:59', '2026-03-31 21:22:59'),
(2993, 5, 143, 1, '2026-03-31 21:22:59', '2026-03-31 21:22:59'),
(2994, 14, 143, 1, '2026-03-31 21:22:59', '2026-03-31 21:22:59'),
(2995, 1, 143, 1, '2026-03-31 21:22:59', '2026-03-31 21:22:59'),
(2996, 3, 143, 1, '2026-03-31 21:22:59', '2026-03-31 21:22:59'),
(2997, 15, 144, 0, '2026-03-31 21:22:59', '2026-03-31 21:22:59'),
(2998, 18, 144, 0, '2026-03-31 21:22:59', '2026-03-31 21:22:59'),
(2999, 19, 144, 0, '2026-03-31 21:22:59', '2026-03-31 21:22:59'),
(3000, 20, 144, 0, '2026-03-31 21:22:59', '2026-03-31 21:22:59'),
(3001, 21, 144, 0, '2026-03-31 21:22:59', '2026-03-31 21:22:59'),
(3002, 22, 144, 0, '2026-03-31 21:22:59', '2026-03-31 21:22:59'),
(3003, 16, 144, 0, '2026-03-31 21:22:59', '2026-03-31 21:22:59'),
(3004, 17, 144, 0, '2026-03-31 21:22:59', '2026-03-31 21:22:59'),
(3005, 4, 144, 0, '2026-03-31 21:22:59', '2026-03-31 21:22:59'),
(3006, 2, 144, 1, '2026-03-31 21:22:59', '2026-03-31 21:22:59'),
(3007, 5, 144, 1, '2026-03-31 21:22:59', '2026-03-31 21:22:59'),
(3008, 14, 144, 0, '2026-03-31 21:22:59', '2026-03-31 21:22:59'),
(3009, 1, 144, 0, '2026-03-31 21:22:59', '2026-03-31 21:22:59'),
(3010, 3, 144, 0, '2026-03-31 21:22:59', '2026-03-31 21:22:59'),
(3032, 15, 145, 1, '2026-03-31 21:23:13', '2026-03-31 21:23:13'),
(3033, 18, 145, 1, '2026-03-31 21:23:13', '2026-03-31 21:23:13'),
(3034, 19, 145, 1, '2026-03-31 21:23:13', '2026-03-31 21:23:13'),
(3035, 20, 145, 1, '2026-03-31 21:23:13', '2026-03-31 21:23:13'),
(3036, 21, 145, 1, '2026-03-31 21:23:13', '2026-03-31 21:23:13'),
(3037, 22, 145, 1, '2026-03-31 21:23:13', '2026-03-31 21:23:13'),
(3038, 16, 145, 1, '2026-03-31 21:23:13', '2026-03-31 21:23:13'),
(3039, 17, 145, 1, '2026-03-31 21:23:13', '2026-03-31 21:23:13'),
(3040, 4, 145, 1, '2026-03-31 21:23:13', '2026-03-31 21:23:13'),
(3041, 2, 145, 1, '2026-03-31 21:23:13', '2026-03-31 21:23:13'),
(3042, 5, 145, 1, '2026-03-31 21:23:13', '2026-03-31 21:23:13'),
(3043, 14, 145, 1, '2026-03-31 21:23:13', '2026-03-31 21:23:13'),
(3044, 1, 145, 1, '2026-03-31 21:23:13', '2026-03-31 21:23:13'),
(3045, 3, 145, 1, '2026-03-31 21:23:13', '2026-03-31 21:23:13'),
(3046, 15, 146, 1, '2026-03-31 21:23:13', '2026-03-31 21:23:13'),
(3047, 18, 146, 1, '2026-03-31 21:23:13', '2026-03-31 21:23:13'),
(3048, 19, 146, 1, '2026-03-31 21:23:13', '2026-03-31 21:23:13'),
(3049, 20, 146, 1, '2026-03-31 21:23:13', '2026-03-31 21:23:13'),
(3050, 21, 146, 1, '2026-03-31 21:23:13', '2026-03-31 21:23:13'),
(3051, 22, 146, 1, '2026-03-31 21:23:13', '2026-03-31 21:23:13'),
(3052, 16, 146, 1, '2026-03-31 21:23:13', '2026-03-31 21:23:13'),
(3053, 17, 146, 1, '2026-03-31 21:23:13', '2026-03-31 21:23:13'),
(3054, 4, 146, 1, '2026-03-31 21:23:13', '2026-03-31 21:23:13'),
(3055, 2, 146, 1, '2026-03-31 21:23:13', '2026-03-31 21:23:13'),
(3056, 5, 146, 1, '2026-03-31 21:23:13', '2026-03-31 21:23:13'),
(3057, 14, 146, 1, '2026-03-31 21:23:13', '2026-03-31 21:23:13'),
(3058, 1, 146, 1, '2026-03-31 21:23:13', '2026-03-31 21:23:13'),
(3059, 3, 146, 1, '2026-03-31 21:23:13', '2026-03-31 21:23:13'),
(3060, 15, 147, 0, '2026-03-31 21:23:13', '2026-03-31 21:23:13'),
(3061, 18, 147, 0, '2026-03-31 21:23:13', '2026-03-31 21:23:13'),
(3062, 19, 147, 0, '2026-03-31 21:23:13', '2026-03-31 21:23:13'),
(3063, 20, 147, 0, '2026-03-31 21:23:13', '2026-03-31 21:23:13'),
(3064, 21, 147, 0, '2026-03-31 21:23:13', '2026-03-31 21:23:13'),
(3065, 22, 147, 0, '2026-03-31 21:23:13', '2026-03-31 21:23:13'),
(3066, 16, 147, 0, '2026-03-31 21:23:13', '2026-03-31 21:23:13'),
(3067, 17, 147, 0, '2026-03-31 21:23:13', '2026-03-31 21:23:13'),
(3068, 4, 147, 0, '2026-03-31 21:23:13', '2026-03-31 21:23:13'),
(3069, 2, 147, 1, '2026-03-31 21:23:13', '2026-03-31 21:23:13'),
(3070, 5, 147, 1, '2026-03-31 21:23:13', '2026-03-31 21:23:13'),
(3071, 14, 147, 0, '2026-03-31 21:23:13', '2026-03-31 21:23:13'),
(3072, 1, 147, 0, '2026-03-31 21:23:13', '2026-03-31 21:23:13'),
(3073, 3, 147, 0, '2026-03-31 21:23:13', '2026-03-31 21:23:13'),
(3095, 15, 148, 1, '2026-03-31 21:23:23', '2026-03-31 21:23:23'),
(3096, 18, 148, 1, '2026-03-31 21:23:23', '2026-03-31 21:23:23'),
(3097, 19, 148, 1, '2026-03-31 21:23:23', '2026-03-31 21:23:23'),
(3098, 20, 148, 1, '2026-03-31 21:23:23', '2026-03-31 21:23:23'),
(3099, 21, 148, 1, '2026-03-31 21:23:23', '2026-03-31 21:23:23'),
(3100, 22, 148, 1, '2026-03-31 21:23:23', '2026-03-31 21:23:23'),
(3101, 16, 148, 1, '2026-03-31 21:23:23', '2026-03-31 21:23:23'),
(3102, 17, 148, 1, '2026-03-31 21:23:23', '2026-03-31 21:23:23'),
(3103, 4, 148, 1, '2026-03-31 21:23:23', '2026-03-31 21:23:23'),
(3104, 2, 148, 1, '2026-03-31 21:23:23', '2026-03-31 21:23:23'),
(3105, 5, 148, 1, '2026-03-31 21:23:23', '2026-03-31 21:23:23'),
(3106, 14, 148, 1, '2026-03-31 21:23:23', '2026-03-31 21:23:23'),
(3107, 1, 148, 1, '2026-03-31 21:23:23', '2026-03-31 21:23:23'),
(3108, 3, 148, 1, '2026-03-31 21:23:23', '2026-03-31 21:23:23'),
(3109, 15, 149, 1, '2026-03-31 21:23:23', '2026-03-31 21:23:23'),
(3110, 18, 149, 1, '2026-03-31 21:23:23', '2026-03-31 21:23:23'),
(3111, 19, 149, 1, '2026-03-31 21:23:23', '2026-03-31 21:23:23'),
(3112, 20, 149, 1, '2026-03-31 21:23:23', '2026-03-31 21:23:23'),
(3113, 21, 149, 1, '2026-03-31 21:23:23', '2026-03-31 21:23:23'),
(3114, 22, 149, 1, '2026-03-31 21:23:23', '2026-03-31 21:23:23'),
(3115, 16, 149, 1, '2026-03-31 21:23:23', '2026-03-31 21:23:23'),
(3116, 17, 149, 1, '2026-03-31 21:23:23', '2026-03-31 21:23:23'),
(3117, 4, 149, 1, '2026-03-31 21:23:23', '2026-03-31 21:23:23'),
(3118, 2, 149, 1, '2026-03-31 21:23:23', '2026-03-31 21:23:23'),
(3119, 5, 149, 1, '2026-03-31 21:23:23', '2026-03-31 21:23:23'),
(3120, 14, 149, 1, '2026-03-31 21:23:23', '2026-03-31 21:23:23'),
(3121, 1, 149, 1, '2026-03-31 21:23:23', '2026-03-31 21:23:23'),
(3122, 3, 149, 1, '2026-03-31 21:23:23', '2026-03-31 21:23:23'),
(3123, 15, 150, 0, '2026-03-31 21:23:23', '2026-03-31 21:23:23'),
(3124, 18, 150, 0, '2026-03-31 21:23:23', '2026-03-31 21:23:23'),
(3125, 19, 150, 0, '2026-03-31 21:23:23', '2026-03-31 21:23:23'),
(3126, 20, 150, 0, '2026-03-31 21:23:23', '2026-03-31 21:23:23'),
(3127, 21, 150, 0, '2026-03-31 21:23:23', '2026-03-31 21:23:23'),
(3128, 22, 150, 0, '2026-03-31 21:23:23', '2026-03-31 21:23:23'),
(3129, 16, 150, 0, '2026-03-31 21:23:23', '2026-03-31 21:23:23'),
(3130, 17, 150, 0, '2026-03-31 21:23:23', '2026-03-31 21:23:23'),
(3131, 4, 150, 0, '2026-03-31 21:23:23', '2026-03-31 21:23:23'),
(3132, 2, 150, 1, '2026-03-31 21:23:23', '2026-03-31 21:23:23'),
(3133, 5, 150, 1, '2026-03-31 21:23:23', '2026-03-31 21:23:23'),
(3134, 14, 150, 0, '2026-03-31 21:23:23', '2026-03-31 21:23:23'),
(3135, 1, 150, 0, '2026-03-31 21:23:23', '2026-03-31 21:23:23'),
(3136, 3, 150, 0, '2026-03-31 21:23:23', '2026-03-31 21:23:23'),
(3158, 15, 151, 1, '2026-03-31 21:23:25', '2026-03-31 21:23:25'),
(3159, 18, 151, 1, '2026-03-31 21:23:25', '2026-03-31 21:23:25'),
(3160, 19, 151, 1, '2026-03-31 21:23:25', '2026-03-31 21:23:25'),
(3161, 20, 151, 1, '2026-03-31 21:23:25', '2026-03-31 21:23:25'),
(3162, 21, 151, 1, '2026-03-31 21:23:25', '2026-03-31 21:23:25'),
(3163, 22, 151, 1, '2026-03-31 21:23:25', '2026-03-31 21:23:25'),
(3164, 16, 151, 1, '2026-03-31 21:23:25', '2026-03-31 21:23:25'),
(3165, 17, 151, 1, '2026-03-31 21:23:25', '2026-03-31 21:23:25'),
(3166, 4, 151, 1, '2026-03-31 21:23:25', '2026-03-31 21:23:25'),
(3167, 2, 151, 1, '2026-03-31 21:23:25', '2026-03-31 21:23:25'),
(3168, 5, 151, 1, '2026-03-31 21:23:25', '2026-03-31 21:23:25'),
(3169, 14, 151, 1, '2026-03-31 21:23:25', '2026-03-31 21:23:25'),
(3170, 1, 151, 1, '2026-03-31 21:23:25', '2026-03-31 21:23:25'),
(3171, 3, 151, 1, '2026-03-31 21:23:25', '2026-03-31 21:23:25'),
(3172, 15, 152, 1, '2026-03-31 21:23:25', '2026-03-31 21:23:25'),
(3173, 18, 152, 1, '2026-03-31 21:23:25', '2026-03-31 21:23:25'),
(3174, 19, 152, 1, '2026-03-31 21:23:25', '2026-03-31 21:23:25'),
(3175, 20, 152, 1, '2026-03-31 21:23:25', '2026-03-31 21:23:25'),
(3176, 21, 152, 1, '2026-03-31 21:23:25', '2026-03-31 21:23:25'),
(3177, 22, 152, 1, '2026-03-31 21:23:25', '2026-03-31 21:23:25'),
(3178, 16, 152, 1, '2026-03-31 21:23:25', '2026-03-31 21:23:25'),
(3179, 17, 152, 1, '2026-03-31 21:23:25', '2026-03-31 21:23:25'),
(3180, 4, 152, 1, '2026-03-31 21:23:25', '2026-03-31 21:23:25'),
(3181, 2, 152, 1, '2026-03-31 21:23:25', '2026-03-31 21:23:25'),
(3182, 5, 152, 1, '2026-03-31 21:23:25', '2026-03-31 21:23:25'),
(3183, 14, 152, 1, '2026-03-31 21:23:25', '2026-03-31 21:23:25'),
(3184, 1, 152, 1, '2026-03-31 21:23:25', '2026-03-31 21:23:25'),
(3185, 3, 152, 1, '2026-03-31 21:23:25', '2026-03-31 21:23:25'),
(3186, 15, 153, 0, '2026-03-31 21:23:25', '2026-03-31 21:23:25'),
(3187, 18, 153, 0, '2026-03-31 21:23:25', '2026-03-31 21:23:25'),
(3188, 19, 153, 0, '2026-03-31 21:23:25', '2026-03-31 21:23:25'),
(3189, 20, 153, 0, '2026-03-31 21:23:25', '2026-03-31 21:23:25'),
(3190, 21, 153, 0, '2026-03-31 21:23:25', '2026-03-31 21:23:25'),
(3191, 22, 153, 0, '2026-03-31 21:23:25', '2026-03-31 21:23:25'),
(3192, 16, 153, 0, '2026-03-31 21:23:25', '2026-03-31 21:23:25'),
(3193, 17, 153, 0, '2026-03-31 21:23:25', '2026-03-31 21:23:25'),
(3194, 4, 153, 0, '2026-03-31 21:23:25', '2026-03-31 21:23:25'),
(3195, 2, 153, 1, '2026-03-31 21:23:25', '2026-03-31 21:23:25'),
(3196, 5, 153, 1, '2026-03-31 21:23:25', '2026-03-31 21:23:25'),
(3197, 14, 153, 0, '2026-03-31 21:23:25', '2026-03-31 21:23:25'),
(3198, 1, 153, 0, '2026-03-31 21:23:25', '2026-03-31 21:23:25'),
(3199, 3, 153, 0, '2026-03-31 21:23:25', '2026-03-31 21:23:25'),
(3221, 15, 154, 1, '2026-03-31 21:23:38', '2026-03-31 21:23:38'),
(3222, 18, 154, 1, '2026-03-31 21:23:38', '2026-03-31 21:23:38'),
(3223, 19, 154, 1, '2026-03-31 21:23:38', '2026-03-31 21:23:38'),
(3224, 20, 154, 1, '2026-03-31 21:23:38', '2026-03-31 21:23:38'),
(3225, 21, 154, 1, '2026-03-31 21:23:38', '2026-03-31 21:23:38'),
(3226, 22, 154, 1, '2026-03-31 21:23:38', '2026-03-31 21:23:38'),
(3227, 16, 154, 1, '2026-03-31 21:23:38', '2026-03-31 21:23:38'),
(3228, 17, 154, 1, '2026-03-31 21:23:38', '2026-03-31 21:23:38'),
(3229, 4, 154, 1, '2026-03-31 21:23:38', '2026-03-31 21:23:38'),
(3230, 2, 154, 1, '2026-03-31 21:23:38', '2026-03-31 21:23:38'),
(3231, 5, 154, 1, '2026-03-31 21:23:38', '2026-03-31 21:23:38'),
(3232, 14, 154, 1, '2026-03-31 21:23:38', '2026-03-31 21:23:38'),
(3233, 1, 154, 1, '2026-03-31 21:23:38', '2026-03-31 21:23:38'),
(3234, 3, 154, 1, '2026-03-31 21:23:38', '2026-03-31 21:23:38'),
(3235, 15, 155, 1, '2026-03-31 21:23:38', '2026-03-31 21:23:38'),
(3236, 18, 155, 1, '2026-03-31 21:23:38', '2026-03-31 21:23:38'),
(3237, 19, 155, 1, '2026-03-31 21:23:38', '2026-03-31 21:23:38'),
(3238, 20, 155, 1, '2026-03-31 21:23:38', '2026-03-31 21:23:38'),
(3239, 21, 155, 1, '2026-03-31 21:23:38', '2026-03-31 21:23:38'),
(3240, 22, 155, 1, '2026-03-31 21:23:38', '2026-03-31 21:23:38'),
(3241, 16, 155, 1, '2026-03-31 21:23:38', '2026-03-31 21:23:38'),
(3242, 17, 155, 1, '2026-03-31 21:23:38', '2026-03-31 21:23:38'),
(3243, 4, 155, 1, '2026-03-31 21:23:38', '2026-03-31 21:23:38'),
(3244, 2, 155, 1, '2026-03-31 21:23:38', '2026-03-31 21:23:38'),
(3245, 5, 155, 1, '2026-03-31 21:23:38', '2026-03-31 21:23:38'),
(3246, 14, 155, 1, '2026-03-31 21:23:38', '2026-03-31 21:23:38'),
(3247, 1, 155, 1, '2026-03-31 21:23:38', '2026-03-31 21:23:38'),
(3248, 3, 155, 1, '2026-03-31 21:23:38', '2026-03-31 21:23:38'),
(3249, 15, 156, 0, '2026-03-31 21:23:38', '2026-03-31 21:23:38'),
(3250, 18, 156, 0, '2026-03-31 21:23:38', '2026-03-31 21:23:38'),
(3251, 19, 156, 0, '2026-03-31 21:23:38', '2026-03-31 21:23:38'),
(3252, 20, 156, 0, '2026-03-31 21:23:38', '2026-03-31 21:23:38'),
(3253, 21, 156, 0, '2026-03-31 21:23:38', '2026-03-31 21:23:38'),
(3254, 22, 156, 0, '2026-03-31 21:23:38', '2026-03-31 21:23:38'),
(3255, 16, 156, 0, '2026-03-31 21:23:38', '2026-03-31 21:23:38'),
(3256, 17, 156, 0, '2026-03-31 21:23:38', '2026-03-31 21:23:38'),
(3257, 4, 156, 0, '2026-03-31 21:23:38', '2026-03-31 21:23:38'),
(3258, 2, 156, 1, '2026-03-31 21:23:38', '2026-03-31 21:23:38'),
(3259, 5, 156, 1, '2026-03-31 21:23:38', '2026-03-31 21:23:38'),
(3260, 14, 156, 0, '2026-03-31 21:23:38', '2026-03-31 21:23:38'),
(3261, 1, 156, 0, '2026-03-31 21:23:38', '2026-03-31 21:23:38'),
(3262, 3, 156, 0, '2026-03-31 21:23:38', '2026-03-31 21:23:38'),
(3284, 15, 157, 1, '2026-03-31 21:23:42', '2026-03-31 21:23:42'),
(3285, 18, 157, 1, '2026-03-31 21:23:42', '2026-03-31 21:23:42'),
(3286, 19, 157, 1, '2026-03-31 21:23:42', '2026-03-31 21:23:42'),
(3287, 20, 157, 1, '2026-03-31 21:23:42', '2026-03-31 21:23:42'),
(3288, 21, 157, 1, '2026-03-31 21:23:42', '2026-03-31 21:23:42'),
(3289, 22, 157, 1, '2026-03-31 21:23:42', '2026-03-31 21:23:42'),
(3290, 16, 157, 1, '2026-03-31 21:23:42', '2026-03-31 21:23:42'),
(3291, 17, 157, 1, '2026-03-31 21:23:42', '2026-03-31 21:23:42'),
(3292, 4, 157, 1, '2026-03-31 21:23:42', '2026-03-31 21:23:42'),
(3293, 2, 157, 1, '2026-03-31 21:23:42', '2026-03-31 21:23:42'),
(3294, 5, 157, 1, '2026-03-31 21:23:42', '2026-03-31 21:23:42'),
(3295, 14, 157, 1, '2026-03-31 21:23:42', '2026-03-31 21:23:42'),
(3296, 1, 157, 1, '2026-03-31 21:23:42', '2026-03-31 21:23:42'),
(3297, 3, 157, 1, '2026-03-31 21:23:42', '2026-03-31 21:23:42'),
(3298, 15, 158, 1, '2026-03-31 21:23:42', '2026-03-31 21:23:42'),
(3299, 18, 158, 1, '2026-03-31 21:23:42', '2026-03-31 21:23:42'),
(3300, 19, 158, 1, '2026-03-31 21:23:42', '2026-03-31 21:23:42'),
(3301, 20, 158, 1, '2026-03-31 21:23:42', '2026-03-31 21:23:42'),
(3302, 21, 158, 1, '2026-03-31 21:23:42', '2026-03-31 21:23:42'),
(3303, 22, 158, 1, '2026-03-31 21:23:42', '2026-03-31 21:23:42'),
(3304, 16, 158, 1, '2026-03-31 21:23:42', '2026-03-31 21:23:42'),
(3305, 17, 158, 1, '2026-03-31 21:23:42', '2026-03-31 21:23:42'),
(3306, 4, 158, 1, '2026-03-31 21:23:42', '2026-03-31 21:23:42'),
(3307, 2, 158, 1, '2026-03-31 21:23:42', '2026-03-31 21:23:42'),
(3308, 5, 158, 1, '2026-03-31 21:23:42', '2026-03-31 21:23:42'),
(3309, 14, 158, 1, '2026-03-31 21:23:42', '2026-03-31 21:23:42'),
(3310, 1, 158, 1, '2026-03-31 21:23:42', '2026-03-31 21:23:42'),
(3311, 3, 158, 1, '2026-03-31 21:23:42', '2026-03-31 21:23:42'),
(3312, 15, 159, 0, '2026-03-31 21:23:42', '2026-03-31 21:23:42'),
(3313, 18, 159, 0, '2026-03-31 21:23:42', '2026-03-31 21:23:42'),
(3314, 19, 159, 0, '2026-03-31 21:23:42', '2026-03-31 21:23:42'),
(3315, 20, 159, 0, '2026-03-31 21:23:42', '2026-03-31 21:23:42'),
(3316, 21, 159, 0, '2026-03-31 21:23:42', '2026-03-31 21:23:42'),
(3317, 22, 159, 0, '2026-03-31 21:23:42', '2026-03-31 21:23:42'),
(3318, 16, 159, 0, '2026-03-31 21:23:42', '2026-03-31 21:23:42'),
(3319, 17, 159, 0, '2026-03-31 21:23:42', '2026-03-31 21:23:42'),
(3320, 4, 159, 0, '2026-03-31 21:23:42', '2026-03-31 21:23:42'),
(3321, 2, 159, 1, '2026-03-31 21:23:42', '2026-03-31 21:23:42'),
(3322, 5, 159, 1, '2026-03-31 21:23:42', '2026-03-31 21:23:42'),
(3323, 14, 159, 0, '2026-03-31 21:23:42', '2026-03-31 21:23:42'),
(3324, 1, 159, 0, '2026-03-31 21:23:42', '2026-03-31 21:23:42'),
(3325, 3, 159, 0, '2026-03-31 21:23:42', '2026-03-31 21:23:42'),
(3347, 15, 160, 1, '2026-03-31 21:23:47', '2026-03-31 21:23:47'),
(3348, 18, 160, 1, '2026-03-31 21:23:47', '2026-03-31 21:23:47'),
(3349, 19, 160, 1, '2026-03-31 21:23:47', '2026-03-31 21:23:47'),
(3350, 20, 160, 1, '2026-03-31 21:23:47', '2026-03-31 21:23:47'),
(3351, 21, 160, 1, '2026-03-31 21:23:47', '2026-03-31 21:23:47'),
(3352, 22, 160, 1, '2026-03-31 21:23:47', '2026-03-31 21:23:47'),
(3353, 16, 160, 1, '2026-03-31 21:23:47', '2026-03-31 21:23:47'),
(3354, 17, 160, 1, '2026-03-31 21:23:47', '2026-03-31 21:23:47'),
(3355, 4, 160, 1, '2026-03-31 21:23:47', '2026-03-31 21:23:47'),
(3356, 2, 160, 1, '2026-03-31 21:23:47', '2026-03-31 21:23:47'),
(3357, 5, 160, 1, '2026-03-31 21:23:47', '2026-03-31 21:23:47'),
(3358, 14, 160, 1, '2026-03-31 21:23:47', '2026-03-31 21:23:47'),
(3359, 1, 160, 1, '2026-03-31 21:23:47', '2026-03-31 21:23:47'),
(3360, 3, 160, 1, '2026-03-31 21:23:47', '2026-03-31 21:23:47'),
(3361, 15, 161, 1, '2026-03-31 21:23:47', '2026-03-31 21:23:47'),
(3362, 18, 161, 1, '2026-03-31 21:23:47', '2026-03-31 21:23:47'),
(3363, 19, 161, 1, '2026-03-31 21:23:47', '2026-03-31 21:23:47'),
(3364, 20, 161, 1, '2026-03-31 21:23:47', '2026-03-31 21:23:47'),
(3365, 21, 161, 1, '2026-03-31 21:23:47', '2026-03-31 21:23:47'),
(3366, 22, 161, 1, '2026-03-31 21:23:47', '2026-03-31 21:23:47'),
(3367, 16, 161, 1, '2026-03-31 21:23:47', '2026-03-31 21:23:47'),
(3368, 17, 161, 1, '2026-03-31 21:23:47', '2026-03-31 21:23:47'),
(3369, 4, 161, 1, '2026-03-31 21:23:47', '2026-03-31 21:23:47'),
(3370, 2, 161, 1, '2026-03-31 21:23:47', '2026-03-31 21:23:47'),
(3371, 5, 161, 1, '2026-03-31 21:23:47', '2026-03-31 21:23:47'),
(3372, 14, 161, 1, '2026-03-31 21:23:47', '2026-03-31 21:23:47'),
(3373, 1, 161, 1, '2026-03-31 21:23:47', '2026-03-31 21:23:47'),
(3374, 3, 161, 1, '2026-03-31 21:23:47', '2026-03-31 21:23:47'),
(3375, 15, 162, 0, '2026-03-31 21:23:47', '2026-03-31 21:23:47'),
(3376, 18, 162, 0, '2026-03-31 21:23:47', '2026-03-31 21:23:47'),
(3377, 19, 162, 0, '2026-03-31 21:23:47', '2026-03-31 21:23:47'),
(3378, 20, 162, 0, '2026-03-31 21:23:47', '2026-03-31 21:23:47'),
(3379, 21, 162, 0, '2026-03-31 21:23:47', '2026-03-31 21:23:47'),
(3380, 22, 162, 0, '2026-03-31 21:23:47', '2026-03-31 21:23:47'),
(3381, 16, 162, 0, '2026-03-31 21:23:47', '2026-03-31 21:23:47'),
(3382, 17, 162, 0, '2026-03-31 21:23:47', '2026-03-31 21:23:47'),
(3383, 4, 162, 0, '2026-03-31 21:23:47', '2026-03-31 21:23:47'),
(3384, 2, 162, 1, '2026-03-31 21:23:47', '2026-03-31 21:23:47'),
(3385, 5, 162, 1, '2026-03-31 21:23:47', '2026-03-31 21:23:47'),
(3386, 14, 162, 0, '2026-03-31 21:23:47', '2026-03-31 21:23:47'),
(3387, 1, 162, 0, '2026-03-31 21:23:47', '2026-03-31 21:23:47'),
(3388, 3, 162, 0, '2026-03-31 21:23:47', '2026-03-31 21:23:47'),
(3410, 15, 163, 1, '2026-03-31 21:24:28', '2026-03-31 21:24:28'),
(3411, 18, 163, 1, '2026-03-31 21:24:28', '2026-03-31 21:24:28'),
(3412, 19, 163, 1, '2026-03-31 21:24:28', '2026-03-31 21:24:28'),
(3413, 20, 163, 1, '2026-03-31 21:24:28', '2026-03-31 21:24:28'),
(3414, 21, 163, 1, '2026-03-31 21:24:28', '2026-03-31 21:24:28'),
(3415, 22, 163, 1, '2026-03-31 21:24:28', '2026-03-31 21:24:28'),
(3416, 16, 163, 1, '2026-03-31 21:24:28', '2026-03-31 21:24:28'),
(3417, 17, 163, 1, '2026-03-31 21:24:28', '2026-03-31 21:24:28'),
(3418, 4, 163, 1, '2026-03-31 21:24:28', '2026-03-31 21:24:28'),
(3419, 2, 163, 1, '2026-03-31 21:24:28', '2026-03-31 21:24:28'),
(3420, 5, 163, 1, '2026-03-31 21:24:28', '2026-03-31 21:24:28'),
(3421, 14, 163, 1, '2026-03-31 21:24:28', '2026-03-31 21:24:28'),
(3422, 1, 163, 1, '2026-03-31 21:24:28', '2026-03-31 21:24:28'),
(3423, 3, 163, 1, '2026-03-31 21:24:28', '2026-03-31 21:24:28'),
(3424, 15, 164, 1, '2026-03-31 21:24:28', '2026-03-31 21:24:28'),
(3425, 18, 164, 1, '2026-03-31 21:24:28', '2026-03-31 21:24:28'),
(3426, 19, 164, 1, '2026-03-31 21:24:28', '2026-03-31 21:24:28'),
(3427, 20, 164, 1, '2026-03-31 21:24:28', '2026-03-31 21:24:28'),
(3428, 21, 164, 1, '2026-03-31 21:24:28', '2026-03-31 21:24:28'),
(3429, 22, 164, 1, '2026-03-31 21:24:28', '2026-03-31 21:24:28'),
(3430, 16, 164, 1, '2026-03-31 21:24:28', '2026-03-31 21:24:28'),
(3431, 17, 164, 1, '2026-03-31 21:24:28', '2026-03-31 21:24:28'),
(3432, 4, 164, 1, '2026-03-31 21:24:28', '2026-03-31 21:24:28'),
(3433, 2, 164, 1, '2026-03-31 21:24:28', '2026-03-31 21:24:28'),
(3434, 5, 164, 1, '2026-03-31 21:24:28', '2026-03-31 21:24:28'),
(3435, 14, 164, 1, '2026-03-31 21:24:28', '2026-03-31 21:24:28'),
(3436, 1, 164, 1, '2026-03-31 21:24:28', '2026-03-31 21:24:28'),
(3437, 3, 164, 1, '2026-03-31 21:24:28', '2026-03-31 21:24:28'),
(3438, 15, 165, 0, '2026-03-31 21:24:28', '2026-03-31 21:24:28'),
(3439, 18, 165, 0, '2026-03-31 21:24:28', '2026-03-31 21:24:28'),
(3440, 19, 165, 0, '2026-03-31 21:24:28', '2026-03-31 21:24:28'),
(3441, 20, 165, 0, '2026-03-31 21:24:28', '2026-03-31 21:24:28'),
(3442, 21, 165, 0, '2026-03-31 21:24:28', '2026-03-31 21:24:28'),
(3443, 22, 165, 0, '2026-03-31 21:24:28', '2026-03-31 21:24:28'),
(3444, 16, 165, 0, '2026-03-31 21:24:28', '2026-03-31 21:24:28'),
(3445, 17, 165, 0, '2026-03-31 21:24:28', '2026-03-31 21:24:28'),
(3446, 4, 165, 0, '2026-03-31 21:24:28', '2026-03-31 21:24:28'),
(3447, 2, 165, 1, '2026-03-31 21:24:28', '2026-03-31 21:24:28'),
(3448, 5, 165, 1, '2026-03-31 21:24:28', '2026-03-31 21:24:28'),
(3449, 14, 165, 0, '2026-03-31 21:24:28', '2026-03-31 21:24:28'),
(3450, 1, 165, 0, '2026-03-31 21:24:28', '2026-03-31 21:24:28'),
(3451, 3, 165, 0, '2026-03-31 21:24:28', '2026-03-31 21:24:28'),
(3473, 15, 166, 1, '2026-03-31 21:31:23', '2026-03-31 21:31:23'),
(3474, 18, 166, 1, '2026-03-31 21:31:23', '2026-03-31 21:31:23'),
(3475, 19, 166, 1, '2026-03-31 21:31:23', '2026-03-31 21:31:23'),
(3476, 20, 166, 1, '2026-03-31 21:31:23', '2026-03-31 21:31:23'),
(3477, 21, 166, 1, '2026-03-31 21:31:23', '2026-03-31 21:31:23'),
(3478, 22, 166, 1, '2026-03-31 21:31:23', '2026-03-31 21:31:23'),
(3479, 16, 166, 1, '2026-03-31 21:31:23', '2026-03-31 21:31:23'),
(3480, 17, 166, 1, '2026-03-31 21:31:23', '2026-03-31 21:31:23'),
(3481, 4, 166, 1, '2026-03-31 21:31:23', '2026-03-31 21:31:23'),
(3482, 2, 166, 1, '2026-03-31 21:31:23', '2026-03-31 21:31:23'),
(3483, 5, 166, 1, '2026-03-31 21:31:23', '2026-03-31 21:31:23'),
(3484, 14, 166, 1, '2026-03-31 21:31:23', '2026-03-31 21:31:23'),
(3485, 1, 166, 1, '2026-03-31 21:31:23', '2026-03-31 21:31:23'),
(3486, 3, 166, 1, '2026-03-31 21:31:23', '2026-03-31 21:31:23'),
(3487, 15, 167, 1, '2026-03-31 21:31:23', '2026-03-31 21:31:23'),
(3488, 18, 167, 1, '2026-03-31 21:31:23', '2026-03-31 21:31:23'),
(3489, 19, 167, 1, '2026-03-31 21:31:23', '2026-03-31 21:31:23'),
(3490, 20, 167, 1, '2026-03-31 21:31:23', '2026-03-31 21:31:23'),
(3491, 21, 167, 1, '2026-03-31 21:31:23', '2026-03-31 21:31:23'),
(3492, 22, 167, 1, '2026-03-31 21:31:23', '2026-03-31 21:31:23'),
(3493, 16, 167, 1, '2026-03-31 21:31:23', '2026-03-31 21:31:23'),
(3494, 17, 167, 1, '2026-03-31 21:31:23', '2026-03-31 21:31:23'),
(3495, 4, 167, 1, '2026-03-31 21:31:23', '2026-03-31 21:31:23'),
(3496, 2, 167, 1, '2026-03-31 21:31:23', '2026-03-31 21:31:23'),
(3497, 5, 167, 1, '2026-03-31 21:31:23', '2026-03-31 21:31:23'),
(3498, 14, 167, 1, '2026-03-31 21:31:23', '2026-03-31 21:31:23'),
(3499, 1, 167, 1, '2026-03-31 21:31:23', '2026-03-31 21:31:23'),
(3500, 3, 167, 1, '2026-03-31 21:31:23', '2026-03-31 21:31:23'),
(3501, 15, 168, 0, '2026-03-31 21:31:23', '2026-03-31 21:31:23'),
(3502, 18, 168, 0, '2026-03-31 21:31:23', '2026-03-31 21:31:23'),
(3503, 19, 168, 0, '2026-03-31 21:31:23', '2026-03-31 21:31:23'),
(3504, 20, 168, 0, '2026-03-31 21:31:23', '2026-03-31 21:31:23'),
(3505, 21, 168, 0, '2026-03-31 21:31:23', '2026-03-31 21:31:23'),
(3506, 22, 168, 0, '2026-03-31 21:31:23', '2026-03-31 21:31:23'),
(3507, 16, 168, 0, '2026-03-31 21:31:23', '2026-03-31 21:31:23'),
(3508, 17, 168, 0, '2026-03-31 21:31:23', '2026-03-31 21:31:23'),
(3509, 4, 168, 0, '2026-03-31 21:31:23', '2026-03-31 21:31:23'),
(3510, 2, 168, 1, '2026-03-31 21:31:23', '2026-03-31 21:31:23'),
(3511, 5, 168, 1, '2026-03-31 21:31:23', '2026-03-31 21:31:23'),
(3512, 14, 168, 0, '2026-03-31 21:31:23', '2026-03-31 21:31:23'),
(3513, 1, 168, 0, '2026-03-31 21:31:23', '2026-03-31 21:31:23'),
(3514, 3, 168, 0, '2026-03-31 21:31:23', '2026-03-31 21:31:23'),
(3536, 15, 169, 1, '2026-03-31 21:31:25', '2026-03-31 21:31:25'),
(3537, 18, 169, 1, '2026-03-31 21:31:25', '2026-03-31 21:31:25'),
(3538, 19, 169, 1, '2026-03-31 21:31:25', '2026-03-31 21:31:25'),
(3539, 20, 169, 1, '2026-03-31 21:31:25', '2026-03-31 21:31:25'),
(3540, 21, 169, 1, '2026-03-31 21:31:25', '2026-03-31 21:31:25'),
(3541, 22, 169, 1, '2026-03-31 21:31:25', '2026-03-31 21:31:25'),
(3542, 16, 169, 1, '2026-03-31 21:31:25', '2026-03-31 21:31:25'),
(3543, 17, 169, 1, '2026-03-31 21:31:25', '2026-03-31 21:31:25'),
(3544, 4, 169, 1, '2026-03-31 21:31:25', '2026-03-31 21:31:25'),
(3545, 2, 169, 1, '2026-03-31 21:31:25', '2026-03-31 21:31:25'),
(3546, 5, 169, 1, '2026-03-31 21:31:25', '2026-03-31 21:31:25'),
(3547, 14, 169, 1, '2026-03-31 21:31:25', '2026-03-31 21:31:25'),
(3548, 1, 169, 1, '2026-03-31 21:31:25', '2026-03-31 21:31:25'),
(3549, 3, 169, 1, '2026-03-31 21:31:25', '2026-03-31 21:31:25'),
(3550, 15, 170, 1, '2026-03-31 21:31:25', '2026-03-31 21:31:25'),
(3551, 18, 170, 1, '2026-03-31 21:31:25', '2026-03-31 21:31:25'),
(3552, 19, 170, 1, '2026-03-31 21:31:25', '2026-03-31 21:31:25'),
(3553, 20, 170, 1, '2026-03-31 21:31:25', '2026-03-31 21:31:25'),
(3554, 21, 170, 1, '2026-03-31 21:31:25', '2026-03-31 21:31:25'),
(3555, 22, 170, 1, '2026-03-31 21:31:25', '2026-03-31 21:31:25'),
(3556, 16, 170, 1, '2026-03-31 21:31:25', '2026-03-31 21:31:25'),
(3557, 17, 170, 1, '2026-03-31 21:31:25', '2026-03-31 21:31:25'),
(3558, 4, 170, 1, '2026-03-31 21:31:25', '2026-03-31 21:31:25'),
(3559, 2, 170, 1, '2026-03-31 21:31:25', '2026-03-31 21:31:25'),
(3560, 5, 170, 1, '2026-03-31 21:31:25', '2026-03-31 21:31:25'),
(3561, 14, 170, 1, '2026-03-31 21:31:25', '2026-03-31 21:31:25'),
(3562, 1, 170, 1, '2026-03-31 21:31:25', '2026-03-31 21:31:25'),
(3563, 3, 170, 1, '2026-03-31 21:31:25', '2026-03-31 21:31:25'),
(3564, 15, 171, 0, '2026-03-31 21:31:25', '2026-03-31 21:31:25'),
(3565, 18, 171, 0, '2026-03-31 21:31:25', '2026-03-31 21:31:25'),
(3566, 19, 171, 0, '2026-03-31 21:31:25', '2026-03-31 21:31:25'),
(3567, 20, 171, 0, '2026-03-31 21:31:25', '2026-03-31 21:31:25'),
(3568, 21, 171, 0, '2026-03-31 21:31:25', '2026-03-31 21:31:25');
INSERT INTO `usuario_menu_v` (`id_usuario_menu`, `id_usuario`, `id_menu`, `permitido`, `created_at`, `updated_at`) VALUES
(3569, 22, 171, 0, '2026-03-31 21:31:25', '2026-03-31 21:31:25'),
(3570, 16, 171, 0, '2026-03-31 21:31:25', '2026-03-31 21:31:25'),
(3571, 17, 171, 0, '2026-03-31 21:31:25', '2026-03-31 21:31:25'),
(3572, 4, 171, 0, '2026-03-31 21:31:25', '2026-03-31 21:31:25'),
(3573, 2, 171, 1, '2026-03-31 21:31:25', '2026-03-31 21:31:25'),
(3574, 5, 171, 1, '2026-03-31 21:31:25', '2026-03-31 21:31:25'),
(3575, 14, 171, 0, '2026-03-31 21:31:25', '2026-03-31 21:31:25'),
(3576, 1, 171, 0, '2026-03-31 21:31:25', '2026-03-31 21:31:25'),
(3577, 3, 171, 0, '2026-03-31 21:31:25', '2026-03-31 21:31:25'),
(3599, 15, 172, 1, '2026-03-31 21:31:28', '2026-03-31 21:31:28'),
(3600, 18, 172, 1, '2026-03-31 21:31:28', '2026-03-31 21:31:28'),
(3601, 19, 172, 1, '2026-03-31 21:31:28', '2026-03-31 21:31:28'),
(3602, 20, 172, 1, '2026-03-31 21:31:28', '2026-03-31 21:31:28'),
(3603, 21, 172, 1, '2026-03-31 21:31:28', '2026-03-31 21:31:28'),
(3604, 22, 172, 1, '2026-03-31 21:31:28', '2026-03-31 21:31:28'),
(3605, 16, 172, 1, '2026-03-31 21:31:28', '2026-03-31 21:31:28'),
(3606, 17, 172, 1, '2026-03-31 21:31:28', '2026-03-31 21:31:28'),
(3607, 4, 172, 1, '2026-03-31 21:31:28', '2026-03-31 21:31:28'),
(3608, 2, 172, 1, '2026-03-31 21:31:28', '2026-03-31 21:31:28'),
(3609, 5, 172, 1, '2026-03-31 21:31:28', '2026-03-31 21:31:28'),
(3610, 14, 172, 1, '2026-03-31 21:31:28', '2026-03-31 21:31:28'),
(3611, 1, 172, 1, '2026-03-31 21:31:28', '2026-03-31 21:31:28'),
(3612, 3, 172, 1, '2026-03-31 21:31:28', '2026-03-31 21:31:28'),
(3613, 15, 173, 1, '2026-03-31 21:31:28', '2026-03-31 21:31:28'),
(3614, 18, 173, 1, '2026-03-31 21:31:28', '2026-03-31 21:31:28'),
(3615, 19, 173, 1, '2026-03-31 21:31:28', '2026-03-31 21:31:28'),
(3616, 20, 173, 1, '2026-03-31 21:31:28', '2026-03-31 21:31:28'),
(3617, 21, 173, 1, '2026-03-31 21:31:28', '2026-03-31 21:31:28'),
(3618, 22, 173, 1, '2026-03-31 21:31:28', '2026-03-31 21:31:28'),
(3619, 16, 173, 1, '2026-03-31 21:31:28', '2026-03-31 21:31:28'),
(3620, 17, 173, 1, '2026-03-31 21:31:28', '2026-03-31 21:31:28'),
(3621, 4, 173, 1, '2026-03-31 21:31:28', '2026-03-31 21:31:28'),
(3622, 2, 173, 1, '2026-03-31 21:31:28', '2026-03-31 21:31:28'),
(3623, 5, 173, 1, '2026-03-31 21:31:28', '2026-03-31 21:31:28'),
(3624, 14, 173, 1, '2026-03-31 21:31:28', '2026-03-31 21:31:28'),
(3625, 1, 173, 1, '2026-03-31 21:31:28', '2026-03-31 21:31:28'),
(3626, 3, 173, 1, '2026-03-31 21:31:28', '2026-03-31 21:31:28'),
(3627, 15, 174, 0, '2026-03-31 21:31:28', '2026-03-31 21:31:28'),
(3628, 18, 174, 0, '2026-03-31 21:31:28', '2026-03-31 21:31:28'),
(3629, 19, 174, 0, '2026-03-31 21:31:28', '2026-03-31 21:31:28'),
(3630, 20, 174, 0, '2026-03-31 21:31:28', '2026-03-31 21:31:28'),
(3631, 21, 174, 0, '2026-03-31 21:31:28', '2026-03-31 21:31:28'),
(3632, 22, 174, 0, '2026-03-31 21:31:28', '2026-03-31 21:31:28'),
(3633, 16, 174, 0, '2026-03-31 21:31:28', '2026-03-31 21:31:28'),
(3634, 17, 174, 0, '2026-03-31 21:31:28', '2026-03-31 21:31:28'),
(3635, 4, 174, 0, '2026-03-31 21:31:28', '2026-03-31 21:31:28'),
(3636, 2, 174, 1, '2026-03-31 21:31:28', '2026-03-31 21:31:28'),
(3637, 5, 174, 1, '2026-03-31 21:31:28', '2026-03-31 21:31:28'),
(3638, 14, 174, 0, '2026-03-31 21:31:28', '2026-03-31 21:31:28'),
(3639, 1, 174, 0, '2026-03-31 21:31:28', '2026-03-31 21:31:28'),
(3640, 3, 174, 0, '2026-03-31 21:31:28', '2026-03-31 21:31:28'),
(3662, 15, 175, 1, '2026-03-31 21:32:36', '2026-03-31 21:32:36'),
(3663, 18, 175, 1, '2026-03-31 21:32:36', '2026-03-31 21:32:36'),
(3664, 19, 175, 1, '2026-03-31 21:32:36', '2026-03-31 21:32:36'),
(3665, 20, 175, 1, '2026-03-31 21:32:36', '2026-03-31 21:32:36'),
(3666, 21, 175, 1, '2026-03-31 21:32:36', '2026-03-31 21:32:36'),
(3667, 22, 175, 1, '2026-03-31 21:32:36', '2026-03-31 21:32:36'),
(3668, 16, 175, 1, '2026-03-31 21:32:36', '2026-03-31 21:32:36'),
(3669, 17, 175, 1, '2026-03-31 21:32:36', '2026-03-31 21:32:36'),
(3670, 4, 175, 1, '2026-03-31 21:32:36', '2026-03-31 21:32:36'),
(3671, 2, 175, 1, '2026-03-31 21:32:36', '2026-03-31 21:32:36'),
(3672, 5, 175, 1, '2026-03-31 21:32:36', '2026-03-31 21:32:36'),
(3673, 14, 175, 1, '2026-03-31 21:32:36', '2026-03-31 21:32:36'),
(3674, 1, 175, 1, '2026-03-31 21:32:36', '2026-03-31 21:32:36'),
(3675, 3, 175, 1, '2026-03-31 21:32:36', '2026-03-31 21:32:36'),
(3676, 15, 176, 1, '2026-03-31 21:32:36', '2026-03-31 21:32:36'),
(3677, 18, 176, 1, '2026-03-31 21:32:36', '2026-03-31 21:32:36'),
(3678, 19, 176, 1, '2026-03-31 21:32:36', '2026-03-31 21:32:36'),
(3679, 20, 176, 1, '2026-03-31 21:32:36', '2026-03-31 21:32:36'),
(3680, 21, 176, 1, '2026-03-31 21:32:36', '2026-03-31 21:32:36'),
(3681, 22, 176, 1, '2026-03-31 21:32:36', '2026-03-31 21:32:36'),
(3682, 16, 176, 1, '2026-03-31 21:32:36', '2026-03-31 21:32:36'),
(3683, 17, 176, 1, '2026-03-31 21:32:36', '2026-03-31 21:32:36'),
(3684, 4, 176, 1, '2026-03-31 21:32:36', '2026-03-31 21:32:36'),
(3685, 2, 176, 1, '2026-03-31 21:32:36', '2026-03-31 21:32:36'),
(3686, 5, 176, 1, '2026-03-31 21:32:36', '2026-03-31 21:32:36'),
(3687, 14, 176, 1, '2026-03-31 21:32:36', '2026-03-31 21:32:36'),
(3688, 1, 176, 1, '2026-03-31 21:32:36', '2026-03-31 21:32:36'),
(3689, 3, 176, 1, '2026-03-31 21:32:36', '2026-03-31 21:32:36'),
(3690, 15, 177, 0, '2026-03-31 21:32:36', '2026-03-31 21:32:36'),
(3691, 18, 177, 0, '2026-03-31 21:32:36', '2026-03-31 21:32:36'),
(3692, 19, 177, 0, '2026-03-31 21:32:36', '2026-03-31 21:32:36'),
(3693, 20, 177, 0, '2026-03-31 21:32:36', '2026-03-31 21:32:36'),
(3694, 21, 177, 0, '2026-03-31 21:32:36', '2026-03-31 21:32:36'),
(3695, 22, 177, 0, '2026-03-31 21:32:36', '2026-03-31 21:32:36'),
(3696, 16, 177, 0, '2026-03-31 21:32:36', '2026-03-31 21:32:36'),
(3697, 17, 177, 0, '2026-03-31 21:32:36', '2026-03-31 21:32:36'),
(3698, 4, 177, 0, '2026-03-31 21:32:36', '2026-03-31 21:32:36'),
(3699, 2, 177, 1, '2026-03-31 21:32:36', '2026-03-31 21:32:36'),
(3700, 5, 177, 1, '2026-03-31 21:32:36', '2026-03-31 21:32:36'),
(3701, 14, 177, 0, '2026-03-31 21:32:36', '2026-03-31 21:32:36'),
(3702, 1, 177, 0, '2026-03-31 21:32:36', '2026-03-31 21:32:36'),
(3703, 3, 177, 0, '2026-03-31 21:32:36', '2026-03-31 21:32:36'),
(3725, 15, 178, 1, '2026-03-31 21:32:42', '2026-03-31 21:32:42'),
(3726, 18, 178, 1, '2026-03-31 21:32:42', '2026-03-31 21:32:42'),
(3727, 19, 178, 1, '2026-03-31 21:32:42', '2026-03-31 21:32:42'),
(3728, 20, 178, 1, '2026-03-31 21:32:42', '2026-03-31 21:32:42'),
(3729, 21, 178, 1, '2026-03-31 21:32:42', '2026-03-31 21:32:42'),
(3730, 22, 178, 1, '2026-03-31 21:32:42', '2026-03-31 21:32:42'),
(3731, 16, 178, 1, '2026-03-31 21:32:42', '2026-03-31 21:32:42'),
(3732, 17, 178, 1, '2026-03-31 21:32:42', '2026-03-31 21:32:42'),
(3733, 4, 178, 1, '2026-03-31 21:32:42', '2026-03-31 21:32:42'),
(3734, 2, 178, 1, '2026-03-31 21:32:42', '2026-03-31 21:32:42'),
(3735, 5, 178, 1, '2026-03-31 21:32:42', '2026-03-31 21:32:42'),
(3736, 14, 178, 1, '2026-03-31 21:32:42', '2026-03-31 21:32:42'),
(3737, 1, 178, 1, '2026-03-31 21:32:42', '2026-03-31 21:32:42'),
(3738, 3, 178, 1, '2026-03-31 21:32:42', '2026-03-31 21:32:42'),
(3739, 15, 179, 1, '2026-03-31 21:32:42', '2026-03-31 21:32:42'),
(3740, 18, 179, 1, '2026-03-31 21:32:42', '2026-03-31 21:32:42'),
(3741, 19, 179, 1, '2026-03-31 21:32:42', '2026-03-31 21:32:42'),
(3742, 20, 179, 1, '2026-03-31 21:32:42', '2026-03-31 21:32:42'),
(3743, 21, 179, 1, '2026-03-31 21:32:42', '2026-03-31 21:32:42'),
(3744, 22, 179, 1, '2026-03-31 21:32:42', '2026-03-31 21:32:42'),
(3745, 16, 179, 1, '2026-03-31 21:32:42', '2026-03-31 21:32:42'),
(3746, 17, 179, 1, '2026-03-31 21:32:42', '2026-03-31 21:32:42'),
(3747, 4, 179, 1, '2026-03-31 21:32:42', '2026-03-31 21:32:42'),
(3748, 2, 179, 1, '2026-03-31 21:32:42', '2026-03-31 21:32:42'),
(3749, 5, 179, 1, '2026-03-31 21:32:42', '2026-03-31 21:32:42'),
(3750, 14, 179, 1, '2026-03-31 21:32:42', '2026-03-31 21:32:42'),
(3751, 1, 179, 1, '2026-03-31 21:32:42', '2026-03-31 21:32:42'),
(3752, 3, 179, 1, '2026-03-31 21:32:42', '2026-03-31 21:32:42'),
(3753, 15, 180, 0, '2026-03-31 21:32:42', '2026-03-31 21:32:42'),
(3754, 18, 180, 0, '2026-03-31 21:32:42', '2026-03-31 21:32:42'),
(3755, 19, 180, 0, '2026-03-31 21:32:42', '2026-03-31 21:32:42'),
(3756, 20, 180, 0, '2026-03-31 21:32:42', '2026-03-31 21:32:42'),
(3757, 21, 180, 0, '2026-03-31 21:32:42', '2026-03-31 21:32:42'),
(3758, 22, 180, 0, '2026-03-31 21:32:42', '2026-03-31 21:32:42'),
(3759, 16, 180, 0, '2026-03-31 21:32:42', '2026-03-31 21:32:42'),
(3760, 17, 180, 0, '2026-03-31 21:32:42', '2026-03-31 21:32:42'),
(3761, 4, 180, 0, '2026-03-31 21:32:42', '2026-03-31 21:32:42'),
(3762, 2, 180, 1, '2026-03-31 21:32:42', '2026-03-31 21:32:42'),
(3763, 5, 180, 1, '2026-03-31 21:32:42', '2026-03-31 21:32:42'),
(3764, 14, 180, 0, '2026-03-31 21:32:42', '2026-03-31 21:32:42'),
(3765, 1, 180, 0, '2026-03-31 21:32:42', '2026-03-31 21:32:42'),
(3766, 3, 180, 0, '2026-03-31 21:32:42', '2026-03-31 21:32:42'),
(3788, 15, 181, 1, '2026-03-31 21:32:47', '2026-03-31 21:32:47'),
(3789, 18, 181, 1, '2026-03-31 21:32:47', '2026-03-31 21:32:47'),
(3790, 19, 181, 1, '2026-03-31 21:32:47', '2026-03-31 21:32:47'),
(3791, 20, 181, 1, '2026-03-31 21:32:47', '2026-03-31 21:32:47'),
(3792, 21, 181, 1, '2026-03-31 21:32:47', '2026-03-31 21:32:47'),
(3793, 22, 181, 1, '2026-03-31 21:32:47', '2026-03-31 21:32:47'),
(3794, 16, 181, 1, '2026-03-31 21:32:47', '2026-03-31 21:32:47'),
(3795, 17, 181, 1, '2026-03-31 21:32:47', '2026-03-31 21:32:47'),
(3796, 4, 181, 1, '2026-03-31 21:32:47', '2026-03-31 21:32:47'),
(3797, 2, 181, 1, '2026-03-31 21:32:47', '2026-03-31 21:32:47'),
(3798, 5, 181, 1, '2026-03-31 21:32:47', '2026-03-31 21:32:47'),
(3799, 14, 181, 1, '2026-03-31 21:32:47', '2026-03-31 21:32:47'),
(3800, 1, 181, 1, '2026-03-31 21:32:47', '2026-03-31 21:32:47'),
(3801, 3, 181, 1, '2026-03-31 21:32:47', '2026-03-31 21:32:47'),
(3802, 15, 182, 1, '2026-03-31 21:32:47', '2026-03-31 21:32:47'),
(3803, 18, 182, 1, '2026-03-31 21:32:47', '2026-03-31 21:32:47'),
(3804, 19, 182, 1, '2026-03-31 21:32:47', '2026-03-31 21:32:47'),
(3805, 20, 182, 1, '2026-03-31 21:32:47', '2026-03-31 21:32:47'),
(3806, 21, 182, 1, '2026-03-31 21:32:47', '2026-03-31 21:32:47'),
(3807, 22, 182, 1, '2026-03-31 21:32:47', '2026-03-31 21:32:47'),
(3808, 16, 182, 1, '2026-03-31 21:32:47', '2026-03-31 21:32:47'),
(3809, 17, 182, 1, '2026-03-31 21:32:47', '2026-03-31 21:32:47'),
(3810, 4, 182, 1, '2026-03-31 21:32:47', '2026-03-31 21:32:47'),
(3811, 2, 182, 1, '2026-03-31 21:32:47', '2026-03-31 21:32:47'),
(3812, 5, 182, 1, '2026-03-31 21:32:47', '2026-03-31 21:32:47'),
(3813, 14, 182, 1, '2026-03-31 21:32:47', '2026-03-31 21:32:47'),
(3814, 1, 182, 1, '2026-03-31 21:32:47', '2026-03-31 21:32:47'),
(3815, 3, 182, 1, '2026-03-31 21:32:47', '2026-03-31 21:32:47'),
(3816, 15, 183, 0, '2026-03-31 21:32:47', '2026-03-31 21:32:47'),
(3817, 18, 183, 0, '2026-03-31 21:32:47', '2026-03-31 21:32:47'),
(3818, 19, 183, 0, '2026-03-31 21:32:47', '2026-03-31 21:32:47'),
(3819, 20, 183, 0, '2026-03-31 21:32:47', '2026-03-31 21:32:47'),
(3820, 21, 183, 0, '2026-03-31 21:32:47', '2026-03-31 21:32:47'),
(3821, 22, 183, 0, '2026-03-31 21:32:47', '2026-03-31 21:32:47'),
(3822, 16, 183, 0, '2026-03-31 21:32:47', '2026-03-31 21:32:47'),
(3823, 17, 183, 0, '2026-03-31 21:32:47', '2026-03-31 21:32:47'),
(3824, 4, 183, 0, '2026-03-31 21:32:47', '2026-03-31 21:32:47'),
(3825, 2, 183, 1, '2026-03-31 21:32:47', '2026-03-31 21:32:47'),
(3826, 5, 183, 1, '2026-03-31 21:32:47', '2026-03-31 21:32:47'),
(3827, 14, 183, 0, '2026-03-31 21:32:47', '2026-03-31 21:32:47'),
(3828, 1, 183, 0, '2026-03-31 21:32:47', '2026-03-31 21:32:47'),
(3829, 3, 183, 0, '2026-03-31 21:32:47', '2026-03-31 21:32:47'),
(3851, 15, 184, 1, '2026-03-31 21:32:49', '2026-03-31 21:32:49'),
(3852, 18, 184, 1, '2026-03-31 21:32:49', '2026-03-31 21:32:49'),
(3853, 19, 184, 1, '2026-03-31 21:32:49', '2026-03-31 21:32:49'),
(3854, 20, 184, 1, '2026-03-31 21:32:49', '2026-03-31 21:32:49'),
(3855, 21, 184, 1, '2026-03-31 21:32:49', '2026-03-31 21:32:49'),
(3856, 22, 184, 1, '2026-03-31 21:32:49', '2026-03-31 21:32:49'),
(3857, 16, 184, 1, '2026-03-31 21:32:49', '2026-03-31 21:32:49'),
(3858, 17, 184, 1, '2026-03-31 21:32:49', '2026-03-31 21:32:49'),
(3859, 4, 184, 1, '2026-03-31 21:32:49', '2026-03-31 21:32:49'),
(3860, 2, 184, 1, '2026-03-31 21:32:49', '2026-03-31 21:32:49'),
(3861, 5, 184, 1, '2026-03-31 21:32:49', '2026-03-31 21:32:49'),
(3862, 14, 184, 1, '2026-03-31 21:32:49', '2026-03-31 21:32:49'),
(3863, 1, 184, 1, '2026-03-31 21:32:49', '2026-03-31 21:32:49'),
(3864, 3, 184, 1, '2026-03-31 21:32:49', '2026-03-31 21:32:49'),
(3865, 15, 185, 1, '2026-03-31 21:32:49', '2026-03-31 21:32:49'),
(3866, 18, 185, 1, '2026-03-31 21:32:49', '2026-03-31 21:32:49'),
(3867, 19, 185, 1, '2026-03-31 21:32:49', '2026-03-31 21:32:49'),
(3868, 20, 185, 1, '2026-03-31 21:32:49', '2026-03-31 21:32:49'),
(3869, 21, 185, 1, '2026-03-31 21:32:49', '2026-03-31 21:32:49'),
(3870, 22, 185, 1, '2026-03-31 21:32:49', '2026-03-31 21:32:49'),
(3871, 16, 185, 1, '2026-03-31 21:32:49', '2026-03-31 21:32:49'),
(3872, 17, 185, 1, '2026-03-31 21:32:49', '2026-03-31 21:32:49'),
(3873, 4, 185, 1, '2026-03-31 21:32:49', '2026-03-31 21:32:49'),
(3874, 2, 185, 1, '2026-03-31 21:32:49', '2026-03-31 21:32:49'),
(3875, 5, 185, 1, '2026-03-31 21:32:49', '2026-03-31 21:32:49'),
(3876, 14, 185, 1, '2026-03-31 21:32:49', '2026-03-31 21:32:49'),
(3877, 1, 185, 1, '2026-03-31 21:32:49', '2026-03-31 21:32:49'),
(3878, 3, 185, 1, '2026-03-31 21:32:49', '2026-03-31 21:32:49'),
(3879, 15, 186, 0, '2026-03-31 21:32:49', '2026-03-31 21:32:49'),
(3880, 18, 186, 0, '2026-03-31 21:32:49', '2026-03-31 21:32:49'),
(3881, 19, 186, 0, '2026-03-31 21:32:49', '2026-03-31 21:32:49'),
(3882, 20, 186, 0, '2026-03-31 21:32:49', '2026-03-31 21:32:49'),
(3883, 21, 186, 0, '2026-03-31 21:32:49', '2026-03-31 21:32:49'),
(3884, 22, 186, 0, '2026-03-31 21:32:49', '2026-03-31 21:32:49'),
(3885, 16, 186, 0, '2026-03-31 21:32:49', '2026-03-31 21:32:49'),
(3886, 17, 186, 0, '2026-03-31 21:32:49', '2026-03-31 21:32:49'),
(3887, 4, 186, 0, '2026-03-31 21:32:49', '2026-03-31 21:32:49'),
(3888, 2, 186, 1, '2026-03-31 21:32:49', '2026-03-31 21:32:49'),
(3889, 5, 186, 1, '2026-03-31 21:32:49', '2026-03-31 21:32:49'),
(3890, 14, 186, 0, '2026-03-31 21:32:49', '2026-03-31 21:32:49'),
(3891, 1, 186, 0, '2026-03-31 21:32:49', '2026-03-31 21:32:49'),
(3892, 3, 186, 0, '2026-03-31 21:32:49', '2026-03-31 21:32:49'),
(3914, 15, 187, 1, '2026-03-31 21:33:44', '2026-03-31 21:33:44'),
(3915, 15, 188, 1, '2026-03-31 21:33:44', '2026-03-31 21:33:44'),
(3916, 15, 189, 0, '2026-03-31 21:33:44', '2026-03-31 21:33:44'),
(3917, 18, 187, 1, '2026-03-31 21:33:44', '2026-03-31 21:33:44'),
(3918, 18, 188, 1, '2026-03-31 21:33:44', '2026-03-31 21:33:44'),
(3919, 18, 189, 0, '2026-03-31 21:33:44', '2026-03-31 21:33:44'),
(3920, 19, 187, 1, '2026-03-31 21:33:44', '2026-03-31 21:33:44'),
(3921, 19, 188, 1, '2026-03-31 21:33:44', '2026-03-31 21:33:44'),
(3922, 19, 189, 0, '2026-03-31 21:33:44', '2026-03-31 21:33:44'),
(3923, 20, 187, 1, '2026-03-31 21:33:44', '2026-03-31 21:33:44'),
(3924, 20, 188, 1, '2026-03-31 21:33:44', '2026-03-31 21:33:44'),
(3925, 20, 189, 0, '2026-03-31 21:33:44', '2026-03-31 21:33:44'),
(3926, 21, 187, 1, '2026-03-31 21:33:44', '2026-03-31 21:33:44'),
(3927, 21, 188, 1, '2026-03-31 21:33:44', '2026-03-31 21:33:44'),
(3928, 21, 189, 0, '2026-03-31 21:33:44', '2026-03-31 21:33:44'),
(3929, 22, 187, 1, '2026-03-31 21:33:44', '2026-03-31 21:33:44'),
(3930, 22, 188, 1, '2026-03-31 21:33:44', '2026-03-31 21:33:44'),
(3931, 22, 189, 0, '2026-03-31 21:33:44', '2026-03-31 21:33:44'),
(3932, 16, 187, 1, '2026-03-31 21:33:44', '2026-03-31 21:33:44'),
(3933, 16, 188, 1, '2026-03-31 21:33:44', '2026-03-31 21:33:44'),
(3934, 16, 189, 0, '2026-03-31 21:33:44', '2026-03-31 21:33:44'),
(3935, 17, 187, 1, '2026-03-31 21:33:44', '2026-03-31 21:33:44'),
(3936, 17, 188, 1, '2026-03-31 21:33:44', '2026-03-31 21:33:44'),
(3937, 17, 189, 0, '2026-03-31 21:33:44', '2026-03-31 21:33:44'),
(3938, 4, 187, 1, '2026-03-31 21:33:44', '2026-03-31 21:33:44'),
(3939, 4, 188, 1, '2026-03-31 21:33:44', '2026-03-31 21:33:44'),
(3940, 4, 189, 0, '2026-03-31 21:33:44', '2026-03-31 21:33:44'),
(3941, 2, 187, 1, '2026-03-31 21:33:44', '2026-03-31 21:33:44'),
(3942, 2, 188, 1, '2026-03-31 21:33:44', '2026-03-31 21:33:44'),
(3943, 2, 189, 1, '2026-03-31 21:33:44', '2026-03-31 21:33:44'),
(3944, 5, 187, 1, '2026-03-31 21:33:44', '2026-03-31 21:33:44'),
(3945, 5, 188, 1, '2026-03-31 21:33:44', '2026-03-31 21:33:44'),
(3946, 5, 189, 1, '2026-03-31 21:33:44', '2026-03-31 21:33:44'),
(3947, 14, 187, 1, '2026-03-31 21:33:44', '2026-03-31 21:33:44'),
(3948, 14, 188, 1, '2026-03-31 21:33:44', '2026-03-31 21:33:44'),
(3949, 14, 189, 0, '2026-03-31 21:33:44', '2026-03-31 21:33:44'),
(3950, 1, 187, 1, '2026-03-31 21:33:44', '2026-03-31 21:33:44'),
(3951, 1, 188, 1, '2026-03-31 21:33:44', '2026-03-31 21:33:44'),
(3952, 1, 189, 0, '2026-03-31 21:33:44', '2026-03-31 21:33:44'),
(3953, 3, 187, 1, '2026-03-31 21:33:44', '2026-03-31 21:33:44'),
(3954, 3, 188, 1, '2026-03-31 21:33:44', '2026-03-31 21:33:44'),
(3955, 3, 189, 0, '2026-03-31 21:33:44', '2026-03-31 21:33:44'),
(3977, 15, 190, 1, '2026-03-31 21:33:46', '2026-03-31 21:33:46'),
(3978, 15, 191, 1, '2026-03-31 21:33:46', '2026-03-31 21:33:46'),
(3979, 15, 192, 0, '2026-03-31 21:33:46', '2026-03-31 21:33:46'),
(3980, 18, 190, 1, '2026-03-31 21:33:46', '2026-03-31 21:33:46'),
(3981, 18, 191, 1, '2026-03-31 21:33:46', '2026-03-31 21:33:46'),
(3982, 18, 192, 0, '2026-03-31 21:33:46', '2026-03-31 21:33:46'),
(3983, 19, 190, 1, '2026-03-31 21:33:46', '2026-03-31 21:33:46'),
(3984, 19, 191, 1, '2026-03-31 21:33:46', '2026-03-31 21:33:46'),
(3985, 19, 192, 0, '2026-03-31 21:33:46', '2026-03-31 21:33:46'),
(3986, 20, 190, 1, '2026-03-31 21:33:46', '2026-03-31 21:33:46'),
(3987, 20, 191, 1, '2026-03-31 21:33:46', '2026-03-31 21:33:46'),
(3988, 20, 192, 0, '2026-03-31 21:33:46', '2026-03-31 21:33:46'),
(3989, 21, 190, 1, '2026-03-31 21:33:46', '2026-03-31 21:33:46'),
(3990, 21, 191, 1, '2026-03-31 21:33:46', '2026-03-31 21:33:46'),
(3991, 21, 192, 0, '2026-03-31 21:33:46', '2026-03-31 21:33:46'),
(3992, 22, 190, 1, '2026-03-31 21:33:46', '2026-03-31 21:33:46'),
(3993, 22, 191, 1, '2026-03-31 21:33:46', '2026-03-31 21:33:46'),
(3994, 22, 192, 0, '2026-03-31 21:33:46', '2026-03-31 21:33:46'),
(3995, 16, 190, 1, '2026-03-31 21:33:46', '2026-03-31 21:33:46'),
(3996, 16, 191, 1, '2026-03-31 21:33:46', '2026-03-31 21:33:46'),
(3997, 16, 192, 0, '2026-03-31 21:33:46', '2026-03-31 21:33:46'),
(3998, 17, 190, 1, '2026-03-31 21:33:46', '2026-03-31 21:33:46'),
(3999, 17, 191, 1, '2026-03-31 21:33:46', '2026-03-31 21:33:46'),
(4000, 17, 192, 0, '2026-03-31 21:33:46', '2026-03-31 21:33:46'),
(4001, 4, 190, 1, '2026-03-31 21:33:46', '2026-03-31 21:33:46'),
(4002, 4, 191, 1, '2026-03-31 21:33:46', '2026-03-31 21:33:46'),
(4003, 4, 192, 0, '2026-03-31 21:33:46', '2026-03-31 21:33:46'),
(4004, 2, 190, 1, '2026-03-31 21:33:46', '2026-03-31 21:33:46'),
(4005, 2, 191, 1, '2026-03-31 21:33:46', '2026-03-31 21:33:46'),
(4006, 2, 192, 1, '2026-03-31 21:33:46', '2026-03-31 21:33:46'),
(4007, 5, 190, 1, '2026-03-31 21:33:46', '2026-03-31 21:33:46'),
(4008, 5, 191, 1, '2026-03-31 21:33:46', '2026-03-31 21:33:46'),
(4009, 5, 192, 1, '2026-03-31 21:33:46', '2026-03-31 21:33:46'),
(4010, 14, 190, 1, '2026-03-31 21:33:46', '2026-03-31 21:33:46'),
(4011, 14, 191, 1, '2026-03-31 21:33:46', '2026-03-31 21:33:46'),
(4012, 14, 192, 0, '2026-03-31 21:33:46', '2026-03-31 21:33:46'),
(4013, 1, 190, 1, '2026-03-31 21:33:46', '2026-03-31 21:33:46'),
(4014, 1, 191, 1, '2026-03-31 21:33:46', '2026-03-31 21:33:46'),
(4015, 1, 192, 0, '2026-03-31 21:33:46', '2026-03-31 21:33:46'),
(4016, 3, 190, 1, '2026-03-31 21:33:46', '2026-03-31 21:33:46'),
(4017, 3, 191, 1, '2026-03-31 21:33:46', '2026-03-31 21:33:46'),
(4018, 3, 192, 0, '2026-03-31 21:33:46', '2026-03-31 21:33:46'),
(4040, 15, 193, 1, '2026-03-31 21:33:49', '2026-03-31 21:33:49'),
(4041, 15, 194, 1, '2026-03-31 21:33:49', '2026-03-31 21:33:49'),
(4042, 15, 195, 0, '2026-03-31 21:33:49', '2026-03-31 21:33:49'),
(4043, 18, 193, 1, '2026-03-31 21:33:49', '2026-03-31 21:33:49'),
(4044, 18, 194, 1, '2026-03-31 21:33:49', '2026-03-31 21:33:49'),
(4045, 18, 195, 0, '2026-03-31 21:33:49', '2026-03-31 21:33:49'),
(4046, 19, 193, 1, '2026-03-31 21:33:49', '2026-03-31 21:33:49'),
(4047, 19, 194, 1, '2026-03-31 21:33:49', '2026-03-31 21:33:49'),
(4048, 19, 195, 0, '2026-03-31 21:33:49', '2026-03-31 21:33:49'),
(4049, 20, 193, 1, '2026-03-31 21:33:49', '2026-03-31 21:33:49'),
(4050, 20, 194, 1, '2026-03-31 21:33:49', '2026-03-31 21:33:49'),
(4051, 20, 195, 0, '2026-03-31 21:33:49', '2026-03-31 21:33:49'),
(4052, 21, 193, 1, '2026-03-31 21:33:49', '2026-03-31 21:33:49'),
(4053, 21, 194, 1, '2026-03-31 21:33:49', '2026-03-31 21:33:49'),
(4054, 21, 195, 0, '2026-03-31 21:33:49', '2026-03-31 21:33:49'),
(4055, 22, 193, 1, '2026-03-31 21:33:49', '2026-03-31 21:33:49'),
(4056, 22, 194, 1, '2026-03-31 21:33:49', '2026-03-31 21:33:49'),
(4057, 22, 195, 0, '2026-03-31 21:33:49', '2026-03-31 21:33:49'),
(4058, 16, 193, 1, '2026-03-31 21:33:49', '2026-03-31 21:33:49'),
(4059, 16, 194, 1, '2026-03-31 21:33:49', '2026-03-31 21:33:49'),
(4060, 16, 195, 0, '2026-03-31 21:33:49', '2026-03-31 21:33:49'),
(4061, 17, 193, 1, '2026-03-31 21:33:49', '2026-03-31 21:33:49'),
(4062, 17, 194, 1, '2026-03-31 21:33:49', '2026-03-31 21:33:49'),
(4063, 17, 195, 0, '2026-03-31 21:33:49', '2026-03-31 21:33:49'),
(4064, 4, 193, 1, '2026-03-31 21:33:49', '2026-03-31 21:33:49'),
(4065, 4, 194, 1, '2026-03-31 21:33:49', '2026-03-31 21:33:49'),
(4066, 4, 195, 0, '2026-03-31 21:33:49', '2026-03-31 21:33:49'),
(4067, 2, 193, 1, '2026-03-31 21:33:49', '2026-03-31 21:33:49'),
(4068, 2, 194, 1, '2026-03-31 21:33:49', '2026-03-31 21:33:49'),
(4069, 2, 195, 1, '2026-03-31 21:33:49', '2026-03-31 21:33:49'),
(4070, 5, 193, 1, '2026-03-31 21:33:49', '2026-03-31 21:33:49'),
(4071, 5, 194, 1, '2026-03-31 21:33:49', '2026-03-31 21:33:49'),
(4072, 5, 195, 1, '2026-03-31 21:33:49', '2026-03-31 21:33:49'),
(4073, 14, 193, 1, '2026-03-31 21:33:49', '2026-03-31 21:33:49'),
(4074, 14, 194, 1, '2026-03-31 21:33:49', '2026-03-31 21:33:49'),
(4075, 14, 195, 0, '2026-03-31 21:33:49', '2026-03-31 21:33:49'),
(4076, 1, 193, 1, '2026-03-31 21:33:49', '2026-03-31 21:33:49'),
(4077, 1, 194, 1, '2026-03-31 21:33:49', '2026-03-31 21:33:49'),
(4078, 1, 195, 0, '2026-03-31 21:33:49', '2026-03-31 21:33:49'),
(4079, 3, 193, 1, '2026-03-31 21:33:49', '2026-03-31 21:33:49'),
(4080, 3, 194, 1, '2026-03-31 21:33:49', '2026-03-31 21:33:49'),
(4081, 3, 195, 0, '2026-03-31 21:33:49', '2026-03-31 21:33:49'),
(4103, 15, 196, 1, '2026-03-31 21:33:50', '2026-03-31 21:33:50'),
(4104, 18, 196, 1, '2026-03-31 21:33:50', '2026-03-31 21:33:50'),
(4105, 19, 196, 1, '2026-03-31 21:33:50', '2026-03-31 21:33:50'),
(4106, 20, 196, 1, '2026-03-31 21:33:50', '2026-03-31 21:33:50'),
(4107, 21, 196, 1, '2026-03-31 21:33:50', '2026-03-31 21:33:50'),
(4108, 22, 196, 1, '2026-03-31 21:33:50', '2026-03-31 21:33:50'),
(4109, 16, 196, 1, '2026-03-31 21:33:50', '2026-03-31 21:33:50'),
(4110, 17, 196, 1, '2026-03-31 21:33:50', '2026-03-31 21:33:50'),
(4111, 4, 196, 1, '2026-03-31 21:33:50', '2026-03-31 21:33:50'),
(4112, 2, 196, 1, '2026-03-31 21:33:50', '2026-03-31 21:33:50'),
(4113, 5, 196, 1, '2026-03-31 21:33:50', '2026-03-31 21:33:50'),
(4114, 14, 196, 1, '2026-03-31 21:33:50', '2026-03-31 21:33:50'),
(4115, 1, 196, 1, '2026-03-31 21:33:50', '2026-03-31 21:33:50'),
(4116, 3, 196, 1, '2026-03-31 21:33:50', '2026-03-31 21:33:50'),
(4117, 15, 197, 1, '2026-03-31 21:33:50', '2026-03-31 21:33:50'),
(4118, 18, 197, 1, '2026-03-31 21:33:50', '2026-03-31 21:33:50'),
(4119, 19, 197, 1, '2026-03-31 21:33:50', '2026-03-31 21:33:50'),
(4120, 20, 197, 1, '2026-03-31 21:33:50', '2026-03-31 21:33:50'),
(4121, 21, 197, 1, '2026-03-31 21:33:50', '2026-03-31 21:33:50'),
(4122, 22, 197, 1, '2026-03-31 21:33:50', '2026-03-31 21:33:50'),
(4123, 16, 197, 1, '2026-03-31 21:33:50', '2026-03-31 21:33:50'),
(4124, 17, 197, 1, '2026-03-31 21:33:50', '2026-03-31 21:33:50'),
(4125, 4, 197, 1, '2026-03-31 21:33:50', '2026-03-31 21:33:50'),
(4126, 2, 197, 1, '2026-03-31 21:33:50', '2026-03-31 21:33:50'),
(4127, 5, 197, 1, '2026-03-31 21:33:50', '2026-03-31 21:33:50'),
(4128, 14, 197, 1, '2026-03-31 21:33:50', '2026-03-31 21:33:50'),
(4129, 1, 197, 1, '2026-03-31 21:33:50', '2026-03-31 21:33:50'),
(4130, 3, 197, 1, '2026-03-31 21:33:50', '2026-03-31 21:33:50'),
(4131, 15, 198, 0, '2026-03-31 21:33:50', '2026-03-31 21:33:50'),
(4132, 18, 198, 0, '2026-03-31 21:33:50', '2026-03-31 21:33:50'),
(4133, 19, 198, 0, '2026-03-31 21:33:50', '2026-03-31 21:33:50'),
(4134, 20, 198, 0, '2026-03-31 21:33:50', '2026-03-31 21:33:50'),
(4135, 21, 198, 0, '2026-03-31 21:33:50', '2026-03-31 21:33:50'),
(4136, 22, 198, 0, '2026-03-31 21:33:50', '2026-03-31 21:33:50'),
(4137, 16, 198, 0, '2026-03-31 21:33:50', '2026-03-31 21:33:50'),
(4138, 17, 198, 0, '2026-03-31 21:33:50', '2026-03-31 21:33:50'),
(4139, 4, 198, 0, '2026-03-31 21:33:50', '2026-03-31 21:33:50'),
(4140, 2, 198, 1, '2026-03-31 21:33:50', '2026-03-31 21:33:50'),
(4141, 5, 198, 1, '2026-03-31 21:33:50', '2026-03-31 21:33:50'),
(4142, 14, 198, 0, '2026-03-31 21:33:50', '2026-03-31 21:33:50'),
(4143, 1, 198, 0, '2026-03-31 21:33:50', '2026-03-31 21:33:50'),
(4144, 3, 198, 0, '2026-03-31 21:33:50', '2026-03-31 21:33:50'),
(4166, 15, 199, 1, '2026-03-31 21:33:52', '2026-03-31 21:33:52'),
(4167, 18, 199, 1, '2026-03-31 21:33:52', '2026-03-31 21:33:52'),
(4168, 19, 199, 1, '2026-03-31 21:33:52', '2026-03-31 21:33:52'),
(4169, 20, 199, 1, '2026-03-31 21:33:52', '2026-03-31 21:33:52'),
(4170, 21, 199, 1, '2026-03-31 21:33:52', '2026-03-31 21:33:52'),
(4171, 22, 199, 1, '2026-03-31 21:33:52', '2026-03-31 21:33:52'),
(4172, 16, 199, 1, '2026-03-31 21:33:52', '2026-03-31 21:33:52'),
(4173, 17, 199, 1, '2026-03-31 21:33:52', '2026-03-31 21:33:52'),
(4174, 4, 199, 1, '2026-03-31 21:33:52', '2026-03-31 21:33:52'),
(4175, 2, 199, 1, '2026-03-31 21:33:52', '2026-03-31 21:33:52'),
(4176, 5, 199, 1, '2026-03-31 21:33:52', '2026-03-31 21:33:52'),
(4177, 14, 199, 1, '2026-03-31 21:33:52', '2026-03-31 21:33:52'),
(4178, 1, 199, 1, '2026-03-31 21:33:52', '2026-03-31 21:33:52'),
(4179, 3, 199, 1, '2026-03-31 21:33:52', '2026-03-31 21:33:52'),
(4180, 15, 200, 1, '2026-03-31 21:33:52', '2026-03-31 21:33:52'),
(4181, 18, 200, 1, '2026-03-31 21:33:52', '2026-03-31 21:33:52'),
(4182, 19, 200, 1, '2026-03-31 21:33:52', '2026-03-31 21:33:52'),
(4183, 20, 200, 1, '2026-03-31 21:33:52', '2026-03-31 21:33:52'),
(4184, 21, 200, 1, '2026-03-31 21:33:52', '2026-03-31 21:33:52'),
(4185, 22, 200, 1, '2026-03-31 21:33:52', '2026-03-31 21:33:52'),
(4186, 16, 200, 1, '2026-03-31 21:33:52', '2026-03-31 21:33:52'),
(4187, 17, 200, 1, '2026-03-31 21:33:52', '2026-03-31 21:33:52'),
(4188, 4, 200, 1, '2026-03-31 21:33:52', '2026-03-31 21:33:52'),
(4189, 2, 200, 1, '2026-03-31 21:33:52', '2026-03-31 21:33:52'),
(4190, 5, 200, 1, '2026-03-31 21:33:52', '2026-03-31 21:33:52'),
(4191, 14, 200, 1, '2026-03-31 21:33:52', '2026-03-31 21:33:52'),
(4192, 1, 200, 1, '2026-03-31 21:33:52', '2026-03-31 21:33:52'),
(4193, 3, 200, 1, '2026-03-31 21:33:52', '2026-03-31 21:33:52'),
(4194, 15, 201, 0, '2026-03-31 21:33:52', '2026-03-31 21:33:52'),
(4195, 18, 201, 0, '2026-03-31 21:33:52', '2026-03-31 21:33:52'),
(4196, 19, 201, 0, '2026-03-31 21:33:52', '2026-03-31 21:33:52'),
(4197, 20, 201, 0, '2026-03-31 21:33:52', '2026-03-31 21:33:52'),
(4198, 21, 201, 0, '2026-03-31 21:33:52', '2026-03-31 21:33:52'),
(4199, 22, 201, 0, '2026-03-31 21:33:52', '2026-03-31 21:33:52'),
(4200, 16, 201, 0, '2026-03-31 21:33:52', '2026-03-31 21:33:52'),
(4201, 17, 201, 0, '2026-03-31 21:33:52', '2026-03-31 21:33:52'),
(4202, 4, 201, 0, '2026-03-31 21:33:52', '2026-03-31 21:33:52'),
(4203, 2, 201, 1, '2026-03-31 21:33:52', '2026-03-31 21:33:52'),
(4204, 5, 201, 1, '2026-03-31 21:33:52', '2026-03-31 21:33:52'),
(4205, 14, 201, 0, '2026-03-31 21:33:52', '2026-03-31 21:33:52'),
(4206, 1, 201, 0, '2026-03-31 21:33:52', '2026-03-31 21:33:52'),
(4207, 3, 201, 0, '2026-03-31 21:33:52', '2026-03-31 21:33:52'),
(4229, 15, 202, 1, '2026-03-31 21:33:54', '2026-03-31 21:33:54'),
(4230, 18, 202, 1, '2026-03-31 21:33:54', '2026-03-31 21:33:54'),
(4231, 19, 202, 1, '2026-03-31 21:33:54', '2026-03-31 21:33:54'),
(4232, 20, 202, 1, '2026-03-31 21:33:54', '2026-03-31 21:33:54'),
(4233, 21, 202, 1, '2026-03-31 21:33:54', '2026-03-31 21:33:54'),
(4234, 22, 202, 1, '2026-03-31 21:33:54', '2026-03-31 21:33:54'),
(4235, 16, 202, 1, '2026-03-31 21:33:54', '2026-03-31 21:33:54'),
(4236, 17, 202, 1, '2026-03-31 21:33:54', '2026-03-31 21:33:54'),
(4237, 4, 202, 1, '2026-03-31 21:33:54', '2026-03-31 21:33:54'),
(4238, 2, 202, 1, '2026-03-31 21:33:54', '2026-03-31 21:33:54'),
(4239, 5, 202, 1, '2026-03-31 21:33:54', '2026-03-31 21:33:54'),
(4240, 14, 202, 1, '2026-03-31 21:33:54', '2026-03-31 21:33:54'),
(4241, 1, 202, 1, '2026-03-31 21:33:54', '2026-03-31 21:33:54'),
(4242, 3, 202, 1, '2026-03-31 21:33:54', '2026-03-31 21:33:54'),
(4243, 15, 203, 1, '2026-03-31 21:33:54', '2026-03-31 21:33:54'),
(4244, 18, 203, 1, '2026-03-31 21:33:54', '2026-03-31 21:33:54'),
(4245, 19, 203, 1, '2026-03-31 21:33:54', '2026-03-31 21:33:54'),
(4246, 20, 203, 1, '2026-03-31 21:33:54', '2026-03-31 21:33:54'),
(4247, 21, 203, 1, '2026-03-31 21:33:54', '2026-03-31 21:33:54'),
(4248, 22, 203, 1, '2026-03-31 21:33:54', '2026-03-31 21:33:54'),
(4249, 16, 203, 1, '2026-03-31 21:33:54', '2026-03-31 21:33:54'),
(4250, 17, 203, 1, '2026-03-31 21:33:54', '2026-03-31 21:33:54'),
(4251, 4, 203, 1, '2026-03-31 21:33:54', '2026-03-31 21:33:54'),
(4252, 2, 203, 1, '2026-03-31 21:33:54', '2026-03-31 21:33:54'),
(4253, 5, 203, 1, '2026-03-31 21:33:54', '2026-03-31 21:33:54'),
(4254, 14, 203, 1, '2026-03-31 21:33:54', '2026-03-31 21:33:54'),
(4255, 1, 203, 1, '2026-03-31 21:33:54', '2026-03-31 21:33:54'),
(4256, 3, 203, 1, '2026-03-31 21:33:54', '2026-03-31 21:33:54'),
(4257, 15, 204, 0, '2026-03-31 21:33:54', '2026-03-31 21:33:54'),
(4258, 18, 204, 0, '2026-03-31 21:33:54', '2026-03-31 21:33:54'),
(4259, 19, 204, 0, '2026-03-31 21:33:54', '2026-03-31 21:33:54'),
(4260, 20, 204, 0, '2026-03-31 21:33:54', '2026-03-31 21:33:54'),
(4261, 21, 204, 0, '2026-03-31 21:33:54', '2026-03-31 21:33:54'),
(4262, 22, 204, 0, '2026-03-31 21:33:54', '2026-03-31 21:33:54'),
(4263, 16, 204, 0, '2026-03-31 21:33:54', '2026-03-31 21:33:54'),
(4264, 17, 204, 0, '2026-03-31 21:33:54', '2026-03-31 21:33:54'),
(4265, 4, 204, 0, '2026-03-31 21:33:54', '2026-03-31 21:33:54'),
(4266, 2, 204, 1, '2026-03-31 21:33:54', '2026-03-31 21:33:54'),
(4267, 5, 204, 1, '2026-03-31 21:33:54', '2026-03-31 21:33:54'),
(4268, 14, 204, 0, '2026-03-31 21:33:54', '2026-03-31 21:33:54'),
(4269, 1, 204, 0, '2026-03-31 21:33:54', '2026-03-31 21:33:54'),
(4270, 3, 204, 0, '2026-03-31 21:33:54', '2026-03-31 21:33:54'),
(4292, 15, 205, 1, '2026-03-31 21:34:58', '2026-03-31 21:34:58'),
(4293, 15, 206, 1, '2026-03-31 21:34:58', '2026-03-31 21:34:58'),
(4294, 15, 207, 0, '2026-03-31 21:34:58', '2026-03-31 21:34:58'),
(4295, 18, 205, 1, '2026-03-31 21:34:58', '2026-03-31 21:34:58'),
(4296, 18, 206, 1, '2026-03-31 21:34:58', '2026-03-31 21:34:58'),
(4297, 18, 207, 0, '2026-03-31 21:34:58', '2026-03-31 21:34:58'),
(4298, 19, 205, 1, '2026-03-31 21:34:58', '2026-03-31 21:34:58'),
(4299, 19, 206, 1, '2026-03-31 21:34:58', '2026-03-31 21:34:58'),
(4300, 19, 207, 0, '2026-03-31 21:34:58', '2026-03-31 21:34:58'),
(4301, 20, 205, 1, '2026-03-31 21:34:58', '2026-03-31 21:34:58'),
(4302, 20, 206, 1, '2026-03-31 21:34:58', '2026-03-31 21:34:58'),
(4303, 20, 207, 0, '2026-03-31 21:34:58', '2026-03-31 21:34:58'),
(4304, 21, 205, 1, '2026-03-31 21:34:58', '2026-03-31 21:34:58'),
(4305, 21, 206, 1, '2026-03-31 21:34:58', '2026-03-31 21:34:58'),
(4306, 21, 207, 0, '2026-03-31 21:34:58', '2026-03-31 21:34:58'),
(4307, 22, 205, 1, '2026-03-31 21:34:58', '2026-03-31 21:34:58'),
(4308, 22, 206, 1, '2026-03-31 21:34:58', '2026-03-31 21:34:58'),
(4309, 22, 207, 0, '2026-03-31 21:34:58', '2026-03-31 21:34:58'),
(4310, 16, 205, 1, '2026-03-31 21:34:58', '2026-03-31 21:34:58'),
(4311, 16, 206, 1, '2026-03-31 21:34:58', '2026-03-31 21:34:58'),
(4312, 16, 207, 0, '2026-03-31 21:34:58', '2026-03-31 21:34:58'),
(4313, 17, 205, 1, '2026-03-31 21:34:58', '2026-03-31 21:34:58'),
(4314, 17, 206, 1, '2026-03-31 21:34:58', '2026-03-31 21:34:58'),
(4315, 17, 207, 0, '2026-03-31 21:34:58', '2026-03-31 21:34:58'),
(4316, 4, 205, 1, '2026-03-31 21:34:58', '2026-03-31 21:34:58'),
(4317, 4, 206, 1, '2026-03-31 21:34:58', '2026-03-31 21:34:58'),
(4318, 4, 207, 0, '2026-03-31 21:34:58', '2026-03-31 21:34:58'),
(4319, 2, 205, 1, '2026-03-31 21:34:58', '2026-03-31 21:34:58'),
(4320, 2, 206, 1, '2026-03-31 21:34:58', '2026-03-31 21:34:58'),
(4321, 2, 207, 1, '2026-03-31 21:34:58', '2026-03-31 21:34:58'),
(4322, 5, 205, 1, '2026-03-31 21:34:58', '2026-03-31 21:34:58'),
(4323, 5, 206, 1, '2026-03-31 21:34:58', '2026-03-31 21:34:58'),
(4324, 5, 207, 1, '2026-03-31 21:34:58', '2026-03-31 21:34:58'),
(4325, 14, 205, 1, '2026-03-31 21:34:58', '2026-03-31 21:34:58'),
(4326, 14, 206, 1, '2026-03-31 21:34:58', '2026-03-31 21:34:58'),
(4327, 14, 207, 0, '2026-03-31 21:34:58', '2026-03-31 21:34:58'),
(4328, 1, 205, 1, '2026-03-31 21:34:58', '2026-03-31 21:34:58'),
(4329, 1, 206, 1, '2026-03-31 21:34:58', '2026-03-31 21:34:58'),
(4330, 1, 207, 0, '2026-03-31 21:34:58', '2026-03-31 21:34:58'),
(4331, 3, 205, 1, '2026-03-31 21:34:58', '2026-03-31 21:34:58'),
(4332, 3, 206, 1, '2026-03-31 21:34:58', '2026-03-31 21:34:58'),
(4333, 3, 207, 0, '2026-03-31 21:34:58', '2026-03-31 21:34:58'),
(4355, 15, 208, 1, '2026-03-31 21:34:59', '2026-03-31 21:34:59'),
(4356, 15, 209, 1, '2026-03-31 21:34:59', '2026-03-31 21:34:59'),
(4357, 15, 210, 0, '2026-03-31 21:34:59', '2026-03-31 21:34:59'),
(4358, 18, 208, 1, '2026-03-31 21:34:59', '2026-03-31 21:34:59'),
(4359, 18, 209, 1, '2026-03-31 21:34:59', '2026-03-31 21:34:59'),
(4360, 18, 210, 0, '2026-03-31 21:34:59', '2026-03-31 21:34:59'),
(4361, 19, 208, 1, '2026-03-31 21:34:59', '2026-03-31 21:34:59'),
(4362, 19, 209, 1, '2026-03-31 21:34:59', '2026-03-31 21:34:59'),
(4363, 19, 210, 0, '2026-03-31 21:34:59', '2026-03-31 21:34:59'),
(4364, 20, 208, 1, '2026-03-31 21:34:59', '2026-03-31 21:34:59'),
(4365, 20, 209, 1, '2026-03-31 21:34:59', '2026-03-31 21:34:59'),
(4366, 20, 210, 0, '2026-03-31 21:34:59', '2026-03-31 21:34:59'),
(4367, 21, 208, 1, '2026-03-31 21:34:59', '2026-03-31 21:34:59'),
(4368, 21, 209, 1, '2026-03-31 21:34:59', '2026-03-31 21:34:59'),
(4369, 21, 210, 0, '2026-03-31 21:34:59', '2026-03-31 21:34:59'),
(4370, 22, 208, 1, '2026-03-31 21:34:59', '2026-03-31 21:34:59'),
(4371, 22, 209, 1, '2026-03-31 21:34:59', '2026-03-31 21:34:59'),
(4372, 22, 210, 0, '2026-03-31 21:34:59', '2026-03-31 21:34:59'),
(4373, 16, 208, 1, '2026-03-31 21:34:59', '2026-03-31 21:34:59'),
(4374, 16, 209, 1, '2026-03-31 21:34:59', '2026-03-31 21:34:59'),
(4375, 16, 210, 0, '2026-03-31 21:34:59', '2026-03-31 21:34:59'),
(4376, 17, 208, 1, '2026-03-31 21:34:59', '2026-03-31 21:34:59'),
(4377, 17, 209, 1, '2026-03-31 21:34:59', '2026-03-31 21:34:59'),
(4378, 17, 210, 0, '2026-03-31 21:34:59', '2026-03-31 21:34:59'),
(4379, 4, 208, 1, '2026-03-31 21:34:59', '2026-03-31 21:34:59'),
(4380, 4, 209, 1, '2026-03-31 21:34:59', '2026-03-31 21:34:59'),
(4381, 4, 210, 0, '2026-03-31 21:34:59', '2026-03-31 21:34:59'),
(4382, 2, 208, 1, '2026-03-31 21:34:59', '2026-03-31 21:34:59'),
(4383, 2, 209, 1, '2026-03-31 21:34:59', '2026-03-31 21:34:59'),
(4384, 2, 210, 1, '2026-03-31 21:34:59', '2026-03-31 21:34:59'),
(4385, 5, 208, 1, '2026-03-31 21:34:59', '2026-03-31 21:34:59'),
(4386, 5, 209, 1, '2026-03-31 21:34:59', '2026-03-31 21:34:59'),
(4387, 5, 210, 1, '2026-03-31 21:34:59', '2026-03-31 21:34:59'),
(4388, 14, 208, 1, '2026-03-31 21:34:59', '2026-03-31 21:34:59'),
(4389, 14, 209, 1, '2026-03-31 21:34:59', '2026-03-31 21:34:59'),
(4390, 14, 210, 0, '2026-03-31 21:34:59', '2026-03-31 21:34:59'),
(4391, 1, 208, 1, '2026-03-31 21:34:59', '2026-03-31 21:34:59'),
(4392, 1, 209, 1, '2026-03-31 21:34:59', '2026-03-31 21:34:59'),
(4393, 1, 210, 0, '2026-03-31 21:34:59', '2026-03-31 21:34:59'),
(4394, 3, 208, 1, '2026-03-31 21:34:59', '2026-03-31 21:34:59'),
(4395, 3, 209, 1, '2026-03-31 21:34:59', '2026-03-31 21:34:59'),
(4396, 3, 210, 0, '2026-03-31 21:34:59', '2026-03-31 21:34:59'),
(4418, 24, 1, 1, '2026-03-31 22:01:53', '2026-03-31 22:01:53'),
(4419, 24, 2, 1, '2026-03-31 22:01:53', '2026-03-31 22:01:53'),
(4420, 24, 3, 0, '2026-03-31 22:01:53', '2026-03-31 22:01:53'),
(4421, 15, 211, 1, '2026-03-31 23:08:10', '2026-03-31 23:08:10'),
(4422, 15, 212, 1, '2026-03-31 23:08:10', '2026-03-31 23:08:10'),
(4423, 15, 213, 0, '2026-03-31 23:08:10', '2026-03-31 23:08:10'),
(4424, 18, 211, 1, '2026-03-31 23:08:10', '2026-03-31 23:08:10'),
(4425, 18, 212, 1, '2026-03-31 23:08:10', '2026-03-31 23:08:10'),
(4426, 18, 213, 0, '2026-03-31 23:08:10', '2026-03-31 23:08:10'),
(4427, 19, 211, 1, '2026-03-31 23:08:10', '2026-03-31 23:08:10'),
(4428, 19, 212, 1, '2026-03-31 23:08:10', '2026-03-31 23:08:10'),
(4429, 19, 213, 0, '2026-03-31 23:08:10', '2026-03-31 23:08:10'),
(4430, 20, 211, 1, '2026-03-31 23:08:10', '2026-03-31 23:08:10'),
(4431, 20, 212, 1, '2026-03-31 23:08:10', '2026-03-31 23:08:10'),
(4432, 20, 213, 0, '2026-03-31 23:08:10', '2026-03-31 23:08:10'),
(4433, 21, 211, 1, '2026-03-31 23:08:10', '2026-03-31 23:08:10'),
(4434, 21, 212, 1, '2026-03-31 23:08:10', '2026-03-31 23:08:10'),
(4435, 21, 213, 0, '2026-03-31 23:08:10', '2026-03-31 23:08:10'),
(4436, 22, 211, 1, '2026-03-31 23:08:10', '2026-03-31 23:08:10'),
(4437, 22, 212, 1, '2026-03-31 23:08:10', '2026-03-31 23:08:10'),
(4438, 22, 213, 0, '2026-03-31 23:08:10', '2026-03-31 23:08:10'),
(4439, 16, 211, 1, '2026-03-31 23:08:10', '2026-03-31 23:08:10'),
(4440, 16, 212, 1, '2026-03-31 23:08:10', '2026-03-31 23:08:10'),
(4441, 16, 213, 0, '2026-03-31 23:08:10', '2026-03-31 23:08:10'),
(4442, 17, 211, 1, '2026-03-31 23:08:10', '2026-03-31 23:08:10'),
(4443, 17, 212, 1, '2026-03-31 23:08:10', '2026-03-31 23:08:10'),
(4444, 17, 213, 0, '2026-03-31 23:08:10', '2026-03-31 23:08:10'),
(4445, 4, 211, 1, '2026-03-31 23:08:10', '2026-03-31 23:08:10'),
(4446, 4, 212, 1, '2026-03-31 23:08:10', '2026-03-31 23:08:10'),
(4447, 4, 213, 0, '2026-03-31 23:08:10', '2026-03-31 23:08:10'),
(4448, 2, 211, 1, '2026-03-31 23:08:10', '2026-03-31 23:08:10'),
(4449, 2, 212, 1, '2026-03-31 23:08:10', '2026-03-31 23:08:10'),
(4450, 2, 213, 1, '2026-03-31 23:08:10', '2026-03-31 23:08:10'),
(4451, 5, 211, 1, '2026-03-31 23:08:10', '2026-03-31 23:08:10'),
(4452, 5, 212, 1, '2026-03-31 23:08:10', '2026-03-31 23:08:10'),
(4453, 5, 213, 1, '2026-03-31 23:08:10', '2026-03-31 23:08:10'),
(4454, 14, 211, 1, '2026-03-31 23:08:10', '2026-03-31 23:08:10'),
(4455, 14, 212, 1, '2026-03-31 23:08:10', '2026-03-31 23:08:10'),
(4456, 14, 213, 0, '2026-03-31 23:08:10', '2026-03-31 23:08:10'),
(4457, 1, 211, 1, '2026-03-31 23:08:10', '2026-03-31 23:08:10'),
(4458, 1, 212, 1, '2026-03-31 23:08:10', '2026-03-31 23:08:10'),
(4459, 1, 213, 0, '2026-03-31 23:08:10', '2026-03-31 23:08:10'),
(4460, 3, 211, 1, '2026-03-31 23:08:10', '2026-03-31 23:08:10'),
(4461, 3, 212, 1, '2026-03-31 23:08:10', '2026-03-31 23:08:10'),
(4462, 3, 213, 0, '2026-03-31 23:08:10', '2026-03-31 23:08:10'),
(4463, 24, 211, 1, '2026-03-31 23:08:10', '2026-03-31 23:08:10'),
(4464, 24, 212, 1, '2026-03-31 23:08:10', '2026-03-31 23:08:10'),
(4465, 24, 213, 0, '2026-03-31 23:08:10', '2026-03-31 23:08:10'),
(4484, 15, 214, 1, '2026-03-31 23:29:14', '2026-03-31 23:29:14'),
(4485, 15, 215, 1, '2026-03-31 23:29:14', '2026-03-31 23:29:14'),
(4486, 15, 216, 0, '2026-03-31 23:29:14', '2026-03-31 23:29:14'),
(4487, 18, 214, 1, '2026-03-31 23:29:14', '2026-03-31 23:29:14'),
(4488, 18, 215, 1, '2026-03-31 23:29:14', '2026-03-31 23:29:14'),
(4489, 18, 216, 0, '2026-03-31 23:29:14', '2026-03-31 23:29:14'),
(4490, 19, 214, 1, '2026-03-31 23:29:14', '2026-03-31 23:29:14'),
(4491, 19, 215, 1, '2026-03-31 23:29:14', '2026-03-31 23:29:14'),
(4492, 19, 216, 0, '2026-03-31 23:29:14', '2026-03-31 23:29:14'),
(4493, 20, 214, 1, '2026-03-31 23:29:14', '2026-03-31 23:29:14'),
(4494, 20, 215, 1, '2026-03-31 23:29:14', '2026-03-31 23:29:14'),
(4495, 20, 216, 0, '2026-03-31 23:29:14', '2026-03-31 23:29:14'),
(4496, 21, 214, 1, '2026-03-31 23:29:14', '2026-03-31 23:29:14'),
(4497, 21, 215, 1, '2026-03-31 23:29:14', '2026-03-31 23:29:14'),
(4498, 21, 216, 0, '2026-03-31 23:29:14', '2026-03-31 23:29:14'),
(4499, 22, 214, 1, '2026-03-31 23:29:14', '2026-03-31 23:29:14'),
(4500, 22, 215, 1, '2026-03-31 23:29:14', '2026-03-31 23:29:14'),
(4501, 22, 216, 0, '2026-03-31 23:29:14', '2026-03-31 23:29:14'),
(4502, 16, 214, 1, '2026-03-31 23:29:14', '2026-03-31 23:29:14'),
(4503, 16, 215, 1, '2026-03-31 23:29:14', '2026-03-31 23:29:14'),
(4504, 16, 216, 0, '2026-03-31 23:29:14', '2026-03-31 23:29:14'),
(4505, 17, 214, 1, '2026-03-31 23:29:14', '2026-03-31 23:29:14'),
(4506, 17, 215, 1, '2026-03-31 23:29:14', '2026-03-31 23:29:14'),
(4507, 17, 216, 0, '2026-03-31 23:29:14', '2026-03-31 23:29:14'),
(4508, 4, 214, 1, '2026-03-31 23:29:14', '2026-03-31 23:29:14'),
(4509, 4, 215, 1, '2026-03-31 23:29:14', '2026-03-31 23:29:14'),
(4510, 4, 216, 0, '2026-03-31 23:29:14', '2026-03-31 23:29:14'),
(4511, 2, 214, 1, '2026-03-31 23:29:14', '2026-03-31 23:29:14'),
(4512, 2, 215, 1, '2026-03-31 23:29:14', '2026-03-31 23:29:14'),
(4513, 2, 216, 1, '2026-03-31 23:29:14', '2026-03-31 23:29:14'),
(4514, 5, 214, 1, '2026-03-31 23:29:14', '2026-03-31 23:29:14'),
(4515, 5, 215, 1, '2026-03-31 23:29:14', '2026-03-31 23:29:14'),
(4516, 5, 216, 1, '2026-03-31 23:29:14', '2026-03-31 23:29:14'),
(4517, 14, 214, 1, '2026-03-31 23:29:14', '2026-03-31 23:29:14'),
(4518, 14, 215, 1, '2026-03-31 23:29:14', '2026-03-31 23:29:14'),
(4519, 14, 216, 0, '2026-03-31 23:29:14', '2026-03-31 23:29:14'),
(4520, 1, 214, 1, '2026-03-31 23:29:14', '2026-03-31 23:29:14'),
(4521, 1, 215, 1, '2026-03-31 23:29:14', '2026-03-31 23:29:14'),
(4522, 1, 216, 0, '2026-03-31 23:29:14', '2026-03-31 23:29:14'),
(4523, 3, 214, 1, '2026-03-31 23:29:14', '2026-03-31 23:29:14'),
(4524, 3, 215, 1, '2026-03-31 23:29:14', '2026-03-31 23:29:14'),
(4525, 3, 216, 0, '2026-03-31 23:29:14', '2026-03-31 23:29:14'),
(4526, 24, 214, 1, '2026-03-31 23:29:14', '2026-03-31 23:29:14'),
(4527, 24, 215, 1, '2026-03-31 23:29:14', '2026-03-31 23:29:14'),
(4528, 24, 216, 0, '2026-03-31 23:29:14', '2026-03-31 23:29:14'),
(4547, 15, 217, 1, '2026-03-31 23:29:16', '2026-03-31 23:29:16'),
(4548, 15, 218, 1, '2026-03-31 23:29:16', '2026-03-31 23:29:16'),
(4549, 15, 219, 0, '2026-03-31 23:29:16', '2026-03-31 23:29:16'),
(4550, 18, 217, 1, '2026-03-31 23:29:16', '2026-03-31 23:29:16'),
(4551, 18, 218, 1, '2026-03-31 23:29:16', '2026-03-31 23:29:16'),
(4552, 18, 219, 0, '2026-03-31 23:29:16', '2026-03-31 23:29:16'),
(4553, 19, 217, 1, '2026-03-31 23:29:16', '2026-03-31 23:29:16'),
(4554, 19, 218, 1, '2026-03-31 23:29:16', '2026-03-31 23:29:16'),
(4555, 19, 219, 0, '2026-03-31 23:29:16', '2026-03-31 23:29:16'),
(4556, 20, 217, 1, '2026-03-31 23:29:16', '2026-03-31 23:29:16'),
(4557, 20, 218, 1, '2026-03-31 23:29:16', '2026-03-31 23:29:16'),
(4558, 20, 219, 0, '2026-03-31 23:29:16', '2026-03-31 23:29:16'),
(4559, 21, 217, 1, '2026-03-31 23:29:16', '2026-03-31 23:29:16'),
(4560, 21, 218, 1, '2026-03-31 23:29:16', '2026-03-31 23:29:16'),
(4561, 21, 219, 0, '2026-03-31 23:29:16', '2026-03-31 23:29:16'),
(4562, 22, 217, 1, '2026-03-31 23:29:16', '2026-03-31 23:29:16'),
(4563, 22, 218, 1, '2026-03-31 23:29:16', '2026-03-31 23:29:16'),
(4564, 22, 219, 0, '2026-03-31 23:29:16', '2026-03-31 23:29:16'),
(4565, 16, 217, 1, '2026-03-31 23:29:16', '2026-03-31 23:29:16'),
(4566, 16, 218, 1, '2026-03-31 23:29:16', '2026-03-31 23:29:16'),
(4567, 16, 219, 0, '2026-03-31 23:29:16', '2026-03-31 23:29:16'),
(4568, 17, 217, 1, '2026-03-31 23:29:16', '2026-03-31 23:29:16'),
(4569, 17, 218, 1, '2026-03-31 23:29:16', '2026-03-31 23:29:16'),
(4570, 17, 219, 0, '2026-03-31 23:29:16', '2026-03-31 23:29:16'),
(4571, 4, 217, 1, '2026-03-31 23:29:16', '2026-03-31 23:29:16'),
(4572, 4, 218, 1, '2026-03-31 23:29:16', '2026-03-31 23:29:16'),
(4573, 4, 219, 0, '2026-03-31 23:29:16', '2026-03-31 23:29:16'),
(4574, 2, 217, 1, '2026-03-31 23:29:16', '2026-03-31 23:29:16'),
(4575, 2, 218, 1, '2026-03-31 23:29:16', '2026-03-31 23:29:16'),
(4576, 2, 219, 1, '2026-03-31 23:29:16', '2026-03-31 23:29:16'),
(4577, 5, 217, 1, '2026-03-31 23:29:16', '2026-03-31 23:29:16'),
(4578, 5, 218, 1, '2026-03-31 23:29:16', '2026-03-31 23:29:16'),
(4579, 5, 219, 1, '2026-03-31 23:29:16', '2026-03-31 23:29:16'),
(4580, 14, 217, 1, '2026-03-31 23:29:16', '2026-03-31 23:29:16'),
(4581, 14, 218, 1, '2026-03-31 23:29:16', '2026-03-31 23:29:16'),
(4582, 14, 219, 0, '2026-03-31 23:29:16', '2026-03-31 23:29:16'),
(4583, 1, 217, 1, '2026-03-31 23:29:16', '2026-03-31 23:29:16'),
(4584, 1, 218, 1, '2026-03-31 23:29:16', '2026-03-31 23:29:16'),
(4585, 1, 219, 0, '2026-03-31 23:29:16', '2026-03-31 23:29:16'),
(4586, 3, 217, 1, '2026-03-31 23:29:16', '2026-03-31 23:29:16'),
(4587, 3, 218, 1, '2026-03-31 23:29:16', '2026-03-31 23:29:16'),
(4588, 3, 219, 0, '2026-03-31 23:29:16', '2026-03-31 23:29:16'),
(4589, 24, 217, 1, '2026-03-31 23:29:16', '2026-03-31 23:29:16'),
(4590, 24, 218, 1, '2026-03-31 23:29:16', '2026-03-31 23:29:16'),
(4591, 24, 219, 0, '2026-03-31 23:29:16', '2026-03-31 23:29:16'),
(4610, 15, 220, 1, '2026-03-31 23:32:06', '2026-03-31 23:32:06'),
(4611, 18, 220, 1, '2026-03-31 23:32:06', '2026-03-31 23:32:06'),
(4612, 19, 220, 1, '2026-03-31 23:32:06', '2026-03-31 23:32:06'),
(4613, 20, 220, 1, '2026-03-31 23:32:06', '2026-03-31 23:32:06'),
(4614, 21, 220, 1, '2026-03-31 23:32:06', '2026-03-31 23:32:06'),
(4615, 22, 220, 1, '2026-03-31 23:32:06', '2026-03-31 23:32:06'),
(4616, 16, 220, 1, '2026-03-31 23:32:06', '2026-03-31 23:32:06'),
(4617, 17, 220, 1, '2026-03-31 23:32:06', '2026-03-31 23:32:06'),
(4618, 4, 220, 1, '2026-03-31 23:32:06', '2026-03-31 23:32:06'),
(4619, 2, 220, 1, '2026-03-31 23:32:06', '2026-03-31 23:32:06'),
(4620, 5, 220, 1, '2026-03-31 23:32:06', '2026-03-31 23:32:06'),
(4621, 14, 220, 1, '2026-03-31 23:32:06', '2026-03-31 23:32:06'),
(4622, 1, 220, 1, '2026-03-31 23:32:06', '2026-03-31 23:32:06'),
(4623, 3, 220, 1, '2026-03-31 23:32:06', '2026-03-31 23:32:06'),
(4624, 24, 220, 1, '2026-03-31 23:32:06', '2026-03-31 23:32:06'),
(4625, 15, 221, 1, '2026-03-31 23:32:06', '2026-03-31 23:32:06'),
(4626, 18, 221, 1, '2026-03-31 23:32:06', '2026-03-31 23:32:06'),
(4627, 19, 221, 1, '2026-03-31 23:32:06', '2026-03-31 23:32:06'),
(4628, 20, 221, 1, '2026-03-31 23:32:06', '2026-03-31 23:32:06'),
(4629, 21, 221, 1, '2026-03-31 23:32:06', '2026-03-31 23:32:06'),
(4630, 22, 221, 1, '2026-03-31 23:32:06', '2026-03-31 23:32:06'),
(4631, 16, 221, 1, '2026-03-31 23:32:06', '2026-03-31 23:32:06'),
(4632, 17, 221, 1, '2026-03-31 23:32:06', '2026-03-31 23:32:06'),
(4633, 4, 221, 1, '2026-03-31 23:32:06', '2026-03-31 23:32:06'),
(4634, 2, 221, 1, '2026-03-31 23:32:06', '2026-03-31 23:32:06'),
(4635, 5, 221, 1, '2026-03-31 23:32:06', '2026-03-31 23:32:06'),
(4636, 14, 221, 1, '2026-03-31 23:32:06', '2026-03-31 23:32:06'),
(4637, 1, 221, 1, '2026-03-31 23:32:06', '2026-03-31 23:32:06'),
(4638, 3, 221, 1, '2026-03-31 23:32:06', '2026-03-31 23:32:06'),
(4639, 24, 221, 1, '2026-03-31 23:32:06', '2026-03-31 23:32:06'),
(4640, 15, 222, 0, '2026-03-31 23:32:06', '2026-03-31 23:32:06'),
(4641, 18, 222, 0, '2026-03-31 23:32:06', '2026-03-31 23:32:06'),
(4642, 19, 222, 0, '2026-03-31 23:32:06', '2026-03-31 23:32:06'),
(4643, 20, 222, 0, '2026-03-31 23:32:06', '2026-03-31 23:32:06'),
(4644, 21, 222, 0, '2026-03-31 23:32:06', '2026-03-31 23:32:06'),
(4645, 22, 222, 0, '2026-03-31 23:32:06', '2026-03-31 23:32:06'),
(4646, 16, 222, 0, '2026-03-31 23:32:06', '2026-03-31 23:32:06'),
(4647, 17, 222, 0, '2026-03-31 23:32:06', '2026-03-31 23:32:06'),
(4648, 4, 222, 0, '2026-03-31 23:32:06', '2026-03-31 23:32:06'),
(4649, 2, 222, 1, '2026-03-31 23:32:06', '2026-03-31 23:32:06'),
(4650, 5, 222, 1, '2026-03-31 23:32:06', '2026-03-31 23:32:06'),
(4651, 14, 222, 0, '2026-03-31 23:32:06', '2026-03-31 23:32:06'),
(4652, 1, 222, 0, '2026-03-31 23:32:06', '2026-03-31 23:32:06'),
(4653, 3, 222, 0, '2026-03-31 23:32:06', '2026-03-31 23:32:06'),
(4654, 24, 222, 0, '2026-03-31 23:32:06', '2026-03-31 23:32:06');

-- --------------------------------------------------------

--
-- Estructura de tabla para la tabla `usuario_rol_colegio`
--

CREATE TABLE `usuario_rol_colegio` (
  `id` int(11) NOT NULL,
  `id_usuario` int(11) NOT NULL,
  `id_rol` int(11) NOT NULL,
  `id_colegio` int(11) DEFAULT NULL,
  `estado` tinyint(4) NOT NULL DEFAULT 1,
  `created_at` datetime NOT NULL DEFAULT current_timestamp()
) ENGINE=InnoDB DEFAULT CHARSET=utf8mb4 COLLATE=utf8mb4_general_ci;

--
-- Volcado de datos para la tabla `usuario_rol_colegio`
--

INSERT INTO `usuario_rol_colegio` (`id`, `id_usuario`, `id_rol`, `id_colegio`, `estado`, `created_at`) VALUES
(1, 2, 1, 15, 1, '2026-02-12 12:42:44'),
(2, 1, 2, 8, 1, '2026-02-12 12:42:44'),
(3, 3, 2, 8, 1, '2026-02-12 12:42:44'),
(4, 4, 2, 8, 1, '2026-02-12 12:42:44'),
(5, 5, 1, 15, 1, '2026-03-04 17:44:47'),
(14, 14, 2, 8, 1, '2026-03-11 15:29:00'),
(15, 15, 2, 1, 1, '2026-03-31 18:00:00'),
(16, 16, 2, 8, 1, '2026-03-31 18:00:00'),
(17, 17, 2, 9, 1, '2026-03-31 18:00:00'),
(18, 18, 2, 10, 1, '2026-03-31 18:00:00'),
(19, 19, 2, 11, 1, '2026-03-31 18:00:00'),
(20, 20, 2, 12, 1, '2026-03-31 18:00:00'),
(21, 21, 2, 13, 1, '2026-03-31 18:00:00'),
(22, 22, 2, 17, 1, '2026-03-31 18:00:00'),
(23, 23, 2, 1, 1, '2026-03-31 18:52:12'),
(24, 24, 2, 1, 1, '2026-03-31 19:01:53');

--
-- Índices para tablas volcadas
--

--
-- Indices de la tabla `colacion`
--
ALTER TABLE `colacion`
  ADD PRIMARY KEY (`id_colacion`);

--
-- Indices de la tabla `colegio`
--
ALTER TABLE `colegio`
  ADD PRIMARY KEY (`id_colegio`);

--
-- Indices de la tabla `contratos_empleado`
--
ALTER TABLE `contratos_empleado`
  ADD PRIMARY KEY (`id_contrato`),
  ADD KEY `fk_contrato_empleado` (`id_empleado`);

--
-- Indices de la tabla `dias_semana`
--
ALTER TABLE `dias_semana`
  ADD PRIMARY KEY (`id_dia`);

--
-- Indices de la tabla `empleados`
--
ALTER TABLE `empleados`
  ADD PRIMARY KEY (`id_empleado`),
  ADD UNIQUE KEY `codigo` (`codigo`),
  ADD UNIQUE KEY `run` (`run`);

--
-- Indices de la tabla `horarios_semanales`
--
ALTER TABLE `horarios_semanales`
  ADD PRIMARY KEY (`id_horario`),
  ADD UNIQUE KEY `uk_horario_unico` (`id_contrato`,`dia`);

--
-- Indices de la tabla `menus`
--
ALTER TABLE `menus`
  ADD PRIMARY KEY (`id_menu`);

--
-- Indices de la tabla `menu_v`
--
ALTER TABLE `menu_v`
  ADD PRIMARY KEY (`id_menu`),
  ADD UNIQUE KEY `uk_menu_v_codigo` (`codigo`);

--
-- Indices de la tabla `roles`
--
ALTER TABLE `roles`
  ADD PRIMARY KEY (`id_rol`);

--
-- Indices de la tabla `usuarios`
--
ALTER TABLE `usuarios`
  ADD PRIMARY KEY (`id_usuario`),
  ADD UNIQUE KEY `uk_identificador` (`identificador`),
  ADD UNIQUE KEY `uk_email` (`email`);

--
-- Indices de la tabla `usuario_menu`
--
ALTER TABLE `usuario_menu`
  ADD PRIMARY KEY (`id_usuario_menu`);

--
-- Indices de la tabla `usuario_menu_v`
--
ALTER TABLE `usuario_menu_v`
  ADD PRIMARY KEY (`id_usuario_menu`),
  ADD UNIQUE KEY `uk_usuario_menu_v` (`id_usuario`,`id_menu`);

--
-- Indices de la tabla `usuario_rol_colegio`
--
ALTER TABLE `usuario_rol_colegio`
  ADD PRIMARY KEY (`id`);

--
-- AUTO_INCREMENT de las tablas volcadas
--

--
-- AUTO_INCREMENT de la tabla `colacion`
--
ALTER TABLE `colacion`
  MODIFY `id_colacion` int(11) NOT NULL AUTO_INCREMENT, AUTO_INCREMENT=489;

--
-- AUTO_INCREMENT de la tabla `colegio`
--
ALTER TABLE `colegio`
  MODIFY `id_colegio` int(11) NOT NULL AUTO_INCREMENT, AUTO_INCREMENT=26;

--
-- AUTO_INCREMENT de la tabla `contratos_empleado`
--
ALTER TABLE `contratos_empleado`
  MODIFY `id_contrato` int(11) NOT NULL AUTO_INCREMENT, AUTO_INCREMENT=3043;

--
-- AUTO_INCREMENT de la tabla `dias_semana`
--
ALTER TABLE `dias_semana`
  MODIFY `id_dia` int(11) NOT NULL AUTO_INCREMENT, AUTO_INCREMENT=8;

--
-- AUTO_INCREMENT de la tabla `empleados`
--
ALTER TABLE `empleados`
  MODIFY `id_empleado` int(11) NOT NULL AUTO_INCREMENT, AUTO_INCREMENT=2043;

--
-- AUTO_INCREMENT de la tabla `horarios_semanales`
--
ALTER TABLE `horarios_semanales`
  MODIFY `id_horario` int(11) NOT NULL AUTO_INCREMENT, AUTO_INCREMENT=4451;

--
-- AUTO_INCREMENT de la tabla `menus`
--
ALTER TABLE `menus`
  MODIFY `id_menu` int(11) NOT NULL AUTO_INCREMENT, AUTO_INCREMENT=40;

--
-- AUTO_INCREMENT de la tabla `menu_v`
--
ALTER TABLE `menu_v`
  MODIFY `id_menu` int(11) NOT NULL AUTO_INCREMENT, AUTO_INCREMENT=229;

--
-- AUTO_INCREMENT de la tabla `roles`
--
ALTER TABLE `roles`
  MODIFY `id_rol` int(11) NOT NULL AUTO_INCREMENT, AUTO_INCREMENT=3;

--
-- AUTO_INCREMENT de la tabla `usuarios`
--
ALTER TABLE `usuarios`
  MODIFY `id_usuario` int(11) NOT NULL AUTO_INCREMENT, AUTO_INCREMENT=25;

--
-- AUTO_INCREMENT de la tabla `usuario_menu`
--
ALTER TABLE `usuario_menu`
  MODIFY `id_usuario_menu` int(11) NOT NULL AUTO_INCREMENT, AUTO_INCREMENT=831;

--
-- AUTO_INCREMENT de la tabla `usuario_menu_v`
--
ALTER TABLE `usuario_menu_v`
  MODIFY `id_usuario_menu` int(11) NOT NULL AUTO_INCREMENT, AUTO_INCREMENT=4736;

--
-- AUTO_INCREMENT de la tabla `usuario_rol_colegio`
--
ALTER TABLE `usuario_rol_colegio`
  MODIFY `id` int(11) NOT NULL AUTO_INCREMENT, AUTO_INCREMENT=25;

--
-- Restricciones para tablas volcadas
--

--
-- Filtros para la tabla `contratos_empleado`
--
ALTER TABLE `contratos_empleado`
  ADD CONSTRAINT `fk_contrato_empleado` FOREIGN KEY (`id_empleado`) REFERENCES `empleados` (`id_empleado`) ON DELETE CASCADE;
COMMIT;

/*!40101 SET CHARACTER_SET_CLIENT=@OLD_CHARACTER_SET_CLIENT */;
/*!40101 SET CHARACTER_SET_RESULTS=@OLD_CHARACTER_SET_RESULTS */;
/*!40101 SET COLLATION_CONNECTION=@OLD_COLLATION_CONNECTION */;
