-- phpMyAdmin SQL Dump
-- version 5.2.1
-- https://www.phpmyadmin.net/
--
-- Servidor: localhost:3306
-- Tiempo de generación: 06-04-2026 a las 10:16:03
-- Versión del servidor: 10.6.19-MariaDB
-- Versión de PHP: 8.1.34

SET SQL_MODE = "NO_AUTO_VALUE_ON_ZERO";
START TRANSACTION;
SET time_zone = "+00:00";


/*!40101 SET @OLD_CHARACTER_SET_CLIENT=@@CHARACTER_SET_CLIENT */;
/*!40101 SET @OLD_CHARACTER_SET_RESULTS=@@CHARACTER_SET_RESULTS */;
/*!40101 SET @OLD_COLLATION_CONNECTION=@@COLLATION_CONNECTION */;
/*!40101 SET NAMES utf8mb4 */;

--
-- Base de datos: `qaseduc_calculo_horario`
--

-- --------------------------------------------------------

--
-- Estructura de tabla para la tabla `colacion`
--

CREATE TABLE `colacion` (
  `id_colacion` int(11) NOT NULL,
  `hora` time NOT NULL,
  `minutos` int(11) NOT NULL
) ENGINE=MyISAM DEFAULT CHARSET=latin1 COLLATE=latin1_swedish_ci;

--
-- Volcado de datos para la tabla `colacion`
--

INSERT INTO `colacion` (`id_colacion`, `hora`, `minutos`) VALUES
(1, '00:00:00', 0),
(2, '00:30:00', 30),
(3, '00:40:00', 40),
(4, '01:00:00', 60);

-- --------------------------------------------------------

--
-- Estructura de tabla para la tabla `colegio`
--

CREATE TABLE `colegio` (
  `id_colegio` int(11) NOT NULL,
  `nom_colegio` varchar(60) NOT NULL,
  `rza_colegio` varchar(50) NOT NULL,
  `nco_colegio` varchar(150) NOT NULL,
  `dir_colegio` varchar(50) NOT NULL,
  `rbd_colegio` varchar(10) NOT NULL,
  `id_dependencia` int(11) NOT NULL,
  `id_comuna` int(11) NOT NULL,
  `tel_colegio` varchar(10) NOT NULL,
  `web_colegio` varchar(60) NOT NULL,
  `bd` varchar(30) NOT NULL,
  `orden` int(11) NOT NULL,
  `email_entrevista` varchar(100) NOT NULL,
  `num_r_educacion` int(11) NOT NULL,
  `ano_r_educacion` int(11) NOT NULL,
  `ip` varchar(15) NOT NULL,
  `email_comunicaciones` varchar(100) NOT NULL,
  `sexo` int(11) NOT NULL DEFAULT 0,
  `multi_cole` varchar(2) NOT NULL DEFAULT 'no',
  `identificador` varchar(20) NOT NULL,
  `rut_colegio` varchar(12) NOT NULL,
  `correo_contrato` varchar(50) NOT NULL,
  `url_pagina` varchar(255) DEFAULT NULL
) ENGINE=MyISAM DEFAULT CHARSET=utf8mb3 COLLATE=utf8mb3_general_ci;

--
-- Volcado de datos para la tabla `colegio`
--

INSERT INTO `colegio` (`id_colegio`, `nom_colegio`, `rza_colegio`, `nco_colegio`, `dir_colegio`, `rbd_colegio`, `id_dependencia`, `id_comuna`, `tel_colegio`, `web_colegio`, `bd`, `orden`, `email_entrevista`, `num_r_educacion`, `ano_r_educacion`, `ip`, `email_comunicaciones`, `sexo`, `multi_cole`, `identificador`, `rut_colegio`, `correo_contrato`, `url_pagina`) VALUES
(1, 'Colegio Cordillera de las Condes', 'SEDUC Spa y Compañia CPA Cuatro', 'Colegio Cordillera', 'Los Pumas Nro 12015', '8902-8', 2, 290, '4295900', 'http://www.colegiocordillera.cl', 'seduc', 4, 'info@colegiocordillera.cl', 40, 1983, '200.111.15.3', 'comunicacion@colegiocordillera.cl', 1, 'no', 'CBHgdA8z7j74n3933pKQ', '79848720-5', 'cm.mail.com', 'cordillera.php'),
(8, 'Colegio Tabancura', 'SEDUC Spa y Compañia CPA Dos', 'Colegio Tabancura', 'Las Hualtatas Nro 10650', '8862-5', 2, 308, '8976300', 'http://www.tabancura.cl', 'seduc', 2, 'consejodireccion@tabancura.cl', 152, 1986, '152.231.78.42', 'consejodireccion@tabancura.cl', 1, 'no', '64N93dwf6k76P3N9y858', '83332100-5', 'administradorColegioTabancura@gmail.com', 'tabancura.php'),
(9, 'Colegio Los Andes de Vitacura', 'SEDUC Spa y Compañia CPA Uno', 'Colegio Los Andes', 'San Damian Nro 0100', '8871-4', 5, 308, '232232500', 'http://www.colegiolosandes.cl/', 'seduc', 1, 'entrevista@colegiolosandes.cl', 10118, 1979, '152.231.77.98', 'colegiolosandes@colegiolosandes.cl', 2, 'no', 'uoB53uIn51qb1ad4537u', '70054800-7', 'administacionColegiolosandes@gmail.com', 'losAndess.php'),
(10, 'Colegio Los Alerces', 'SEDUC Spa y Compañia CPA Cinco', 'Colegio Los Alerces', 'El Radal Nro 437', '24979-3', 4, 291, '228207900', 'http://www.colegiolosalerces.cl/', 'seduc', 5, 'colegioalerces@siae.cl', 3127, 1996, '186.67.49.138', 'colegiolosalerces@colegiolosalerces.cl', 2, 'no', 'RxLNwR61Vee02s2VzKyi', '87152200-6', 'lupejorquera@gmail.com', 'losAlerces.php'),
(11, 'Colegio Huelén', 'SEDUC Spa y Compañia CPA Tres', 'Colegio Huelen ', 'Av. Santa María Nro 6.480', '8953-2', 308, 308, '', 'http://www.colegiohuelen.cl/', 'seduc', 3, 'entrevista@huelen.cl', 5171, 1978, '152.231.77.114', 'comunicaciones@huelen.cl', 2, 'no', '2sc922imu2eFvyvsX53B', '87042000-5', 'administradorCOLEGIOHUELEN@gmail.com', 'hulen.php'),
(12, 'Colegio Cantagallo', 'SEDUC Spa y Compañia CPA Siete', 'Colegio Cantagallo', ' Av. Monseñor Escrivá de Balaguer Nro 13.322', '12345-6', 0, 290, '0', 'http://colegiocantagallo.cl/', 'seduc', 10, 'secretaria@colegiocantagallo.cl', 0, 0, '190.82.87.210', 'secretaria@colegiocantagallo.cl', 1, 'si', 'j6i8IdpDB7jsp52yE3Iw', '76328035-7', 'cm.jorquerag@gmail.com', NULL),
(13, 'Colegio Huinganal', 'SEDUC Spa y Compañia CPA Seis', 'Colegio Huinganal', 'Av. Monseñor Adolfo Rodríguez Nro 13210', '20311-4', 0, 308, '225921720', 'http://www.colegiohuinganal.cl/', 'seduc', 7, 'huinganal@siae.cl', 3523, 2014, '', 'comunicaciones@colegiohuinganal.cl', 1, 'no', 'KH0RWJv5N7P4HcL333WK', '76232345-1', 'cm.jorquerag@gmail.com', 'huinganal.php'),
(14, 'Colegio Prueba', 'Colegio Prueba Ltda', 'Colegio Prueba', 'direccion', '9999-9', 1, 290, '111111', '', 'prueba', 1, 'soporte@siae.cl', 1999, 2011, '', 'soporte@siae.cl', 0, 'no', '3K67M9z8801aF3YNt6c0', '', 'administradorColegioPrueba@gmail.com', 'colegioPrueba.php'),
(15, 'Seduc SpA', 'Seduc SpA', 'Seduc', 'Las Hualtatas 10030', '9876-5', 3, 290, '224380300', 'www.seduc.cl', 'seduc', 0, 'seduc.informa@seduc.cl', 0, 0, '186.67.42.46', 'seduc.informa@seduc.cl', 0, 'no', '024Jw16809k8gopl85fJ', '', 'cm.jorquerag@gmail.com', 'seduc.php'),
(17, 'Valle Alegre', 'Valle Alegre', 'Valle Alegre', ' ', '11111-1', 0, 290, '0', 'http://www.valegre.cl/', 'seduc', 11, 'secretaria@valegre.cl', 0, 0, '190.82.87.210', 'secretaria@valegre.cl', 1, 'no', 'tte45asashw22346hh', '', 'administra@gmail.com', NULL);

-- --------------------------------------------------------

--
-- Estructura de tabla para la tabla `contratos_empleado`
--

CREATE TABLE `contratos_empleado` (
  `id_contrato` int(11) NOT NULL,
  `id_empleado` int(11) NOT NULL,
  `fecha_inicio` date NOT NULL,
  `fecha_fin` date DEFAULT NULL,
  `horas_semanales_cron` int(11) NOT NULL,
  `horas_lectivas` int(11) NOT NULL DEFAULT 0,
  `horas_no_lectivas` int(11) NOT NULL DEFAULT 0,
  `min_colacion_diaria` int(11) NOT NULL DEFAULT 0,
  `observacion` varchar(255) DEFAULT NULL,
  `created_at` timestamp NOT NULL DEFAULT current_timestamp()
) ENGINE=InnoDB DEFAULT CHARSET=utf8mb4 COLLATE=utf8mb4_general_ci;

-- --------------------------------------------------------

--
-- Estructura de tabla para la tabla `dias_semana`
--

CREATE TABLE `dias_semana` (
  `id_dia` int(11) NOT NULL,
  `clave` varchar(20) NOT NULL,
  `nombre` varchar(50) NOT NULL,
  `prefijo` varchar(10) NOT NULL,
  `orden` int(11) NOT NULL,
  `activo` tinyint(4) DEFAULT 1
) ENGINE=MyISAM DEFAULT CHARSET=latin1 COLLATE=latin1_swedish_ci;

--
-- Volcado de datos para la tabla `dias_semana`
--

INSERT INTO `dias_semana` (`id_dia`, `clave`, `nombre`, `prefijo`, `orden`, `activo`) VALUES
(1, 'lunes', 'Lunes', 'lun', 1, 1),
(2, 'martes', 'Martes', 'mar', 2, 1),
(3, 'miercoles', 'Miércoles', 'mie', 3, 1),
(4, 'jueves', 'Jueves', 'jue', 4, 1),
(5, 'viernes', 'Viernes', 'vie', 5, 1),
(6, 'sabado', 'Sabado', 'sab', 6, 1),
(7, 'domingo', 'Domingo', 'dom', 7, 1);

-- --------------------------------------------------------

--
-- Estructura de tabla para la tabla `empleados`
--

CREATE TABLE `empleados` (
  `id_empleado` int(11) NOT NULL,
  `codigo` varchar(30) NOT NULL,
  `run` varchar(12) NOT NULL,
  `id_colegio` int(11) NOT NULL,
  `nombres` varchar(80) NOT NULL,
  `apellido_paterno` varchar(60) NOT NULL,
  `apellido_materno` varchar(60) NOT NULL,
  `email` varchar(120) DEFAULT NULL,
  `telefono` varchar(30) DEFAULT NULL,
  `activo` tinyint(4) NOT NULL DEFAULT 1,
  `created_at` timestamp NOT NULL DEFAULT current_timestamp(),
  `updated_at` timestamp NULL DEFAULT NULL,
  `foto` varchar(255) DEFAULT NULL,
  `genero` int(11) NOT NULL
) ENGINE=InnoDB DEFAULT CHARSET=utf8mb4 COLLATE=utf8mb4_general_ci;

-- --------------------------------------------------------

--
-- Estructura de tabla para la tabla `horarios_semanales`
--

CREATE TABLE `horarios_semanales` (
  `id_horario` int(11) NOT NULL,
  `id_empleado` int(11) NOT NULL,
  `id_contrato` int(11) NOT NULL,
  `dia` enum('LUN','MAR','MIE','JUE','VIE','SAB','DOM') NOT NULL,
  `man_ini` time DEFAULT NULL,
  `man_fin` time DEFAULT NULL,
  `tar_ini` time DEFAULT NULL,
  `tar_fin` time DEFAULT NULL,
  `activo` tinyint(4) NOT NULL DEFAULT 1,
  `created_at` timestamp NOT NULL DEFAULT current_timestamp()
) ENGINE=MyISAM DEFAULT CHARSET=latin1 COLLATE=latin1_swedish_ci;

--
-- Volcado de datos para la tabla `horarios_semanales`
--

INSERT INTO `horarios_semanales` (`id_horario`, `id_empleado`, `id_contrato`, `dia`, `man_ini`, `man_fin`, `tar_ini`, `tar_fin`, `activo`, `created_at`) VALUES
(4001, 2001, 3001, 'LUN', '08:00:00', '13:00:00', '14:00:00', '17:00:00', 1, '2026-03-31 21:00:00'),
(4002, 2001, 3001, 'MAR', '08:00:00', '13:00:00', '14:00:00', '17:00:00', 1, '2026-03-31 21:00:00'),
(4003, 2001, 3001, 'MIE', '08:00:00', '13:00:00', '14:00:00', '17:00:00', 1, '2026-03-31 21:00:00'),
(4004, 2001, 3001, 'JUE', '08:00:00', '13:00:00', '14:00:00', '17:00:00', 1, '2026-03-31 21:00:00'),
(4005, 2001, 3001, 'VIE', '08:00:00', '13:00:00', '14:00:00', '17:00:00', 1, '2026-03-31 21:00:00'),
(4006, 2002, 3002, 'LUN', '08:00:00', '13:00:00', '14:00:00', '17:00:00', 1, '2026-03-31 21:00:00'),
(4007, 2002, 3002, 'MAR', '08:00:00', '13:00:00', '14:00:00', '17:00:00', 1, '2026-03-31 21:00:00'),
(4008, 2002, 3002, 'MIE', '08:00:00', '13:00:00', '14:00:00', '17:00:00', 1, '2026-03-31 21:00:00'),
(4009, 2002, 3002, 'JUE', '08:00:00', '13:00:00', '14:00:00', '17:00:00', 1, '2026-03-31 21:00:00'),
(4010, 2002, 3002, 'VIE', '08:00:00', '13:00:00', '14:00:00', '17:00:00', 1, '2026-03-31 21:00:00'),
(4205, 2003, 3003, 'VIE', '08:00:00', '13:00:00', '14:00:00', '17:00:00', 1, '2026-03-31 19:52:56'),
(4204, 2003, 3003, 'JUE', '08:00:00', '13:00:00', '14:00:00', '17:00:00', 1, '2026-03-31 19:52:56'),
(4203, 2003, 3003, 'MIE', '08:00:00', '13:00:00', '14:00:00', '17:00:00', 1, '2026-03-31 19:52:56'),
(4202, 2003, 3003, 'MAR', '08:00:00', '13:00:00', '14:00:00', '17:00:00', 1, '2026-03-31 19:52:56'),
(4201, 2003, 3003, 'LUN', '08:00:00', '13:00:00', '14:00:00', '17:00:00', 1, '2026-03-31 19:52:56'),
(4016, 2004, 3004, 'LUN', '08:00:00', '13:00:00', '14:00:00', '17:00:00', 1, '2026-03-31 21:00:00'),
(4017, 2004, 3004, 'MAR', '08:00:00', '13:00:00', '14:00:00', '17:00:00', 1, '2026-03-31 21:00:00'),
(4018, 2004, 3004, 'MIE', '08:00:00', '13:00:00', '14:00:00', '17:00:00', 1, '2026-03-31 21:00:00'),
(4019, 2004, 3004, 'JUE', '08:00:00', '13:00:00', '14:00:00', '17:00:00', 1, '2026-03-31 21:00:00'),
(4020, 2004, 3004, 'VIE', '08:00:00', '13:00:00', '14:00:00', '17:00:00', 1, '2026-03-31 21:00:00'),
(4021, 2005, 3005, 'LUN', '08:00:00', '13:00:00', '14:00:00', '17:00:00', 1, '2026-03-31 21:00:00'),
(4022, 2005, 3005, 'MAR', '08:00:00', '13:00:00', '14:00:00', '17:00:00', 1, '2026-03-31 21:00:00'),
(4023, 2005, 3005, 'MIE', '08:00:00', '13:00:00', '14:00:00', '17:00:00', 1, '2026-03-31 21:00:00'),
(4024, 2005, 3005, 'JUE', '08:00:00', '13:00:00', '14:00:00', '17:00:00', 1, '2026-03-31 21:00:00'),
(4025, 2005, 3005, 'VIE', '08:00:00', '13:00:00', '14:00:00', '17:00:00', 1, '2026-03-31 21:00:00'),
(4206, 2006, 3006, 'LUN', '08:00:00', '13:00:00', '14:00:00', '17:00:00', 1, '2026-03-31 19:55:15'),
(4207, 2006, 3006, 'MAR', '08:00:00', '13:00:00', '14:00:00', '17:00:00', 1, '2026-03-31 19:55:15'),
(4208, 2006, 3006, 'MIE', '08:00:00', '13:00:00', '14:00:00', '17:00:00', 1, '2026-03-31 19:55:15'),
(4209, 2006, 3006, 'JUE', '08:00:00', '13:00:00', '14:00:00', '17:00:00', 1, '2026-03-31 19:55:15'),
(4210, 2006, 3006, 'VIE', '08:00:00', '13:00:00', '14:00:00', '17:00:00', 1, '2026-03-31 19:55:15'),
(4211, 2007, 3007, 'LUN', '08:00:00', '13:00:00', '14:00:00', '17:00:00', 1, '2026-03-31 19:55:15'),
(4212, 2007, 3007, 'MAR', '08:00:00', '13:00:00', '14:00:00', '17:00:00', 1, '2026-03-31 19:55:15'),
(4213, 2007, 3007, 'MIE', '08:00:00', '13:00:00', '14:00:00', '17:00:00', 1, '2026-03-31 19:55:15'),
(4214, 2007, 3007, 'JUE', '08:00:00', '13:00:00', '14:00:00', '17:00:00', 1, '2026-03-31 19:55:15'),
(4215, 2007, 3007, 'VIE', '08:00:00', '13:00:00', '14:00:00', '17:00:00', 1, '2026-03-31 19:55:15'),
(4216, 2008, 3008, 'LUN', '08:00:00', '13:00:00', '14:00:00', '17:00:00', 1, '2026-03-31 19:55:15'),
(4217, 2008, 3008, 'MAR', '08:00:00', '13:00:00', '14:00:00', '17:00:00', 1, '2026-03-31 19:55:15'),
(4218, 2008, 3008, 'MIE', '08:00:00', '13:00:00', '14:00:00', '17:00:00', 1, '2026-03-31 19:55:15'),
(4219, 2008, 3008, 'JUE', '08:00:00', '13:00:00', '14:00:00', '17:00:00', 1, '2026-03-31 19:55:15'),
(4220, 2008, 3008, 'VIE', '08:00:00', '13:00:00', '14:00:00', '17:00:00', 1, '2026-03-31 19:55:15'),
(4221, 2009, 3009, 'LUN', '08:00:00', '13:00:00', '14:00:00', '17:00:00', 1, '2026-03-31 19:55:15'),
(4222, 2009, 3009, 'MAR', '08:00:00', '13:00:00', '14:00:00', '17:00:00', 1, '2026-03-31 19:55:15'),
(4223, 2009, 3009, 'MIE', '08:00:00', '13:00:00', '14:00:00', '17:00:00', 1, '2026-03-31 19:55:15'),
(4224, 2009, 3009, 'JUE', '08:00:00', '13:00:00', '14:00:00', '17:00:00', 1, '2026-03-31 19:55:15'),
(4225, 2009, 3009, 'VIE', '08:00:00', '13:00:00', '14:00:00', '17:00:00', 1, '2026-03-31 19:55:15'),
(4226, 2010, 3010, 'LUN', '08:00:00', '13:00:00', '14:00:00', '17:00:00', 1, '2026-03-31 19:55:15'),
(4227, 2010, 3010, 'MAR', '08:00:00', '13:00:00', '14:00:00', '17:00:00', 1, '2026-03-31 19:55:15'),
(4228, 2010, 3010, 'MIE', '08:00:00', '13:00:00', '14:00:00', '17:00:00', 1, '2026-03-31 19:55:15'),
(4229, 2010, 3010, 'JUE', '08:00:00', '13:00:00', '14:00:00', '17:00:00', 1, '2026-03-31 19:55:15'),
(4230, 2010, 3010, 'VIE', '08:00:00', '13:00:00', '14:00:00', '17:00:00', 1, '2026-03-31 19:55:15'),
(4231, 2011, 3011, 'LUN', '08:00:00', '13:00:00', '14:00:00', '17:00:00', 1, '2026-03-31 19:55:15'),
(4232, 2011, 3011, 'MAR', '08:00:00', '13:00:00', '14:00:00', '17:00:00', 1, '2026-03-31 19:55:15'),
(4233, 2011, 3011, 'MIE', '08:00:00', '13:00:00', '14:00:00', '17:00:00', 1, '2026-03-31 19:55:15'),
(4234, 2011, 3011, 'JUE', '08:00:00', '13:00:00', '14:00:00', '17:00:00', 1, '2026-03-31 19:55:15'),
(4235, 2011, 3011, 'VIE', '08:00:00', '13:00:00', '14:00:00', '17:00:00', 1, '2026-03-31 19:55:15'),
(4236, 2012, 3012, 'LUN', '08:00:00', '13:00:00', '14:00:00', '17:00:00', 1, '2026-03-31 19:55:15'),
(4237, 2012, 3012, 'MAR', '08:00:00', '13:00:00', '14:00:00', '17:00:00', 1, '2026-03-31 19:55:15'),
(4238, 2012, 3012, 'MIE', '08:00:00', '13:00:00', '14:00:00', '17:00:00', 1, '2026-03-31 19:55:15'),
(4239, 2012, 3012, 'JUE', '08:00:00', '13:00:00', '14:00:00', '17:00:00', 1, '2026-03-31 19:55:15'),
(4240, 2012, 3012, 'VIE', '08:00:00', '13:00:00', '14:00:00', '17:00:00', 1, '2026-03-31 19:55:15'),
(4241, 2013, 3013, 'LUN', '08:00:00', '13:00:00', '14:00:00', '17:00:00', 1, '2026-03-31 19:55:15'),
(4242, 2013, 3013, 'MAR', '08:00:00', '13:00:00', '14:00:00', '17:00:00', 1, '2026-03-31 19:55:15'),
(4243, 2013, 3013, 'MIE', '08:00:00', '13:00:00', '14:00:00', '17:00:00', 1, '2026-03-31 19:55:15'),
(4244, 2013, 3013, 'JUE', '08:00:00', '13:00:00', '14:00:00', '17:00:00', 1, '2026-03-31 19:55:15'),
(4245, 2013, 3013, 'VIE', '08:00:00', '13:00:00', '14:00:00', '17:00:00', 1, '2026-03-31 19:55:15'),
(4246, 2014, 3014, 'LUN', '08:00:00', '13:00:00', '14:00:00', '17:00:00', 1, '2026-03-31 19:55:15'),
(4247, 2014, 3014, 'MAR', '08:00:00', '13:00:00', '14:00:00', '17:00:00', 1, '2026-03-31 19:55:15'),
(4248, 2014, 3014, 'MIE', '08:00:00', '13:00:00', '14:00:00', '17:00:00', 1, '2026-03-31 19:55:15'),
(4249, 2014, 3014, 'JUE', '08:00:00', '13:00:00', '14:00:00', '17:00:00', 1, '2026-03-31 19:55:15'),
(4250, 2014, 3014, 'VIE', '08:00:00', '13:00:00', '14:00:00', '17:00:00', 1, '2026-03-31 19:55:15'),
(4251, 2015, 3015, 'LUN', '08:00:00', '13:00:00', '14:00:00', '17:00:00', 1, '2026-03-31 19:55:15'),
(4252, 2015, 3015, 'MAR', '08:00:00', '13:00:00', '14:00:00', '17:00:00', 1, '2026-03-31 19:55:15'),
(4253, 2015, 3015, 'MIE', '08:00:00', '13:00:00', '14:00:00', '17:00:00', 1, '2026-03-31 19:55:15'),
(4254, 2015, 3015, 'JUE', '08:00:00', '13:00:00', '14:00:00', '17:00:00', 1, '2026-03-31 19:55:15'),
(4255, 2015, 3015, 'VIE', '08:00:00', '13:00:00', '14:00:00', '17:00:00', 1, '2026-03-31 19:55:15'),
(4256, 2016, 3016, 'LUN', '08:00:00', '13:00:00', '14:00:00', '17:00:00', 1, '2026-03-31 19:55:15'),
(4257, 2016, 3016, 'MAR', '08:00:00', '13:00:00', '14:00:00', '17:00:00', 1, '2026-03-31 19:55:15'),
(4258, 2016, 3016, 'MIE', '08:00:00', '13:00:00', '14:00:00', '17:00:00', 1, '2026-03-31 19:55:15'),
(4259, 2016, 3016, 'JUE', '08:00:00', '13:00:00', '14:00:00', '17:00:00', 1, '2026-03-31 19:55:15'),
(4260, 2016, 3016, 'VIE', '08:00:00', '13:00:00', '14:00:00', '17:00:00', 1, '2026-03-31 19:55:15'),
(4261, 2017, 3017, 'LUN', '08:00:00', '13:00:00', '14:00:00', '17:00:00', 1, '2026-03-31 19:55:15'),
(4262, 2017, 3017, 'MAR', '08:00:00', '13:00:00', '14:00:00', '17:00:00', 1, '2026-03-31 19:55:15'),
(4263, 2017, 3017, 'MIE', '08:00:00', '13:00:00', '14:00:00', '17:00:00', 1, '2026-03-31 19:55:15'),
(4264, 2017, 3017, 'JUE', '08:00:00', '13:00:00', '14:00:00', '17:00:00', 1, '2026-03-31 19:55:15'),
(4265, 2017, 3017, 'VIE', '08:00:00', '13:00:00', '14:00:00', '17:00:00', 1, '2026-03-31 19:55:15'),
(4266, 2018, 3018, 'LUN', '08:00:00', '13:00:00', '14:00:00', '17:00:00', 1, '2026-03-31 19:55:15'),
(4267, 2018, 3018, 'MAR', '08:00:00', '13:00:00', '14:00:00', '17:00:00', 1, '2026-03-31 19:55:15'),
(4268, 2018, 3018, 'MIE', '08:00:00', '13:00:00', '14:00:00', '17:00:00', 1, '2026-03-31 19:55:15'),
(4269, 2018, 3018, 'JUE', '08:00:00', '13:00:00', '14:00:00', '17:00:00', 1, '2026-03-31 19:55:15'),
(4270, 2018, 3018, 'VIE', '08:00:00', '13:00:00', '14:00:00', '17:00:00', 1, '2026-03-31 19:55:15'),
(4271, 2019, 3019, 'LUN', '08:00:00', '13:00:00', '14:00:00', '17:00:00', 1, '2026-03-31 19:55:15'),
(4272, 2019, 3019, 'MAR', '08:00:00', '13:00:00', '14:00:00', '17:00:00', 1, '2026-03-31 19:55:15'),
(4273, 2019, 3019, 'MIE', '08:00:00', '13:00:00', '14:00:00', '17:00:00', 1, '2026-03-31 19:55:15'),
(4274, 2019, 3019, 'JUE', '08:00:00', '13:00:00', '14:00:00', '17:00:00', 1, '2026-03-31 19:55:15'),
(4275, 2019, 3019, 'VIE', '08:00:00', '13:00:00', '14:00:00', '17:00:00', 1, '2026-03-31 19:55:15'),
(4276, 2020, 3020, 'LUN', '08:00:00', '13:00:00', '14:00:00', '17:00:00', 1, '2026-03-31 19:55:15'),
(4277, 2020, 3020, 'MAR', '08:00:00', '13:00:00', '14:00:00', '17:00:00', 1, '2026-03-31 19:55:15'),
(4278, 2020, 3020, 'MIE', '08:00:00', '13:00:00', '14:00:00', '17:00:00', 1, '2026-03-31 19:55:15'),
(4279, 2020, 3020, 'JUE', '08:00:00', '13:00:00', '14:00:00', '17:00:00', 1, '2026-03-31 19:55:15'),
(4280, 2020, 3020, 'VIE', '08:00:00', '13:00:00', '14:00:00', '17:00:00', 1, '2026-03-31 19:55:15'),
(4281, 2021, 3021, 'LUN', '08:00:00', '13:00:00', '14:00:00', '17:00:00', 1, '2026-03-31 19:55:15'),
(4282, 2021, 3021, 'MAR', '08:00:00', '13:00:00', '14:00:00', '17:00:00', 1, '2026-03-31 19:55:15'),
(4283, 2021, 3021, 'MIE', '08:00:00', '13:00:00', '14:00:00', '17:00:00', 1, '2026-03-31 19:55:15'),
(4284, 2021, 3021, 'JUE', '08:00:00', '13:00:00', '14:00:00', '17:00:00', 1, '2026-03-31 19:55:15'),
(4285, 2021, 3021, 'VIE', '08:00:00', '13:00:00', '14:00:00', '17:00:00', 1, '2026-03-31 19:55:15'),
(4286, 2022, 3022, 'LUN', '08:00:00', '13:00:00', '14:00:00', '17:00:00', 1, '2026-03-31 19:55:15'),
(4287, 2022, 3022, 'MAR', '08:00:00', '13:00:00', '14:00:00', '17:00:00', 1, '2026-03-31 19:55:15'),
(4288, 2022, 3022, 'MIE', '08:00:00', '13:00:00', '14:00:00', '17:00:00', 1, '2026-03-31 19:55:15'),
(4289, 2022, 3022, 'JUE', '08:00:00', '13:00:00', '14:00:00', '17:00:00', 1, '2026-03-31 19:55:15'),
(4290, 2022, 3022, 'VIE', '08:00:00', '13:00:00', '14:00:00', '17:00:00', 1, '2026-03-31 19:55:15'),
(4291, 2023, 3023, 'LUN', '08:00:00', '13:00:00', '14:00:00', '17:00:00', 1, '2026-03-31 19:55:15'),
(4292, 2023, 3023, 'MAR', '08:00:00', '13:00:00', '14:00:00', '17:00:00', 1, '2026-03-31 19:55:15'),
(4293, 2023, 3023, 'MIE', '08:00:00', '13:00:00', '14:00:00', '17:00:00', 1, '2026-03-31 19:55:15'),
(4294, 2023, 3023, 'JUE', '08:00:00', '13:00:00', '14:00:00', '17:00:00', 1, '2026-03-31 19:55:15'),
(4295, 2023, 3023, 'VIE', '08:00:00', '13:00:00', '14:00:00', '17:00:00', 1, '2026-03-31 19:55:15'),
(4296, 2024, 3024, 'LUN', '08:00:00', '13:00:00', '14:00:00', '17:00:00', 1, '2026-03-31 19:55:15'),
(4297, 2024, 3024, 'MAR', '08:00:00', '13:00:00', '14:00:00', '17:00:00', 1, '2026-03-31 19:55:15'),
(4298, 2024, 3024, 'MIE', '08:00:00', '13:00:00', '14:00:00', '17:00:00', 1, '2026-03-31 19:55:15'),
(4299, 2024, 3024, 'JUE', '08:00:00', '13:00:00', '14:00:00', '17:00:00', 1, '2026-03-31 19:55:15'),
(4300, 2024, 3024, 'VIE', '08:00:00', '13:00:00', '14:00:00', '17:00:00', 1, '2026-03-31 19:55:15'),
(4301, 2025, 3025, 'LUN', '08:00:00', '13:00:00', '14:00:00', '17:00:00', 1, '2026-03-31 19:55:15'),
(4302, 2025, 3025, 'MAR', '08:00:00', '13:00:00', '14:00:00', '17:00:00', 1, '2026-03-31 19:55:15'),
(4303, 2025, 3025, 'MIE', '08:00:00', '13:00:00', '14:00:00', '17:00:00', 1, '2026-03-31 19:55:15'),
(4304, 2025, 3025, 'JUE', '08:00:00', '13:00:00', '14:00:00', '17:00:00', 1, '2026-03-31 19:55:15'),
(4305, 2025, 3025, 'VIE', '08:00:00', '13:00:00', '14:00:00', '17:00:00', 1, '2026-03-31 19:55:15'),
(4306, 2026, 3026, 'LUN', '08:00:00', '13:00:00', '14:00:00', '17:00:00', 1, '2026-03-31 19:55:15'),
(4307, 2026, 3026, 'MAR', '08:00:00', '13:00:00', '14:00:00', '17:00:00', 1, '2026-03-31 19:55:15'),
(4308, 2026, 3026, 'MIE', '08:00:00', '13:00:00', '14:00:00', '17:00:00', 1, '2026-03-31 19:55:15'),
(4309, 2026, 3026, 'JUE', '08:00:00', '13:00:00', '14:00:00', '17:00:00', 1, '2026-03-31 19:55:15'),
(4310, 2026, 3026, 'VIE', '08:00:00', '13:00:00', '14:00:00', '17:00:00', 1, '2026-03-31 19:55:15'),
(4311, 2027, 3027, 'LUN', '08:00:00', '13:00:00', '14:00:00', '17:00:00', 1, '2026-03-31 19:55:15'),
(4312, 2027, 3027, 'MAR', '08:00:00', '13:00:00', '14:00:00', '17:00:00', 1, '2026-03-31 19:55:15'),
(4313, 2027, 3027, 'MIE', '08:00:00', '13:00:00', '14:00:00', '17:00:00', 1, '2026-03-31 19:55:15'),
(4314, 2027, 3027, 'JUE', '08:00:00', '13:00:00', '14:00:00', '17:00:00', 1, '2026-03-31 19:55:15'),
(4315, 2027, 3027, 'VIE', '08:00:00', '13:00:00', '14:00:00', '17:00:00', 1, '2026-03-31 19:55:15'),
(4316, 2028, 3028, 'LUN', '08:00:00', '13:00:00', '14:00:00', '17:00:00', 1, '2026-03-31 19:55:15'),
(4317, 2028, 3028, 'MAR', '08:00:00', '13:00:00', '14:00:00', '17:00:00', 1, '2026-03-31 19:55:15'),
(4318, 2028, 3028, 'MIE', '08:00:00', '13:00:00', '14:00:00', '17:00:00', 1, '2026-03-31 19:55:15'),
(4319, 2028, 3028, 'JUE', '08:00:00', '13:00:00', '14:00:00', '17:00:00', 1, '2026-03-31 19:55:15'),
(4320, 2028, 3028, 'VIE', '08:00:00', '13:00:00', '14:00:00', '17:00:00', 1, '2026-03-31 19:55:15'),
(4321, 2029, 3029, 'LUN', '08:00:00', '13:00:00', '14:00:00', '17:00:00', 1, '2026-03-31 19:55:15'),
(4322, 2029, 3029, 'MAR', '08:00:00', '13:00:00', '14:00:00', '17:00:00', 1, '2026-03-31 19:55:15'),
(4323, 2029, 3029, 'MIE', '08:00:00', '13:00:00', '14:00:00', '17:00:00', 1, '2026-03-31 19:55:15'),
(4324, 2029, 3029, 'JUE', '08:00:00', '13:00:00', '14:00:00', '17:00:00', 1, '2026-03-31 19:55:15'),
(4325, 2029, 3029, 'VIE', '08:00:00', '13:00:00', '14:00:00', '17:00:00', 1, '2026-03-31 19:55:15'),
(4326, 2030, 3030, 'LUN', '08:00:00', '13:00:00', '14:00:00', '17:00:00', 1, '2026-03-31 19:55:15'),
(4327, 2030, 3030, 'MAR', '08:00:00', '13:00:00', '14:00:00', '17:00:00', 1, '2026-03-31 19:55:15'),
(4328, 2030, 3030, 'MIE', '08:00:00', '13:00:00', '14:00:00', '17:00:00', 1, '2026-03-31 19:55:15'),
(4329, 2030, 3030, 'JUE', '08:00:00', '13:00:00', '14:00:00', '17:00:00', 1, '2026-03-31 19:55:15'),
(4330, 2030, 3030, 'VIE', '08:00:00', '13:00:00', '14:00:00', '17:00:00', 1, '2026-03-31 19:55:15'),
(4331, 2031, 3031, 'LUN', '08:00:00', '13:00:00', '14:00:00', '17:00:00', 1, '2026-03-31 19:55:15'),
(4332, 2031, 3031, 'MAR', '08:00:00', '13:00:00', '14:00:00', '17:00:00', 1, '2026-03-31 19:55:15'),
(4333, 2031, 3031, 'MIE', '08:00:00', '13:00:00', '14:00:00', '17:00:00', 1, '2026-03-31 19:55:15'),
(4334, 2031, 3031, 'JUE', '08:00:00', '13:00:00', '14:00:00', '17:00:00', 1, '2026-03-31 19:55:15'),
(4335, 2031, 3031, 'VIE', '08:00:00', '13:00:00', '14:00:00', '17:00:00', 1, '2026-03-31 19:55:15'),
(4336, 2032, 3032, 'LUN', '08:00:00', '13:00:00', '14:00:00', '17:00:00', 1, '2026-03-31 19:55:15'),
(4337, 2032, 3032, 'MAR', '08:00:00', '13:00:00', '14:00:00', '17:00:00', 1, '2026-03-31 19:55:15'),
(4338, 2032, 3032, 'MIE', '08:00:00', '13:00:00', '14:00:00', '17:00:00', 1, '2026-03-31 19:55:15'),
(4339, 2032, 3032, 'JUE', '08:00:00', '13:00:00', '14:00:00', '17:00:00', 1, '2026-03-31 19:55:15'),
(4340, 2032, 3032, 'VIE', '08:00:00', '13:00:00', '14:00:00', '17:00:00', 1, '2026-03-31 19:55:15'),
(4341, 2033, 3033, 'LUN', '08:00:00', '13:00:00', '14:00:00', '17:00:00', 1, '2026-03-31 19:55:15'),
(4342, 2033, 3033, 'MAR', '08:00:00', '13:00:00', '14:00:00', '17:00:00', 1, '2026-03-31 19:55:15'),
(4343, 2033, 3033, 'MIE', '08:00:00', '13:00:00', '14:00:00', '17:00:00', 1, '2026-03-31 19:55:15'),
(4344, 2033, 3033, 'JUE', '08:00:00', '13:00:00', '14:00:00', '17:00:00', 1, '2026-03-31 19:55:15'),
(4345, 2033, 3033, 'VIE', '08:00:00', '13:00:00', '14:00:00', '17:00:00', 1, '2026-03-31 19:55:15'),
(4346, 2034, 3034, 'LUN', '08:00:00', '13:00:00', '14:00:00', '17:00:00', 1, '2026-03-31 19:55:15'),
(4347, 2034, 3034, 'MAR', '08:00:00', '13:00:00', '14:00:00', '17:00:00', 1, '2026-03-31 19:55:15'),
(4348, 2034, 3034, 'MIE', '08:00:00', '13:00:00', '14:00:00', '17:00:00', 1, '2026-03-31 19:55:15'),
(4349, 2034, 3034, 'JUE', '08:00:00', '13:00:00', '14:00:00', '17:00:00', 1, '2026-03-31 19:55:15'),
(4350, 2034, 3034, 'VIE', '08:00:00', '13:00:00', '14:00:00', '17:00:00', 1, '2026-03-31 19:55:15'),
(4351, 2035, 3035, 'LUN', '08:00:00', '13:00:00', '14:00:00', '17:00:00', 1, '2026-03-31 19:55:15'),
(4352, 2035, 3035, 'MAR', '08:00:00', '13:00:00', '14:00:00', '17:00:00', 1, '2026-03-31 19:55:15'),
(4353, 2035, 3035, 'MIE', '08:00:00', '13:00:00', '14:00:00', '17:00:00', 1, '2026-03-31 19:55:15'),
(4354, 2035, 3035, 'JUE', '08:00:00', '13:00:00', '14:00:00', '17:00:00', 1, '2026-03-31 19:55:15'),
(4355, 2035, 3035, 'VIE', '08:00:00', '13:00:00', '14:00:00', '17:00:00', 1, '2026-03-31 19:55:15'),
(4356, 2036, 3036, 'LUN', '08:00:00', '13:00:00', '14:00:00', '17:00:00', 1, '2026-03-31 19:55:15'),
(4357, 2036, 3036, 'MAR', '08:00:00', '13:00:00', '14:00:00', '17:00:00', 1, '2026-03-31 19:55:15'),
(4358, 2036, 3036, 'MIE', '08:00:00', '13:00:00', '14:00:00', '17:00:00', 1, '2026-03-31 19:55:15'),
(4359, 2036, 3036, 'JUE', '08:00:00', '13:00:00', '14:00:00', '17:00:00', 1, '2026-03-31 19:55:15'),
(4360, 2036, 3036, 'VIE', '08:00:00', '13:00:00', '14:00:00', '17:00:00', 1, '2026-03-31 19:55:15'),
(4361, 2037, 3037, 'LUN', '08:00:00', '13:00:00', '14:00:00', '17:00:00', 1, '2026-03-31 19:55:15'),
(4362, 2037, 3037, 'MAR', '08:00:00', '13:00:00', '14:00:00', '17:00:00', 1, '2026-03-31 19:55:15'),
(4363, 2037, 3037, 'MIE', '08:00:00', '13:00:00', '14:00:00', '17:00:00', 1, '2026-03-31 19:55:15'),
(4364, 2037, 3037, 'JUE', '08:00:00', '13:00:00', '14:00:00', '17:00:00', 1, '2026-03-31 19:55:15'),
(4365, 2037, 3037, 'VIE', '08:00:00', '13:00:00', '14:00:00', '17:00:00', 1, '2026-03-31 19:55:15'),
(4366, 2038, 3038, 'LUN', '08:00:00', '13:00:00', '14:00:00', '17:00:00', 1, '2026-03-31 19:55:15'),
(4367, 2038, 3038, 'MAR', '08:00:00', '13:00:00', '14:00:00', '17:00:00', 1, '2026-03-31 19:55:15'),
(4368, 2038, 3038, 'MIE', '08:00:00', '13:00:00', '14:00:00', '17:00:00', 1, '2026-03-31 19:55:15'),
(4369, 2038, 3038, 'JUE', '08:00:00', '13:00:00', '14:00:00', '17:00:00', 1, '2026-03-31 19:55:15'),
(4370, 2038, 3038, 'VIE', '08:00:00', '13:00:00', '14:00:00', '17:00:00', 1, '2026-03-31 19:55:15'),
(4371, 2039, 3039, 'LUN', '08:00:00', '13:00:00', '14:00:00', '17:00:00', 1, '2026-03-31 19:55:15'),
(4372, 2039, 3039, 'MAR', '08:00:00', '13:00:00', '14:00:00', '17:00:00', 1, '2026-03-31 19:55:15'),
(4373, 2039, 3039, 'MIE', '08:00:00', '13:00:00', '14:00:00', '17:00:00', 1, '2026-03-31 19:55:15'),
(4374, 2039, 3039, 'JUE', '08:00:00', '13:00:00', '14:00:00', '17:00:00', 1, '2026-03-31 19:55:15'),
(4375, 2039, 3039, 'VIE', '08:00:00', '13:00:00', '14:00:00', '17:00:00', 1, '2026-03-31 19:55:15'),
(4376, 2040, 3040, 'LUN', '08:00:00', '13:00:00', '14:00:00', '17:00:00', 1, '2026-03-31 19:55:15'),
(4377, 2040, 3040, 'MAR', '08:00:00', '13:00:00', '14:00:00', '17:00:00', 1, '2026-03-31 19:55:15'),
(4378, 2040, 3040, 'MIE', '08:00:00', '13:00:00', '14:00:00', '17:00:00', 1, '2026-03-31 19:55:15'),
(4379, 2040, 3040, 'JUE', '08:00:00', '13:00:00', '14:00:00', '17:00:00', 1, '2026-03-31 19:55:15'),
(4380, 2040, 3040, 'VIE', '08:00:00', '13:00:00', '14:00:00', '17:00:00', 1, '2026-03-31 19:55:15'),
(4445, 2041, 3041, 'VIE', '08:00:00', '13:00:00', '13:00:00', '13:00:00', 1, '2026-04-01 01:50:18'),
(4444, 2041, 3041, 'JUE', '08:00:00', '13:00:00', '14:00:00', '18:00:00', 1, '2026-04-01 01:50:18'),
(4443, 2041, 3041, 'MIE', '08:00:00', '13:00:00', '14:00:00', '17:00:00', 1, '2026-04-01 01:50:18'),
(4442, 2041, 3041, 'MAR', '08:00:00', '13:00:00', '14:00:00', '18:00:00', 1, '2026-04-01 01:50:18'),
(4441, 2041, 3041, 'LUN', '08:00:00', '13:00:00', '14:00:00', '18:00:00', 1, '2026-04-01 01:50:18'),
(4446, 2042, 3042, 'LUN', '09:00:00', '16:00:00', '16:00:00', '18:00:00', 1, '2026-04-01 02:02:11'),
(4447, 2042, 3042, 'MAR', '09:00:00', '16:00:00', '16:00:00', '18:00:00', 1, '2026-04-01 02:02:11'),
(4448, 2042, 3042, 'MIE', '09:00:00', '16:00:00', '16:00:00', '18:00:00', 1, '2026-04-01 02:02:11'),
(4449, 2042, 3042, 'JUE', '09:00:00', '16:00:00', '16:00:00', '18:00:00', 1, '2026-04-01 02:02:11'),
(4450, 2042, 3042, 'VIE', '09:00:00', '16:00:00', '16:00:00', '18:00:00', 1, '2026-04-01 02:02:11');

-- --------------------------------------------------------

--
-- Estructura de tabla para la tabla `menus`
--

CREATE TABLE `menus` (
  `id_menu` int(11) NOT NULL,
  `codigo` varchar(50) NOT NULL,
  `nombre` varchar(100) NOT NULL,
  `ruta` varchar(255) NOT NULL,
  `icono` varchar(100) DEFAULT NULL,
  `orden` int(11) NOT NULL DEFAULT 0,
  `estado` tinyint(4) NOT NULL DEFAULT 1,
  `created_at` timestamp NOT NULL DEFAULT current_timestamp(),
  `updated_at` timestamp NOT NULL DEFAULT current_timestamp()
) ENGINE=InnoDB DEFAULT CHARSET=utf8mb4 COLLATE=utf8mb4_general_ci;

--
-- Volcado de datos para la tabla `menus`
--

INSERT INTO `menus` (`id_menu`, `codigo`, `nombre`, `ruta`, `icono`, `orden`, `estado`, `created_at`, `updated_at`) VALUES
(1, 'empleados', 'Empleados', 'index.php', 'bi-people-fill', 10, 1, '2026-03-11 03:48:56', '2026-03-11 03:48:56'),
(2, 'graficos', 'Graficos', 'grafico.php', 'bi-bar-chart-fill', 20, 1, '2026-03-11 03:48:56', '2026-03-11 03:48:56'),
(3, 'usuarios', 'Usuarios', 'usuarios.php', 'bi-person-plus-fill', 30, 1, '2026-03-11 03:48:56', '2026-03-11 03:48:56');

-- --------------------------------------------------------

--
-- Estructura de tabla para la tabla `menu_v`
--

CREATE TABLE `menu_v` (
  `id_menu` int(11) NOT NULL,
  `codigo` varchar(50) NOT NULL,
  `nombre` varchar(100) NOT NULL,
  `url` varchar(255) NOT NULL,
  `icono` varchar(100) DEFAULT NULL,
  `descripcion` varchar(255) DEFAULT NULL,
  `orden` int(11) NOT NULL DEFAULT 0,
  `visible` tinyint(4) NOT NULL DEFAULT 1,
  `created_at` timestamp NOT NULL DEFAULT current_timestamp(),
  `updated_at` timestamp NOT NULL DEFAULT current_timestamp()
) ENGINE=InnoDB DEFAULT CHARSET=utf8mb4 COLLATE=utf8mb4_general_ci;

--
-- Volcado de datos para la tabla `menu_v`
--

INSERT INTO `menu_v` (`id_menu`, `codigo`, `nombre`, `url`, `icono`, `descripcion`, `orden`, `visible`, `created_at`, `updated_at`) VALUES
(1, 'empleados', 'Empleados', 'index.php', 'bi-people-fill', 'Modulo principal de empleados', 10, 1, '2026-03-11 03:54:40', '2026-03-11 03:54:40'),
(2, 'graficos', 'Graficos', 'grafico.php', 'bi-bar-chart-fill', 'Graficos y reportes', 20, 1, '2026-03-11 03:54:40', '2026-03-11 03:54:40'),
(3, 'usuarios', 'Usuarios', 'usuarios.php', 'bi-person-plus-fill', 'Administracion de usuarios', 30, 1, '2026-03-11 03:54:40', '2026-03-11 03:54:40');

-- --------------------------------------------------------

--
-- Estructura de tabla para la tabla `roles`
--

CREATE TABLE `roles` (
  `id_rol` int(11) NOT NULL,
  `codigo` varchar(40) NOT NULL,
  `nombre` varchar(80) NOT NULL,
  `descripcion` varchar(200) DEFAULT NULL
) ENGINE=InnoDB DEFAULT CHARSET=utf8mb4 COLLATE=utf8mb4_general_ci;

--
-- Volcado de datos para la tabla `roles`
--

INSERT INTO `roles` (`id_rol`, `codigo`, `nombre`, `descripcion`) VALUES
(1, 'SUPER_ADMIN', 'Super Administrador', 'Acceso total a todos los colegios'),
(2, 'ADMIN_HORAS', 'Administrador de Horas colegio', 'Gestiona horas del colegio asignado');

-- --------------------------------------------------------

--
-- Estructura de tabla para la tabla `usuarios`
--

CREATE TABLE `usuarios` (
  `id_usuario` int(11) NOT NULL,
  `identificador` varchar(60) NOT NULL,
  `email` varchar(150) NOT NULL,
  `clave_hash` varchar(255) NOT NULL,
  `nombre` varchar(80) NOT NULL,
  `apellido_paterno` varchar(80) NOT NULL,
  `apellido_materno` varchar(80) DEFAULT NULL,
  `run` varchar(20) DEFAULT NULL,
  `telefono` varchar(25) DEFAULT NULL,
  `id_colegio` int(11) DEFAULT NULL,
  `token_reinicio` varchar(255) DEFAULT NULL,
  `token_reinicio_expira` datetime DEFAULT NULL,
  `estado` tinyint(4) NOT NULL DEFAULT 1,
  `intentos` int(11) NOT NULL DEFAULT 0,
  `ultimo_login` datetime DEFAULT NULL,
  `created_at` datetime NOT NULL DEFAULT current_timestamp(),
  `updated_at` datetime DEFAULT NULL
) ENGINE=InnoDB DEFAULT CHARSET=utf8mb3 COLLATE=utf8mb3_general_ci;

--
-- Volcado de datos para la tabla `usuarios`
--

INSERT INTO `usuarios` (`id_usuario`, `identificador`, `email`, `clave_hash`, `nombre`, `apellido_paterno`, `apellido_materno`, `run`, `telefono`, `id_colegio`, `token_reinicio`, `token_reinicio_expira`, `estado`, `intentos`, `ultimo_login`, `created_at`, `updated_at`) VALUES
(1, 'mgutierrez', 'mgutierrez@seduc.cl', '123456', 'Manuel', 'Gutierrez', 'Gutierrez', NULL, NULL, 15, NULL, NULL, 1, 0, '2026-03-11 09:42:21', '2026-02-12 12:34:20', '2026-03-11 09:42:21'),
(2, 'cjorquera', 'cjorquera@seduc.cl', '123456', 'Cristian', 'Jorquera', 'Gonzalez', NULL, NULL, 15, NULL, '2026-04-04 14:42:07', 1, 0, '2026-04-06 10:15:15', '2026-02-12 12:34:20', '2026-04-01 14:42:07'),
(3, 'roliva', 'roliva@seduc.cl', '123456', 'Ramon', 'Oliva', 'Zenteno', NULL, NULL, 15, NULL, NULL, 1, 0, '2026-03-10 22:08:01', '2026-02-12 12:34:20', '2026-03-10 22:08:01'),
(4, 'arojas', 'arojas@seduc.cl', '123456', 'Alejandro', 'Rojas', 'Schweitzer', NULL, NULL, 15, NULL, NULL, 1, 0, '2026-03-31 15:27:17', '2026-02-12 12:34:20', '2026-03-31 15:27:17'),
(5, 'fvalenzuela', 'fvalenzuela@seduc.cl', '123456', 'Francisco ', 'Valenzuela', 'Valenzuela', NULL, NULL, 1, NULL, NULL, 1, 0, '2026-04-06 10:10:26', '2026-03-02 08:50:25', '2026-03-31 15:45:34'),
(25, 'fvalenzuela1', 'fvalenzuelaopazo@gmail.com', '12345678', 'Francisco', 'Valenzuela', 'opazo', NULL, '988302735', 8, NULL, NULL, 1, 0, '2026-04-01 14:26:38', '2026-04-01 14:21:40', '2026-04-01 14:25:15'),
(28, 'cjorquera1', 'cm.jorquerag@gmail.com', '12345678', 'Cristian', 'jorquera', 'gonzalex', '1642344-0', '988302735', 1, NULL, NULL, 1, 0, '2026-04-06 10:03:47', '2026-04-06 09:59:13', '2026-04-06 10:03:16');

-- --------------------------------------------------------

--
-- Estructura de tabla para la tabla `usuario_menu`
--

CREATE TABLE `usuario_menu` (
  `id_usuario_menu` int(11) NOT NULL,
  `id_usuario` int(11) NOT NULL,
  `id_menu` int(11) NOT NULL,
  `permitido` tinyint(4) NOT NULL DEFAULT 1,
  `created_at` timestamp NOT NULL DEFAULT current_timestamp(),
  `updated_at` timestamp NOT NULL DEFAULT current_timestamp()
) ENGINE=InnoDB DEFAULT CHARSET=utf8mb4 COLLATE=utf8mb4_general_ci;

--
-- Volcado de datos para la tabla `usuario_menu`
--

INSERT INTO `usuario_menu` (`id_usuario_menu`, `id_usuario`, `id_menu`, `permitido`, `created_at`, `updated_at`) VALUES
(1, 4, 1, 1, '2026-03-11 03:48:56', '2026-03-11 03:48:56'),
(2, 4, 2, 1, '2026-03-11 03:48:56', '2026-03-11 03:48:56'),
(3, 2, 1, 1, '2026-03-11 03:48:56', '2026-03-11 03:48:56'),
(4, 2, 2, 1, '2026-03-11 03:48:56', '2026-03-11 03:48:56'),
(5, 5, 1, 1, '2026-03-11 03:48:56', '2026-03-11 03:48:56'),
(6, 5, 2, 1, '2026-03-11 03:48:56', '2026-03-11 03:48:56'),
(7, 1, 1, 1, '2026-03-11 03:48:56', '2026-03-11 03:48:56'),
(8, 1, 2, 1, '2026-03-11 03:48:56', '2026-03-11 03:48:56'),
(9, 3, 1, 1, '2026-03-11 03:48:56', '2026-03-11 03:48:56'),
(10, 3, 2, 1, '2026-03-11 03:48:56', '2026-03-11 03:48:56'),
(11, 15, 1, 1, '2026-03-31 21:38:19', '2026-03-31 21:38:19'),
(12, 15, 2, 1, '2026-03-31 21:38:19', '2026-03-31 21:38:19'),
(13, 15, 3, 0, '2026-03-31 21:38:19', '2026-03-31 21:38:19'),
(14, 15, 4, 1, '2026-03-31 21:38:19', '2026-03-31 21:38:19'),
(17, 18, 1, 1, '2026-03-31 21:38:19', '2026-03-31 21:38:19'),
(18, 18, 2, 1, '2026-03-31 21:38:19', '2026-03-31 21:38:19'),
(19, 18, 3, 0, '2026-03-31 21:38:19', '2026-03-31 21:38:19'),
(20, 18, 4, 1, '2026-03-31 21:38:19', '2026-03-31 21:38:19'),
(23, 19, 1, 1, '2026-03-31 21:38:19', '2026-03-31 21:38:19'),
(24, 19, 2, 1, '2026-03-31 21:38:19', '2026-03-31 21:38:19'),
(25, 19, 3, 0, '2026-03-31 21:38:19', '2026-03-31 21:38:19'),
(26, 19, 4, 1, '2026-03-31 21:38:19', '2026-03-31 21:38:19'),
(29, 20, 1, 1, '2026-03-31 21:38:19', '2026-03-31 21:38:19'),
(30, 20, 2, 1, '2026-03-31 21:38:19', '2026-03-31 21:38:19'),
(31, 20, 3, 0, '2026-03-31 21:38:19', '2026-03-31 21:38:19'),
(32, 20, 4, 1, '2026-03-31 21:38:19', '2026-03-31 21:38:19'),
(35, 21, 1, 1, '2026-03-31 21:38:19', '2026-03-31 21:38:19'),
(36, 21, 2, 1, '2026-03-31 21:38:19', '2026-03-31 21:38:19'),
(37, 21, 3, 0, '2026-03-31 21:38:19', '2026-03-31 21:38:19'),
(38, 21, 4, 1, '2026-03-31 21:38:19', '2026-03-31 21:38:19'),
(41, 22, 1, 1, '2026-03-31 21:38:19', '2026-03-31 21:38:19'),
(42, 22, 2, 1, '2026-03-31 21:38:19', '2026-03-31 21:38:19'),
(43, 22, 3, 0, '2026-03-31 21:38:19', '2026-03-31 21:38:19'),
(44, 22, 4, 1, '2026-03-31 21:38:19', '2026-03-31 21:38:19'),
(47, 16, 1, 1, '2026-03-31 21:38:19', '2026-03-31 21:38:19'),
(48, 16, 2, 1, '2026-03-31 21:38:19', '2026-03-31 21:38:19'),
(49, 16, 3, 0, '2026-03-31 21:38:19', '2026-03-31 21:38:19'),
(50, 16, 4, 1, '2026-03-31 21:38:19', '2026-03-31 21:38:19'),
(53, 17, 1, 1, '2026-03-31 21:38:19', '2026-03-31 21:38:19'),
(54, 17, 2, 1, '2026-03-31 21:38:19', '2026-03-31 21:38:19'),
(55, 17, 3, 0, '2026-03-31 21:38:19', '2026-03-31 21:38:19'),
(56, 17, 4, 1, '2026-03-31 21:38:19', '2026-03-31 21:38:19'),
(59, 4, 3, 0, '2026-03-31 21:38:19', '2026-03-31 21:38:19'),
(60, 4, 4, 1, '2026-03-31 21:38:19', '2026-03-31 21:38:19'),
(63, 2, 3, 1, '2026-03-31 21:38:19', '2026-03-31 21:38:19'),
(64, 2, 4, 1, '2026-03-31 21:38:19', '2026-03-31 21:38:19'),
(67, 5, 3, 1, '2026-03-31 21:38:19', '2026-03-31 21:38:19'),
(68, 5, 4, 1, '2026-03-31 21:38:19', '2026-03-31 21:38:19'),
(71, 14, 1, 1, '2026-03-31 21:38:19', '2026-03-31 21:38:19'),
(72, 14, 2, 1, '2026-03-31 21:38:19', '2026-03-31 21:38:19'),
(73, 14, 3, 0, '2026-03-31 21:38:19', '2026-03-31 21:38:19'),
(74, 14, 4, 1, '2026-03-31 21:38:19', '2026-03-31 21:38:19'),
(77, 1, 3, 0, '2026-03-31 21:38:19', '2026-03-31 21:38:19'),
(78, 1, 4, 1, '2026-03-31 21:38:19', '2026-03-31 21:38:19'),
(81, 3, 3, 0, '2026-03-31 21:38:19', '2026-03-31 21:38:19'),
(82, 3, 4, 1, '2026-03-31 21:38:19', '2026-03-31 21:38:19'),
(140, 15, 9, 0, '2026-03-31 21:38:21', '2026-03-31 21:38:21'),
(143, 18, 9, 0, '2026-03-31 21:38:21', '2026-03-31 21:38:21'),
(146, 19, 9, 0, '2026-03-31 21:38:21', '2026-03-31 21:38:21'),
(149, 20, 9, 0, '2026-03-31 21:38:21', '2026-03-31 21:38:21'),
(152, 21, 9, 0, '2026-03-31 21:38:21', '2026-03-31 21:38:21'),
(155, 22, 9, 0, '2026-03-31 21:38:21', '2026-03-31 21:38:21'),
(158, 16, 9, 0, '2026-03-31 21:38:21', '2026-03-31 21:38:21'),
(161, 17, 9, 0, '2026-03-31 21:38:21', '2026-03-31 21:38:21'),
(164, 4, 9, 0, '2026-03-31 21:38:21', '2026-03-31 21:38:21'),
(167, 2, 9, 1, '2026-03-31 21:38:21', '2026-03-31 21:38:21'),
(170, 5, 9, 1, '2026-03-31 21:38:21', '2026-03-31 21:38:21'),
(173, 14, 9, 0, '2026-03-31 21:38:21', '2026-03-31 21:38:21'),
(176, 1, 9, 0, '2026-03-31 21:38:21', '2026-03-31 21:38:21'),
(179, 3, 9, 0, '2026-03-31 21:38:21', '2026-03-31 21:38:21'),
(201, 15, 10, 1, '2026-03-31 21:38:24', '2026-03-31 21:38:24'),
(202, 15, 11, 1, '2026-03-31 21:38:24', '2026-03-31 21:38:24'),
(203, 15, 12, 0, '2026-03-31 21:38:24', '2026-03-31 21:38:24'),
(204, 18, 10, 1, '2026-03-31 21:38:24', '2026-03-31 21:38:24'),
(205, 18, 11, 1, '2026-03-31 21:38:24', '2026-03-31 21:38:24'),
(206, 18, 12, 0, '2026-03-31 21:38:24', '2026-03-31 21:38:24'),
(207, 19, 10, 1, '2026-03-31 21:38:24', '2026-03-31 21:38:24'),
(208, 19, 11, 1, '2026-03-31 21:38:24', '2026-03-31 21:38:24'),
(209, 19, 12, 0, '2026-03-31 21:38:24', '2026-03-31 21:38:24'),
(210, 20, 10, 1, '2026-03-31 21:38:24', '2026-03-31 21:38:24'),
(211, 20, 11, 1, '2026-03-31 21:38:24', '2026-03-31 21:38:24'),
(212, 20, 12, 0, '2026-03-31 21:38:24', '2026-03-31 21:38:24'),
(213, 21, 10, 1, '2026-03-31 21:38:24', '2026-03-31 21:38:24'),
(214, 21, 11, 1, '2026-03-31 21:38:24', '2026-03-31 21:38:24'),
(215, 21, 12, 0, '2026-03-31 21:38:24', '2026-03-31 21:38:24'),
(216, 22, 10, 1, '2026-03-31 21:38:24', '2026-03-31 21:38:24'),
(217, 22, 11, 1, '2026-03-31 21:38:24', '2026-03-31 21:38:24'),
(218, 22, 12, 0, '2026-03-31 21:38:24', '2026-03-31 21:38:24'),
(219, 16, 10, 1, '2026-03-31 21:38:24', '2026-03-31 21:38:24'),
(220, 16, 11, 1, '2026-03-31 21:38:24', '2026-03-31 21:38:24'),
(221, 16, 12, 0, '2026-03-31 21:38:24', '2026-03-31 21:38:24'),
(222, 17, 10, 1, '2026-03-31 21:38:24', '2026-03-31 21:38:24'),
(223, 17, 11, 1, '2026-03-31 21:38:24', '2026-03-31 21:38:24'),
(224, 17, 12, 0, '2026-03-31 21:38:24', '2026-03-31 21:38:24'),
(225, 4, 10, 1, '2026-03-31 21:38:24', '2026-03-31 21:38:24'),
(226, 4, 11, 1, '2026-03-31 21:38:24', '2026-03-31 21:38:24'),
(227, 4, 12, 0, '2026-03-31 21:38:24', '2026-03-31 21:38:24'),
(228, 2, 10, 1, '2026-03-31 21:38:24', '2026-03-31 21:38:24'),
(229, 2, 11, 1, '2026-03-31 21:38:24', '2026-03-31 21:38:24'),
(230, 2, 12, 1, '2026-03-31 21:38:24', '2026-03-31 21:38:24'),
(231, 5, 10, 1, '2026-03-31 21:38:24', '2026-03-31 21:38:24'),
(232, 5, 11, 1, '2026-03-31 21:38:24', '2026-03-31 21:38:24'),
(233, 5, 12, 1, '2026-03-31 21:38:24', '2026-03-31 21:38:24'),
(234, 14, 10, 1, '2026-03-31 21:38:24', '2026-03-31 21:38:24'),
(235, 14, 11, 1, '2026-03-31 21:38:24', '2026-03-31 21:38:24'),
(236, 14, 12, 0, '2026-03-31 21:38:24', '2026-03-31 21:38:24'),
(237, 1, 10, 1, '2026-03-31 21:38:24', '2026-03-31 21:38:24'),
(238, 1, 11, 1, '2026-03-31 21:38:24', '2026-03-31 21:38:24'),
(239, 1, 12, 0, '2026-03-31 21:38:24', '2026-03-31 21:38:24'),
(240, 3, 10, 1, '2026-03-31 21:38:24', '2026-03-31 21:38:24'),
(241, 3, 11, 1, '2026-03-31 21:38:24', '2026-03-31 21:38:24'),
(242, 3, 12, 0, '2026-03-31 21:38:24', '2026-03-31 21:38:24'),
(264, 15, 13, 1, '2026-03-31 21:38:35', '2026-03-31 21:38:35'),
(265, 18, 13, 1, '2026-03-31 21:38:35', '2026-03-31 21:38:35'),
(266, 19, 13, 1, '2026-03-31 21:38:35', '2026-03-31 21:38:35'),
(267, 20, 13, 1, '2026-03-31 21:38:35', '2026-03-31 21:38:35'),
(268, 21, 13, 1, '2026-03-31 21:38:35', '2026-03-31 21:38:35'),
(269, 22, 13, 1, '2026-03-31 21:38:35', '2026-03-31 21:38:35'),
(270, 16, 13, 1, '2026-03-31 21:38:35', '2026-03-31 21:38:35'),
(271, 17, 13, 1, '2026-03-31 21:38:35', '2026-03-31 21:38:35'),
(272, 4, 13, 1, '2026-03-31 21:38:35', '2026-03-31 21:38:35'),
(273, 2, 13, 1, '2026-03-31 21:38:35', '2026-03-31 21:38:35'),
(274, 5, 13, 1, '2026-03-31 21:38:35', '2026-03-31 21:38:35'),
(275, 14, 13, 1, '2026-03-31 21:38:35', '2026-03-31 21:38:35'),
(276, 1, 13, 1, '2026-03-31 21:38:35', '2026-03-31 21:38:35'),
(277, 3, 13, 1, '2026-03-31 21:38:35', '2026-03-31 21:38:35'),
(278, 15, 14, 1, '2026-03-31 21:38:35', '2026-03-31 21:38:35'),
(279, 18, 14, 1, '2026-03-31 21:38:35', '2026-03-31 21:38:35'),
(280, 19, 14, 1, '2026-03-31 21:38:35', '2026-03-31 21:38:35'),
(281, 20, 14, 1, '2026-03-31 21:38:35', '2026-03-31 21:38:35'),
(282, 21, 14, 1, '2026-03-31 21:38:35', '2026-03-31 21:38:35'),
(283, 22, 14, 1, '2026-03-31 21:38:35', '2026-03-31 21:38:35'),
(284, 16, 14, 1, '2026-03-31 21:38:35', '2026-03-31 21:38:35'),
(285, 17, 14, 1, '2026-03-31 21:38:35', '2026-03-31 21:38:35'),
(286, 4, 14, 1, '2026-03-31 21:38:35', '2026-03-31 21:38:35'),
(287, 2, 14, 1, '2026-03-31 21:38:35', '2026-03-31 21:38:35'),
(288, 5, 14, 1, '2026-03-31 21:38:35', '2026-03-31 21:38:35'),
(289, 14, 14, 1, '2026-03-31 21:38:35', '2026-03-31 21:38:35'),
(290, 1, 14, 1, '2026-03-31 21:38:35', '2026-03-31 21:38:35'),
(291, 3, 14, 1, '2026-03-31 21:38:35', '2026-03-31 21:38:35'),
(292, 15, 15, 0, '2026-03-31 21:38:35', '2026-03-31 21:38:35'),
(293, 18, 15, 0, '2026-03-31 21:38:35', '2026-03-31 21:38:35'),
(294, 19, 15, 0, '2026-03-31 21:38:35', '2026-03-31 21:38:35'),
(295, 20, 15, 0, '2026-03-31 21:38:35', '2026-03-31 21:38:35'),
(296, 21, 15, 0, '2026-03-31 21:38:35', '2026-03-31 21:38:35'),
(297, 22, 15, 0, '2026-03-31 21:38:35', '2026-03-31 21:38:35'),
(298, 16, 15, 0, '2026-03-31 21:38:35', '2026-03-31 21:38:35'),
(299, 17, 15, 0, '2026-03-31 21:38:35', '2026-03-31 21:38:35'),
(300, 4, 15, 0, '2026-03-31 21:38:35', '2026-03-31 21:38:35'),
(301, 2, 15, 1, '2026-03-31 21:38:35', '2026-03-31 21:38:35'),
(302, 5, 15, 1, '2026-03-31 21:38:35', '2026-03-31 21:38:35'),
(303, 14, 15, 0, '2026-03-31 21:38:35', '2026-03-31 21:38:35'),
(304, 1, 15, 0, '2026-03-31 21:38:35', '2026-03-31 21:38:35'),
(305, 3, 15, 0, '2026-03-31 21:38:35', '2026-03-31 21:38:35'),
(327, 15, 16, 1, '2026-03-31 21:38:44', '2026-03-31 21:38:44'),
(328, 18, 16, 1, '2026-03-31 21:38:44', '2026-03-31 21:38:44'),
(329, 19, 16, 1, '2026-03-31 21:38:44', '2026-03-31 21:38:44'),
(330, 20, 16, 1, '2026-03-31 21:38:44', '2026-03-31 21:38:44'),
(331, 21, 16, 1, '2026-03-31 21:38:44', '2026-03-31 21:38:44'),
(332, 22, 16, 1, '2026-03-31 21:38:44', '2026-03-31 21:38:44'),
(333, 16, 16, 1, '2026-03-31 21:38:44', '2026-03-31 21:38:44'),
(334, 17, 16, 1, '2026-03-31 21:38:44', '2026-03-31 21:38:44'),
(335, 4, 16, 1, '2026-03-31 21:38:44', '2026-03-31 21:38:44'),
(336, 2, 16, 1, '2026-03-31 21:38:44', '2026-03-31 21:38:44'),
(337, 5, 16, 1, '2026-03-31 21:38:44', '2026-03-31 21:38:44'),
(338, 14, 16, 1, '2026-03-31 21:38:44', '2026-03-31 21:38:44'),
(339, 1, 16, 1, '2026-03-31 21:38:44', '2026-03-31 21:38:44'),
(340, 3, 16, 1, '2026-03-31 21:38:44', '2026-03-31 21:38:44'),
(341, 15, 17, 1, '2026-03-31 21:38:44', '2026-03-31 21:38:44'),
(342, 18, 17, 1, '2026-03-31 21:38:44', '2026-03-31 21:38:44'),
(343, 19, 17, 1, '2026-03-31 21:38:44', '2026-03-31 21:38:44'),
(344, 20, 17, 1, '2026-03-31 21:38:44', '2026-03-31 21:38:44'),
(345, 21, 17, 1, '2026-03-31 21:38:44', '2026-03-31 21:38:44'),
(346, 22, 17, 1, '2026-03-31 21:38:44', '2026-03-31 21:38:44'),
(347, 16, 17, 1, '2026-03-31 21:38:44', '2026-03-31 21:38:44'),
(348, 17, 17, 1, '2026-03-31 21:38:44', '2026-03-31 21:38:44'),
(349, 4, 17, 1, '2026-03-31 21:38:44', '2026-03-31 21:38:44'),
(350, 2, 17, 1, '2026-03-31 21:38:44', '2026-03-31 21:38:44'),
(351, 5, 17, 1, '2026-03-31 21:38:44', '2026-03-31 21:38:44'),
(352, 14, 17, 1, '2026-03-31 21:38:44', '2026-03-31 21:38:44'),
(353, 1, 17, 1, '2026-03-31 21:38:44', '2026-03-31 21:38:44'),
(354, 3, 17, 1, '2026-03-31 21:38:44', '2026-03-31 21:38:44'),
(355, 15, 18, 0, '2026-03-31 21:38:44', '2026-03-31 21:38:44'),
(356, 18, 18, 0, '2026-03-31 21:38:44', '2026-03-31 21:38:44'),
(357, 19, 18, 0, '2026-03-31 21:38:44', '2026-03-31 21:38:44'),
(358, 20, 18, 0, '2026-03-31 21:38:44', '2026-03-31 21:38:44'),
(359, 21, 18, 0, '2026-03-31 21:38:44', '2026-03-31 21:38:44'),
(360, 22, 18, 0, '2026-03-31 21:38:44', '2026-03-31 21:38:44'),
(361, 16, 18, 0, '2026-03-31 21:38:44', '2026-03-31 21:38:44'),
(362, 17, 18, 0, '2026-03-31 21:38:44', '2026-03-31 21:38:44'),
(363, 4, 18, 0, '2026-03-31 21:38:44', '2026-03-31 21:38:44'),
(364, 2, 18, 1, '2026-03-31 21:38:44', '2026-03-31 21:38:44'),
(365, 5, 18, 1, '2026-03-31 21:38:44', '2026-03-31 21:38:44'),
(366, 14, 18, 0, '2026-03-31 21:38:44', '2026-03-31 21:38:44'),
(367, 1, 18, 0, '2026-03-31 21:38:44', '2026-03-31 21:38:44'),
(368, 3, 18, 0, '2026-03-31 21:38:44', '2026-03-31 21:38:44'),
(390, 15, 19, 1, '2026-03-31 21:38:46', '2026-03-31 21:38:46'),
(391, 18, 19, 1, '2026-03-31 21:38:46', '2026-03-31 21:38:46'),
(392, 19, 19, 1, '2026-03-31 21:38:46', '2026-03-31 21:38:46'),
(393, 20, 19, 1, '2026-03-31 21:38:46', '2026-03-31 21:38:46'),
(394, 21, 19, 1, '2026-03-31 21:38:46', '2026-03-31 21:38:46'),
(395, 22, 19, 1, '2026-03-31 21:38:46', '2026-03-31 21:38:46'),
(396, 16, 19, 1, '2026-03-31 21:38:46', '2026-03-31 21:38:46'),
(397, 17, 19, 1, '2026-03-31 21:38:46', '2026-03-31 21:38:46'),
(398, 4, 19, 1, '2026-03-31 21:38:46', '2026-03-31 21:38:46'),
(399, 2, 19, 1, '2026-03-31 21:38:46', '2026-03-31 21:38:46'),
(400, 5, 19, 1, '2026-03-31 21:38:46', '2026-03-31 21:38:46'),
(401, 14, 19, 1, '2026-03-31 21:38:46', '2026-03-31 21:38:46'),
(402, 1, 19, 1, '2026-03-31 21:38:46', '2026-03-31 21:38:46'),
(403, 3, 19, 1, '2026-03-31 21:38:46', '2026-03-31 21:38:46'),
(404, 15, 20, 1, '2026-03-31 21:38:46', '2026-03-31 21:38:46'),
(405, 18, 20, 1, '2026-03-31 21:38:46', '2026-03-31 21:38:46'),
(406, 19, 20, 1, '2026-03-31 21:38:46', '2026-03-31 21:38:46'),
(407, 20, 20, 1, '2026-03-31 21:38:46', '2026-03-31 21:38:46'),
(408, 21, 20, 1, '2026-03-31 21:38:46', '2026-03-31 21:38:46'),
(409, 22, 20, 1, '2026-03-31 21:38:46', '2026-03-31 21:38:46'),
(410, 16, 20, 1, '2026-03-31 21:38:46', '2026-03-31 21:38:46'),
(411, 17, 20, 1, '2026-03-31 21:38:46', '2026-03-31 21:38:46'),
(412, 4, 20, 1, '2026-03-31 21:38:46', '2026-03-31 21:38:46'),
(413, 2, 20, 1, '2026-03-31 21:38:46', '2026-03-31 21:38:46'),
(414, 5, 20, 1, '2026-03-31 21:38:46', '2026-03-31 21:38:46'),
(415, 14, 20, 1, '2026-03-31 21:38:46', '2026-03-31 21:38:46'),
(416, 1, 20, 1, '2026-03-31 21:38:46', '2026-03-31 21:38:46'),
(417, 3, 20, 1, '2026-03-31 21:38:46', '2026-03-31 21:38:46'),
(418, 15, 21, 0, '2026-03-31 21:38:46', '2026-03-31 21:38:46'),
(419, 18, 21, 0, '2026-03-31 21:38:46', '2026-03-31 21:38:46'),
(420, 19, 21, 0, '2026-03-31 21:38:46', '2026-03-31 21:38:46'),
(421, 20, 21, 0, '2026-03-31 21:38:46', '2026-03-31 21:38:46'),
(422, 21, 21, 0, '2026-03-31 21:38:46', '2026-03-31 21:38:46'),
(423, 22, 21, 0, '2026-03-31 21:38:46', '2026-03-31 21:38:46'),
(424, 16, 21, 0, '2026-03-31 21:38:46', '2026-03-31 21:38:46'),
(425, 17, 21, 0, '2026-03-31 21:38:46', '2026-03-31 21:38:46'),
(426, 4, 21, 0, '2026-03-31 21:38:46', '2026-03-31 21:38:46'),
(427, 2, 21, 1, '2026-03-31 21:38:46', '2026-03-31 21:38:46'),
(428, 5, 21, 1, '2026-03-31 21:38:46', '2026-03-31 21:38:46'),
(429, 14, 21, 0, '2026-03-31 21:38:46', '2026-03-31 21:38:46'),
(430, 1, 21, 0, '2026-03-31 21:38:46', '2026-03-31 21:38:46'),
(431, 3, 21, 0, '2026-03-31 21:38:46', '2026-03-31 21:38:46'),
(453, 15, 22, 1, '2026-03-31 21:40:06', '2026-03-31 21:40:06'),
(454, 18, 22, 1, '2026-03-31 21:40:06', '2026-03-31 21:40:06'),
(455, 19, 22, 1, '2026-03-31 21:40:06', '2026-03-31 21:40:06'),
(456, 20, 22, 1, '2026-03-31 21:40:06', '2026-03-31 21:40:06'),
(457, 21, 22, 1, '2026-03-31 21:40:06', '2026-03-31 21:40:06'),
(458, 22, 22, 1, '2026-03-31 21:40:06', '2026-03-31 21:40:06'),
(459, 16, 22, 1, '2026-03-31 21:40:06', '2026-03-31 21:40:06'),
(460, 17, 22, 1, '2026-03-31 21:40:06', '2026-03-31 21:40:06'),
(461, 4, 22, 1, '2026-03-31 21:40:06', '2026-03-31 21:40:06'),
(462, 2, 22, 1, '2026-03-31 21:40:06', '2026-03-31 21:40:06'),
(463, 5, 22, 1, '2026-03-31 21:40:06', '2026-03-31 21:40:06'),
(464, 14, 22, 1, '2026-03-31 21:40:06', '2026-03-31 21:40:06'),
(465, 1, 22, 1, '2026-03-31 21:40:06', '2026-03-31 21:40:06'),
(466, 3, 22, 1, '2026-03-31 21:40:06', '2026-03-31 21:40:06'),
(467, 15, 23, 1, '2026-03-31 21:40:06', '2026-03-31 21:40:06'),
(468, 18, 23, 1, '2026-03-31 21:40:06', '2026-03-31 21:40:06'),
(469, 19, 23, 1, '2026-03-31 21:40:06', '2026-03-31 21:40:06'),
(470, 20, 23, 1, '2026-03-31 21:40:06', '2026-03-31 21:40:06'),
(471, 21, 23, 1, '2026-03-31 21:40:06', '2026-03-31 21:40:06'),
(472, 22, 23, 1, '2026-03-31 21:40:06', '2026-03-31 21:40:06'),
(473, 16, 23, 1, '2026-03-31 21:40:06', '2026-03-31 21:40:06'),
(474, 17, 23, 1, '2026-03-31 21:40:06', '2026-03-31 21:40:06'),
(475, 4, 23, 1, '2026-03-31 21:40:06', '2026-03-31 21:40:06'),
(476, 2, 23, 1, '2026-03-31 21:40:06', '2026-03-31 21:40:06'),
(477, 5, 23, 1, '2026-03-31 21:40:06', '2026-03-31 21:40:06'),
(478, 14, 23, 1, '2026-03-31 21:40:06', '2026-03-31 21:40:06'),
(479, 1, 23, 1, '2026-03-31 21:40:06', '2026-03-31 21:40:06'),
(480, 3, 23, 1, '2026-03-31 21:40:06', '2026-03-31 21:40:06'),
(481, 15, 24, 0, '2026-03-31 21:40:06', '2026-03-31 21:40:06'),
(482, 18, 24, 0, '2026-03-31 21:40:06', '2026-03-31 21:40:06'),
(483, 19, 24, 0, '2026-03-31 21:40:06', '2026-03-31 21:40:06'),
(484, 20, 24, 0, '2026-03-31 21:40:06', '2026-03-31 21:40:06'),
(485, 21, 24, 0, '2026-03-31 21:40:06', '2026-03-31 21:40:06'),
(486, 22, 24, 0, '2026-03-31 21:40:06', '2026-03-31 21:40:06'),
(487, 16, 24, 0, '2026-03-31 21:40:06', '2026-03-31 21:40:06'),
(488, 17, 24, 0, '2026-03-31 21:40:06', '2026-03-31 21:40:06'),
(489, 4, 24, 0, '2026-03-31 21:40:06', '2026-03-31 21:40:06'),
(490, 2, 24, 1, '2026-03-31 21:40:06', '2026-03-31 21:40:06'),
(491, 5, 24, 1, '2026-03-31 21:40:06', '2026-03-31 21:40:06'),
(492, 14, 24, 0, '2026-03-31 21:40:06', '2026-03-31 21:40:06'),
(493, 1, 24, 0, '2026-03-31 21:40:06', '2026-03-31 21:40:06'),
(494, 3, 24, 0, '2026-03-31 21:40:06', '2026-03-31 21:40:06'),
(516, 15, 25, 1, '2026-03-31 21:40:25', '2026-03-31 21:40:25'),
(517, 18, 25, 1, '2026-03-31 21:40:25', '2026-03-31 21:40:25'),
(518, 19, 25, 1, '2026-03-31 21:40:25', '2026-03-31 21:40:25'),
(519, 20, 25, 1, '2026-03-31 21:40:25', '2026-03-31 21:40:25'),
(520, 21, 25, 1, '2026-03-31 21:40:25', '2026-03-31 21:40:25'),
(521, 22, 25, 1, '2026-03-31 21:40:25', '2026-03-31 21:40:25'),
(522, 16, 25, 1, '2026-03-31 21:40:25', '2026-03-31 21:40:25'),
(523, 17, 25, 1, '2026-03-31 21:40:25', '2026-03-31 21:40:25'),
(524, 4, 25, 1, '2026-03-31 21:40:25', '2026-03-31 21:40:25'),
(525, 2, 25, 1, '2026-03-31 21:40:25', '2026-03-31 21:40:25'),
(526, 5, 25, 1, '2026-03-31 21:40:25', '2026-03-31 21:40:25'),
(527, 14, 25, 1, '2026-03-31 21:40:25', '2026-03-31 21:40:25'),
(528, 1, 25, 1, '2026-03-31 21:40:25', '2026-03-31 21:40:25'),
(529, 3, 25, 1, '2026-03-31 21:40:25', '2026-03-31 21:40:25'),
(530, 15, 26, 1, '2026-03-31 21:40:25', '2026-03-31 21:40:25'),
(531, 18, 26, 1, '2026-03-31 21:40:25', '2026-03-31 21:40:25'),
(532, 19, 26, 1, '2026-03-31 21:40:25', '2026-03-31 21:40:25'),
(533, 20, 26, 1, '2026-03-31 21:40:25', '2026-03-31 21:40:25'),
(534, 21, 26, 1, '2026-03-31 21:40:25', '2026-03-31 21:40:25'),
(535, 22, 26, 1, '2026-03-31 21:40:25', '2026-03-31 21:40:25'),
(536, 16, 26, 1, '2026-03-31 21:40:25', '2026-03-31 21:40:25'),
(537, 17, 26, 1, '2026-03-31 21:40:25', '2026-03-31 21:40:25'),
(538, 4, 26, 1, '2026-03-31 21:40:25', '2026-03-31 21:40:25'),
(539, 2, 26, 1, '2026-03-31 21:40:25', '2026-03-31 21:40:25'),
(540, 5, 26, 1, '2026-03-31 21:40:25', '2026-03-31 21:40:25'),
(541, 14, 26, 1, '2026-03-31 21:40:25', '2026-03-31 21:40:25'),
(542, 1, 26, 1, '2026-03-31 21:40:25', '2026-03-31 21:40:25'),
(543, 3, 26, 1, '2026-03-31 21:40:25', '2026-03-31 21:40:25'),
(544, 15, 27, 0, '2026-03-31 21:40:25', '2026-03-31 21:40:25'),
(545, 18, 27, 0, '2026-03-31 21:40:25', '2026-03-31 21:40:25'),
(546, 19, 27, 0, '2026-03-31 21:40:25', '2026-03-31 21:40:25'),
(547, 20, 27, 0, '2026-03-31 21:40:25', '2026-03-31 21:40:25'),
(548, 21, 27, 0, '2026-03-31 21:40:25', '2026-03-31 21:40:25'),
(549, 22, 27, 0, '2026-03-31 21:40:25', '2026-03-31 21:40:25'),
(550, 16, 27, 0, '2026-03-31 21:40:25', '2026-03-31 21:40:25'),
(551, 17, 27, 0, '2026-03-31 21:40:25', '2026-03-31 21:40:25'),
(552, 4, 27, 0, '2026-03-31 21:40:25', '2026-03-31 21:40:25'),
(553, 2, 27, 1, '2026-03-31 21:40:25', '2026-03-31 21:40:25'),
(554, 5, 27, 1, '2026-03-31 21:40:25', '2026-03-31 21:40:25'),
(555, 14, 27, 0, '2026-03-31 21:40:25', '2026-03-31 21:40:25'),
(556, 1, 27, 0, '2026-03-31 21:40:25', '2026-03-31 21:40:25'),
(557, 3, 27, 0, '2026-03-31 21:40:25', '2026-03-31 21:40:25'),
(579, 15, 28, 1, '2026-03-31 21:41:10', '2026-03-31 21:41:10'),
(580, 15, 29, 1, '2026-03-31 21:41:10', '2026-03-31 21:41:10'),
(581, 15, 30, 0, '2026-03-31 21:41:10', '2026-03-31 21:41:10'),
(582, 18, 28, 1, '2026-03-31 21:41:10', '2026-03-31 21:41:10'),
(583, 18, 29, 1, '2026-03-31 21:41:10', '2026-03-31 21:41:10'),
(584, 18, 30, 0, '2026-03-31 21:41:10', '2026-03-31 21:41:10'),
(585, 19, 28, 1, '2026-03-31 21:41:10', '2026-03-31 21:41:10'),
(586, 19, 29, 1, '2026-03-31 21:41:10', '2026-03-31 21:41:10'),
(587, 19, 30, 0, '2026-03-31 21:41:10', '2026-03-31 21:41:10'),
(588, 20, 28, 1, '2026-03-31 21:41:10', '2026-03-31 21:41:10'),
(589, 20, 29, 1, '2026-03-31 21:41:10', '2026-03-31 21:41:10'),
(590, 20, 30, 0, '2026-03-31 21:41:10', '2026-03-31 21:41:10'),
(591, 21, 28, 1, '2026-03-31 21:41:10', '2026-03-31 21:41:10'),
(592, 21, 29, 1, '2026-03-31 21:41:10', '2026-03-31 21:41:10'),
(593, 21, 30, 0, '2026-03-31 21:41:10', '2026-03-31 21:41:10'),
(594, 22, 28, 1, '2026-03-31 21:41:10', '2026-03-31 21:41:10'),
(595, 22, 29, 1, '2026-03-31 21:41:10', '2026-03-31 21:41:10'),
(596, 22, 30, 0, '2026-03-31 21:41:10', '2026-03-31 21:41:10'),
(597, 16, 28, 1, '2026-03-31 21:41:10', '2026-03-31 21:41:10'),
(598, 16, 29, 1, '2026-03-31 21:41:10', '2026-03-31 21:41:10'),
(599, 16, 30, 0, '2026-03-31 21:41:10', '2026-03-31 21:41:10'),
(600, 17, 28, 1, '2026-03-31 21:41:10', '2026-03-31 21:41:10'),
(601, 17, 29, 1, '2026-03-31 21:41:10', '2026-03-31 21:41:10'),
(602, 17, 30, 0, '2026-03-31 21:41:10', '2026-03-31 21:41:10'),
(603, 4, 28, 1, '2026-03-31 21:41:10', '2026-03-31 21:41:10'),
(604, 4, 29, 1, '2026-03-31 21:41:10', '2026-03-31 21:41:10'),
(605, 4, 30, 0, '2026-03-31 21:41:10', '2026-03-31 21:41:10'),
(606, 2, 28, 1, '2026-03-31 21:41:10', '2026-03-31 21:41:10'),
(607, 2, 29, 1, '2026-03-31 21:41:10', '2026-03-31 21:41:10'),
(608, 2, 30, 1, '2026-03-31 21:41:10', '2026-03-31 21:41:10'),
(609, 5, 28, 1, '2026-03-31 21:41:10', '2026-03-31 21:41:10'),
(610, 5, 29, 1, '2026-03-31 21:41:10', '2026-03-31 21:41:10'),
(611, 5, 30, 1, '2026-03-31 21:41:10', '2026-03-31 21:41:10'),
(612, 14, 28, 1, '2026-03-31 21:41:10', '2026-03-31 21:41:10'),
(613, 14, 29, 1, '2026-03-31 21:41:10', '2026-03-31 21:41:10'),
(614, 14, 30, 0, '2026-03-31 21:41:10', '2026-03-31 21:41:10'),
(615, 1, 28, 1, '2026-03-31 21:41:10', '2026-03-31 21:41:10'),
(616, 1, 29, 1, '2026-03-31 21:41:10', '2026-03-31 21:41:10'),
(617, 1, 30, 0, '2026-03-31 21:41:10', '2026-03-31 21:41:10'),
(618, 3, 28, 1, '2026-03-31 21:41:10', '2026-03-31 21:41:10'),
(619, 3, 29, 1, '2026-03-31 21:41:10', '2026-03-31 21:41:10'),
(620, 3, 30, 0, '2026-03-31 21:41:10', '2026-03-31 21:41:10'),
(642, 15, 31, 1, '2026-03-31 21:41:20', '2026-03-31 21:41:20'),
(643, 15, 32, 1, '2026-03-31 21:41:20', '2026-03-31 21:41:20'),
(644, 15, 33, 0, '2026-03-31 21:41:20', '2026-03-31 21:41:20'),
(645, 18, 31, 1, '2026-03-31 21:41:20', '2026-03-31 21:41:20'),
(646, 18, 32, 1, '2026-03-31 21:41:20', '2026-03-31 21:41:20'),
(647, 18, 33, 0, '2026-03-31 21:41:20', '2026-03-31 21:41:20'),
(648, 19, 31, 1, '2026-03-31 21:41:20', '2026-03-31 21:41:20'),
(649, 19, 32, 1, '2026-03-31 21:41:20', '2026-03-31 21:41:20'),
(650, 19, 33, 0, '2026-03-31 21:41:20', '2026-03-31 21:41:20'),
(651, 20, 31, 1, '2026-03-31 21:41:20', '2026-03-31 21:41:20'),
(652, 20, 32, 1, '2026-03-31 21:41:20', '2026-03-31 21:41:20'),
(653, 20, 33, 0, '2026-03-31 21:41:20', '2026-03-31 21:41:20'),
(654, 21, 31, 1, '2026-03-31 21:41:20', '2026-03-31 21:41:20'),
(655, 21, 32, 1, '2026-03-31 21:41:20', '2026-03-31 21:41:20'),
(656, 21, 33, 0, '2026-03-31 21:41:20', '2026-03-31 21:41:20'),
(657, 22, 31, 1, '2026-03-31 21:41:20', '2026-03-31 21:41:20'),
(658, 22, 32, 1, '2026-03-31 21:41:20', '2026-03-31 21:41:20'),
(659, 22, 33, 0, '2026-03-31 21:41:20', '2026-03-31 21:41:20'),
(660, 16, 31, 1, '2026-03-31 21:41:20', '2026-03-31 21:41:20'),
(661, 16, 32, 1, '2026-03-31 21:41:20', '2026-03-31 21:41:20'),
(662, 16, 33, 0, '2026-03-31 21:41:20', '2026-03-31 21:41:20'),
(663, 17, 31, 1, '2026-03-31 21:41:20', '2026-03-31 21:41:20'),
(664, 17, 32, 1, '2026-03-31 21:41:20', '2026-03-31 21:41:20'),
(665, 17, 33, 0, '2026-03-31 21:41:20', '2026-03-31 21:41:20'),
(666, 4, 31, 1, '2026-03-31 21:41:20', '2026-03-31 21:41:20'),
(667, 4, 32, 1, '2026-03-31 21:41:20', '2026-03-31 21:41:20'),
(668, 4, 33, 0, '2026-03-31 21:41:20', '2026-03-31 21:41:20'),
(669, 2, 31, 1, '2026-03-31 21:41:20', '2026-03-31 21:41:20'),
(670, 2, 32, 1, '2026-03-31 21:41:20', '2026-03-31 21:41:20'),
(671, 2, 33, 1, '2026-03-31 21:41:20', '2026-03-31 21:41:20'),
(672, 5, 31, 1, '2026-03-31 21:41:20', '2026-03-31 21:41:20'),
(673, 5, 32, 1, '2026-03-31 21:41:20', '2026-03-31 21:41:20'),
(674, 5, 33, 1, '2026-03-31 21:41:20', '2026-03-31 21:41:20'),
(675, 14, 31, 1, '2026-03-31 21:41:20', '2026-03-31 21:41:20'),
(676, 14, 32, 1, '2026-03-31 21:41:20', '2026-03-31 21:41:20'),
(677, 14, 33, 0, '2026-03-31 21:41:20', '2026-03-31 21:41:20'),
(678, 1, 31, 1, '2026-03-31 21:41:20', '2026-03-31 21:41:20'),
(679, 1, 32, 1, '2026-03-31 21:41:20', '2026-03-31 21:41:20'),
(680, 1, 33, 0, '2026-03-31 21:41:20', '2026-03-31 21:41:20'),
(681, 3, 31, 1, '2026-03-31 21:41:20', '2026-03-31 21:41:20'),
(682, 3, 32, 1, '2026-03-31 21:41:20', '2026-03-31 21:41:20'),
(683, 3, 33, 0, '2026-03-31 21:41:20', '2026-03-31 21:41:20'),
(705, 15, 34, 1, '2026-03-31 21:41:22', '2026-03-31 21:41:22'),
(706, 15, 35, 1, '2026-03-31 21:41:22', '2026-03-31 21:41:22'),
(707, 15, 36, 0, '2026-03-31 21:41:22', '2026-03-31 21:41:22'),
(708, 18, 34, 1, '2026-03-31 21:41:22', '2026-03-31 21:41:22'),
(709, 18, 35, 1, '2026-03-31 21:41:22', '2026-03-31 21:41:22'),
(710, 18, 36, 0, '2026-03-31 21:41:22', '2026-03-31 21:41:22'),
(711, 19, 34, 1, '2026-03-31 21:41:22', '2026-03-31 21:41:22'),
(712, 19, 35, 1, '2026-03-31 21:41:22', '2026-03-31 21:41:22'),
(713, 19, 36, 0, '2026-03-31 21:41:22', '2026-03-31 21:41:22'),
(714, 20, 34, 1, '2026-03-31 21:41:22', '2026-03-31 21:41:22'),
(715, 20, 35, 1, '2026-03-31 21:41:22', '2026-03-31 21:41:22'),
(716, 20, 36, 0, '2026-03-31 21:41:22', '2026-03-31 21:41:22'),
(717, 21, 34, 1, '2026-03-31 21:41:22', '2026-03-31 21:41:22'),
(718, 21, 35, 1, '2026-03-31 21:41:22', '2026-03-31 21:41:22'),
(719, 21, 36, 0, '2026-03-31 21:41:22', '2026-03-31 21:41:22'),
(720, 22, 34, 1, '2026-03-31 21:41:22', '2026-03-31 21:41:22'),
(721, 22, 35, 1, '2026-03-31 21:41:22', '2026-03-31 21:41:22'),
(722, 22, 36, 0, '2026-03-31 21:41:22', '2026-03-31 21:41:22'),
(723, 16, 34, 1, '2026-03-31 21:41:22', '2026-03-31 21:41:22'),
(724, 16, 35, 1, '2026-03-31 21:41:22', '2026-03-31 21:41:22'),
(725, 16, 36, 0, '2026-03-31 21:41:22', '2026-03-31 21:41:22'),
(726, 17, 34, 1, '2026-03-31 21:41:22', '2026-03-31 21:41:22'),
(727, 17, 35, 1, '2026-03-31 21:41:22', '2026-03-31 21:41:22'),
(728, 17, 36, 0, '2026-03-31 21:41:22', '2026-03-31 21:41:22'),
(729, 4, 34, 1, '2026-03-31 21:41:22', '2026-03-31 21:41:22'),
(730, 4, 35, 1, '2026-03-31 21:41:22', '2026-03-31 21:41:22'),
(731, 4, 36, 0, '2026-03-31 21:41:22', '2026-03-31 21:41:22'),
(732, 2, 34, 1, '2026-03-31 21:41:22', '2026-03-31 21:41:22'),
(733, 2, 35, 1, '2026-03-31 21:41:22', '2026-03-31 21:41:22'),
(734, 2, 36, 1, '2026-03-31 21:41:22', '2026-03-31 21:41:22'),
(735, 5, 34, 1, '2026-03-31 21:41:22', '2026-03-31 21:41:22'),
(736, 5, 35, 1, '2026-03-31 21:41:22', '2026-03-31 21:41:22'),
(737, 5, 36, 1, '2026-03-31 21:41:22', '2026-03-31 21:41:22'),
(738, 14, 34, 1, '2026-03-31 21:41:22', '2026-03-31 21:41:22'),
(739, 14, 35, 1, '2026-03-31 21:41:22', '2026-03-31 21:41:22'),
(740, 14, 36, 0, '2026-03-31 21:41:22', '2026-03-31 21:41:22'),
(741, 1, 34, 1, '2026-03-31 21:41:22', '2026-03-31 21:41:22'),
(742, 1, 35, 1, '2026-03-31 21:41:22', '2026-03-31 21:41:22'),
(743, 1, 36, 0, '2026-03-31 21:41:22', '2026-03-31 21:41:22'),
(744, 3, 34, 1, '2026-03-31 21:41:22', '2026-03-31 21:41:22'),
(745, 3, 35, 1, '2026-03-31 21:41:22', '2026-03-31 21:41:22'),
(746, 3, 36, 0, '2026-03-31 21:41:22', '2026-03-31 21:41:22'),
(768, 15, 37, 1, '2026-03-31 21:42:58', '2026-03-31 21:42:58'),
(769, 18, 37, 1, '2026-03-31 21:42:58', '2026-03-31 21:42:58'),
(770, 19, 37, 1, '2026-03-31 21:42:58', '2026-03-31 21:42:58'),
(771, 20, 37, 1, '2026-03-31 21:42:58', '2026-03-31 21:42:58'),
(772, 21, 37, 1, '2026-03-31 21:42:58', '2026-03-31 21:42:58'),
(773, 22, 37, 1, '2026-03-31 21:42:58', '2026-03-31 21:42:58'),
(774, 16, 37, 1, '2026-03-31 21:42:58', '2026-03-31 21:42:58'),
(775, 17, 37, 1, '2026-03-31 21:42:58', '2026-03-31 21:42:58'),
(776, 4, 37, 1, '2026-03-31 21:42:58', '2026-03-31 21:42:58'),
(777, 2, 37, 1, '2026-03-31 21:42:58', '2026-03-31 21:42:58'),
(778, 5, 37, 1, '2026-03-31 21:42:58', '2026-03-31 21:42:58'),
(779, 14, 37, 1, '2026-03-31 21:42:58', '2026-03-31 21:42:58'),
(780, 1, 37, 1, '2026-03-31 21:42:58', '2026-03-31 21:42:58'),
(781, 3, 37, 1, '2026-03-31 21:42:58', '2026-03-31 21:42:58'),
(782, 15, 38, 1, '2026-03-31 21:42:58', '2026-03-31 21:42:58'),
(783, 18, 38, 1, '2026-03-31 21:42:58', '2026-03-31 21:42:58'),
(784, 19, 38, 1, '2026-03-31 21:42:58', '2026-03-31 21:42:58'),
(785, 20, 38, 1, '2026-03-31 21:42:58', '2026-03-31 21:42:58'),
(786, 21, 38, 1, '2026-03-31 21:42:58', '2026-03-31 21:42:58'),
(787, 22, 38, 1, '2026-03-31 21:42:58', '2026-03-31 21:42:58'),
(788, 16, 38, 1, '2026-03-31 21:42:58', '2026-03-31 21:42:58'),
(789, 17, 38, 1, '2026-03-31 21:42:58', '2026-03-31 21:42:58'),
(790, 4, 38, 1, '2026-03-31 21:42:58', '2026-03-31 21:42:58'),
(791, 2, 38, 1, '2026-03-31 21:42:58', '2026-03-31 21:42:58'),
(792, 5, 38, 1, '2026-03-31 21:42:58', '2026-03-31 21:42:58'),
(793, 14, 38, 1, '2026-03-31 21:42:58', '2026-03-31 21:42:58'),
(794, 1, 38, 1, '2026-03-31 21:42:58', '2026-03-31 21:42:58'),
(795, 3, 38, 1, '2026-03-31 21:42:58', '2026-03-31 21:42:58'),
(796, 15, 39, 0, '2026-03-31 21:42:58', '2026-03-31 21:42:58'),
(797, 18, 39, 0, '2026-03-31 21:42:58', '2026-03-31 21:42:58'),
(798, 19, 39, 0, '2026-03-31 21:42:58', '2026-03-31 21:42:58'),
(799, 20, 39, 0, '2026-03-31 21:42:58', '2026-03-31 21:42:58'),
(800, 21, 39, 0, '2026-03-31 21:42:58', '2026-03-31 21:42:58'),
(801, 22, 39, 0, '2026-03-31 21:42:58', '2026-03-31 21:42:58'),
(802, 16, 39, 0, '2026-03-31 21:42:58', '2026-03-31 21:42:58'),
(803, 17, 39, 0, '2026-03-31 21:42:58', '2026-03-31 21:42:58'),
(804, 4, 39, 0, '2026-03-31 21:42:58', '2026-03-31 21:42:58'),
(805, 2, 39, 1, '2026-03-31 21:42:58', '2026-03-31 21:42:58'),
(806, 5, 39, 1, '2026-03-31 21:42:58', '2026-03-31 21:42:58'),
(807, 14, 39, 0, '2026-03-31 21:42:58', '2026-03-31 21:42:58'),
(808, 1, 39, 0, '2026-03-31 21:42:58', '2026-03-31 21:42:58'),
(809, 3, 39, 0, '2026-03-31 21:42:58', '2026-03-31 21:42:58');

-- --------------------------------------------------------

--
-- Estructura de tabla para la tabla `usuario_menu_v`
--

CREATE TABLE `usuario_menu_v` (
  `id_usuario_menu` int(11) NOT NULL,
  `id_usuario` int(11) NOT NULL,
  `id_menu` int(11) NOT NULL,
  `permitido` tinyint(4) NOT NULL DEFAULT 1,
  `created_at` timestamp NOT NULL DEFAULT current_timestamp(),
  `updated_at` timestamp NOT NULL DEFAULT current_timestamp()
) ENGINE=InnoDB DEFAULT CHARSET=utf8mb4 COLLATE=utf8mb4_general_ci;

--
-- Volcado de datos para la tabla `usuario_menu_v`
--

INSERT INTO `usuario_menu_v` (`id_usuario_menu`, `id_usuario`, `id_menu`, `permitido`, `created_at`, `updated_at`) VALUES
(1, 4, 1, 1, '2026-03-11 04:01:48', '2026-03-11 04:01:48'),
(2, 4, 2, 1, '2026-03-11 04:01:48', '2026-03-11 04:01:48'),
(3, 4, 3, 0, '2026-03-11 04:01:48', '2026-03-11 04:01:48'),
(4, 2, 1, 1, '2026-03-11 04:01:48', '2026-03-11 04:01:48'),
(5, 2, 2, 1, '2026-03-11 04:01:48', '2026-03-11 04:01:48'),
(6, 2, 3, 1, '2026-03-11 04:01:48', '2026-03-11 04:01:48'),
(55, 4, 4, 1, '2026-03-31 19:45:21', '2026-03-31 19:45:21'),
(56, 4, 5, 1, '2026-03-31 19:45:21', '2026-03-31 19:45:21'),
(57, 4, 6, 0, '2026-03-31 19:45:21', '2026-03-31 19:45:21'),
(58, 2, 4, 1, '2026-03-31 19:45:21', '2026-03-31 19:45:21'),
(59, 2, 5, 1, '2026-03-31 19:45:21', '2026-03-31 19:45:21'),
(60, 2, 6, 1, '2026-03-31 19:45:21', '2026-03-31 19:45:21'),
(61, 5, 1, 1, '2026-03-31 19:45:21', '2026-03-31 19:45:21'),
(62, 5, 2, 1, '2026-03-31 19:45:21', '2026-03-31 19:45:21'),
(63, 5, 3, 1, '2026-03-31 19:45:21', '2026-03-31 19:45:21'),
(64, 5, 4, 1, '2026-03-31 19:45:21', '2026-03-31 19:45:21'),
(65, 5, 5, 1, '2026-03-31 19:45:21', '2026-03-31 19:45:21'),
(66, 5, 6, 1, '2026-03-31 19:45:21', '2026-03-31 19:45:21'),
(73, 1, 1, 1, '2026-03-31 19:45:21', '2026-03-31 19:45:21'),
(74, 1, 2, 1, '2026-03-31 19:45:21', '2026-03-31 19:45:21'),
(75, 1, 3, 0, '2026-03-31 19:45:21', '2026-03-31 19:45:21'),
(76, 1, 4, 1, '2026-03-31 19:45:21', '2026-03-31 19:45:21'),
(77, 1, 5, 1, '2026-03-31 19:45:21', '2026-03-31 19:45:21'),
(78, 1, 6, 0, '2026-03-31 19:45:21', '2026-03-31 19:45:21'),
(79, 3, 1, 1, '2026-03-31 19:45:21', '2026-03-31 19:45:21'),
(80, 3, 2, 1, '2026-03-31 19:45:21', '2026-03-31 19:45:21'),
(81, 3, 3, 0, '2026-03-31 19:45:21', '2026-03-31 19:45:21'),
(82, 3, 4, 1, '2026-03-31 19:45:21', '2026-03-31 19:45:21'),
(83, 3, 5, 1, '2026-03-31 19:45:21', '2026-03-31 19:45:21'),
(84, 3, 6, 0, '2026-03-31 19:45:21', '2026-03-31 19:45:21'),
(158, 4, 7, 1, '2026-03-31 19:49:59', '2026-03-31 19:49:59'),
(159, 4, 8, 1, '2026-03-31 19:49:59', '2026-03-31 19:49:59'),
(160, 4, 9, 0, '2026-03-31 19:49:59', '2026-03-31 19:49:59'),
(161, 2, 7, 1, '2026-03-31 19:49:59', '2026-03-31 19:49:59'),
(162, 2, 8, 1, '2026-03-31 19:49:59', '2026-03-31 19:49:59'),
(163, 2, 9, 1, '2026-03-31 19:49:59', '2026-03-31 19:49:59'),
(164, 5, 7, 1, '2026-03-31 19:49:59', '2026-03-31 19:49:59'),
(165, 5, 8, 1, '2026-03-31 19:49:59', '2026-03-31 19:49:59'),
(166, 5, 9, 1, '2026-03-31 19:49:59', '2026-03-31 19:49:59'),
(170, 1, 7, 1, '2026-03-31 19:49:59', '2026-03-31 19:49:59'),
(171, 1, 8, 1, '2026-03-31 19:49:59', '2026-03-31 19:49:59'),
(172, 1, 9, 0, '2026-03-31 19:49:59', '2026-03-31 19:49:59'),
(173, 3, 7, 1, '2026-03-31 19:49:59', '2026-03-31 19:49:59'),
(174, 3, 8, 1, '2026-03-31 19:49:59', '2026-03-31 19:49:59'),
(175, 3, 9, 0, '2026-03-31 19:49:59', '2026-03-31 19:49:59'),
(221, 4, 10, 1, '2026-03-31 19:51:37', '2026-03-31 19:51:37'),
(222, 4, 11, 1, '2026-03-31 19:51:37', '2026-03-31 19:51:37'),
(223, 4, 12, 0, '2026-03-31 19:51:37', '2026-03-31 19:51:37'),
(224, 2, 10, 1, '2026-03-31 19:51:37', '2026-03-31 19:51:37'),
(225, 2, 11, 1, '2026-03-31 19:51:37', '2026-03-31 19:51:37'),
(226, 2, 12, 1, '2026-03-31 19:51:37', '2026-03-31 19:51:37'),
(227, 5, 10, 1, '2026-03-31 19:51:37', '2026-03-31 19:51:37'),
(228, 5, 11, 1, '2026-03-31 19:51:37', '2026-03-31 19:51:37'),
(229, 5, 12, 1, '2026-03-31 19:51:37', '2026-03-31 19:51:37'),
(233, 1, 10, 1, '2026-03-31 19:51:37', '2026-03-31 19:51:37'),
(234, 1, 11, 1, '2026-03-31 19:51:37', '2026-03-31 19:51:37'),
(235, 1, 12, 0, '2026-03-31 19:51:37', '2026-03-31 19:51:37'),
(236, 3, 10, 1, '2026-03-31 19:51:37', '2026-03-31 19:51:37'),
(237, 3, 11, 1, '2026-03-31 19:51:37', '2026-03-31 19:51:37'),
(238, 3, 12, 0, '2026-03-31 19:51:37', '2026-03-31 19:51:37'),
(268, 4, 13, 1, '2026-03-31 19:52:40', '2026-03-31 19:52:40'),
(269, 2, 13, 1, '2026-03-31 19:52:40', '2026-03-31 19:52:40'),
(270, 5, 13, 1, '2026-03-31 19:52:40', '2026-03-31 19:52:40'),
(272, 1, 13, 1, '2026-03-31 19:52:40', '2026-03-31 19:52:40'),
(273, 3, 13, 1, '2026-03-31 19:52:40', '2026-03-31 19:52:40'),
(282, 4, 14, 1, '2026-03-31 19:52:40', '2026-03-31 19:52:40'),
(283, 2, 14, 1, '2026-03-31 19:52:40', '2026-03-31 19:52:40'),
(284, 5, 14, 1, '2026-03-31 19:52:40', '2026-03-31 19:52:40'),
(286, 1, 14, 1, '2026-03-31 19:52:40', '2026-03-31 19:52:40'),
(287, 3, 14, 1, '2026-03-31 19:52:40', '2026-03-31 19:52:40'),
(296, 4, 15, 0, '2026-03-31 19:52:40', '2026-03-31 19:52:40'),
(297, 2, 15, 1, '2026-03-31 19:52:40', '2026-03-31 19:52:40'),
(298, 5, 15, 1, '2026-03-31 19:52:40', '2026-03-31 19:52:40'),
(300, 1, 15, 0, '2026-03-31 19:52:40', '2026-03-31 19:52:40'),
(301, 3, 15, 0, '2026-03-31 19:52:40', '2026-03-31 19:52:40'),
(331, 4, 16, 1, '2026-03-31 19:52:59', '2026-03-31 19:52:59'),
(332, 2, 16, 1, '2026-03-31 19:52:59', '2026-03-31 19:52:59'),
(333, 5, 16, 1, '2026-03-31 19:52:59', '2026-03-31 19:52:59'),
(335, 1, 16, 1, '2026-03-31 19:52:59', '2026-03-31 19:52:59'),
(336, 3, 16, 1, '2026-03-31 19:52:59', '2026-03-31 19:52:59'),
(345, 4, 17, 1, '2026-03-31 19:52:59', '2026-03-31 19:52:59'),
(346, 2, 17, 1, '2026-03-31 19:52:59', '2026-03-31 19:52:59'),
(347, 5, 17, 1, '2026-03-31 19:52:59', '2026-03-31 19:52:59'),
(349, 1, 17, 1, '2026-03-31 19:52:59', '2026-03-31 19:52:59'),
(350, 3, 17, 1, '2026-03-31 19:52:59', '2026-03-31 19:52:59'),
(359, 4, 18, 0, '2026-03-31 19:52:59', '2026-03-31 19:52:59'),
(360, 2, 18, 1, '2026-03-31 19:52:59', '2026-03-31 19:52:59'),
(361, 5, 18, 1, '2026-03-31 19:52:59', '2026-03-31 19:52:59'),
(363, 1, 18, 0, '2026-03-31 19:52:59', '2026-03-31 19:52:59'),
(364, 3, 18, 0, '2026-03-31 19:52:59', '2026-03-31 19:52:59'),
(394, 4, 19, 1, '2026-03-31 19:54:23', '2026-03-31 19:54:23'),
(395, 2, 19, 1, '2026-03-31 19:54:23', '2026-03-31 19:54:23'),
(396, 5, 19, 1, '2026-03-31 19:54:23', '2026-03-31 19:54:23'),
(398, 1, 19, 1, '2026-03-31 19:54:23', '2026-03-31 19:54:23'),
(399, 3, 19, 1, '2026-03-31 19:54:23', '2026-03-31 19:54:23'),
(408, 4, 20, 1, '2026-03-31 19:54:23', '2026-03-31 19:54:23'),
(409, 2, 20, 1, '2026-03-31 19:54:23', '2026-03-31 19:54:23'),
(410, 5, 20, 1, '2026-03-31 19:54:23', '2026-03-31 19:54:23'),
(412, 1, 20, 1, '2026-03-31 19:54:23', '2026-03-31 19:54:23'),
(413, 3, 20, 1, '2026-03-31 19:54:23', '2026-03-31 19:54:23'),
(422, 4, 21, 0, '2026-03-31 19:54:23', '2026-03-31 19:54:23'),
(423, 2, 21, 1, '2026-03-31 19:54:23', '2026-03-31 19:54:23'),
(424, 5, 21, 1, '2026-03-31 19:54:23', '2026-03-31 19:54:23'),
(426, 1, 21, 0, '2026-03-31 19:54:23', '2026-03-31 19:54:23'),
(427, 3, 21, 0, '2026-03-31 19:54:23', '2026-03-31 19:54:23'),
(457, 4, 22, 1, '2026-03-31 19:55:22', '2026-03-31 19:55:22'),
(458, 2, 22, 1, '2026-03-31 19:55:22', '2026-03-31 19:55:22'),
(459, 5, 22, 1, '2026-03-31 19:55:22', '2026-03-31 19:55:22'),
(461, 1, 22, 1, '2026-03-31 19:55:22', '2026-03-31 19:55:22'),
(462, 3, 22, 1, '2026-03-31 19:55:22', '2026-03-31 19:55:22'),
(471, 4, 23, 1, '2026-03-31 19:55:22', '2026-03-31 19:55:22'),
(472, 2, 23, 1, '2026-03-31 19:55:22', '2026-03-31 19:55:22'),
(473, 5, 23, 1, '2026-03-31 19:55:22', '2026-03-31 19:55:22'),
(475, 1, 23, 1, '2026-03-31 19:55:22', '2026-03-31 19:55:22'),
(476, 3, 23, 1, '2026-03-31 19:55:22', '2026-03-31 19:55:22'),
(485, 4, 24, 0, '2026-03-31 19:55:22', '2026-03-31 19:55:22'),
(486, 2, 24, 1, '2026-03-31 19:55:22', '2026-03-31 19:55:22'),
(487, 5, 24, 1, '2026-03-31 19:55:22', '2026-03-31 19:55:22'),
(489, 1, 24, 0, '2026-03-31 19:55:22', '2026-03-31 19:55:22'),
(490, 3, 24, 0, '2026-03-31 19:55:22', '2026-03-31 19:55:22'),
(520, 4, 25, 1, '2026-03-31 20:50:23', '2026-03-31 20:50:23'),
(521, 2, 25, 1, '2026-03-31 20:50:23', '2026-03-31 20:50:23'),
(522, 5, 25, 1, '2026-03-31 20:50:23', '2026-03-31 20:50:23'),
(524, 1, 25, 1, '2026-03-31 20:50:23', '2026-03-31 20:50:23'),
(525, 3, 25, 1, '2026-03-31 20:50:23', '2026-03-31 20:50:23'),
(534, 4, 26, 1, '2026-03-31 20:50:23', '2026-03-31 20:50:23'),
(535, 2, 26, 1, '2026-03-31 20:50:23', '2026-03-31 20:50:23'),
(536, 5, 26, 1, '2026-03-31 20:50:23', '2026-03-31 20:50:23'),
(538, 1, 26, 1, '2026-03-31 20:50:23', '2026-03-31 20:50:23'),
(539, 3, 26, 1, '2026-03-31 20:50:23', '2026-03-31 20:50:23'),
(548, 4, 27, 0, '2026-03-31 20:50:23', '2026-03-31 20:50:23'),
(549, 2, 27, 1, '2026-03-31 20:50:23', '2026-03-31 20:50:23'),
(550, 5, 27, 1, '2026-03-31 20:50:23', '2026-03-31 20:50:23'),
(552, 1, 27, 0, '2026-03-31 20:50:23', '2026-03-31 20:50:23'),
(553, 3, 27, 0, '2026-03-31 20:50:23', '2026-03-31 20:50:23'),
(583, 4, 28, 1, '2026-03-31 20:50:30', '2026-03-31 20:50:30'),
(584, 2, 28, 1, '2026-03-31 20:50:30', '2026-03-31 20:50:30'),
(585, 5, 28, 1, '2026-03-31 20:50:30', '2026-03-31 20:50:30'),
(587, 1, 28, 1, '2026-03-31 20:50:30', '2026-03-31 20:50:30'),
(588, 3, 28, 1, '2026-03-31 20:50:30', '2026-03-31 20:50:30'),
(597, 4, 29, 1, '2026-03-31 20:50:30', '2026-03-31 20:50:30'),
(598, 2, 29, 1, '2026-03-31 20:50:30', '2026-03-31 20:50:30'),
(599, 5, 29, 1, '2026-03-31 20:50:30', '2026-03-31 20:50:30'),
(601, 1, 29, 1, '2026-03-31 20:50:30', '2026-03-31 20:50:30'),
(602, 3, 29, 1, '2026-03-31 20:50:30', '2026-03-31 20:50:30'),
(611, 4, 30, 0, '2026-03-31 20:50:30', '2026-03-31 20:50:30'),
(612, 2, 30, 1, '2026-03-31 20:50:30', '2026-03-31 20:50:30'),
(613, 5, 30, 1, '2026-03-31 20:50:30', '2026-03-31 20:50:30'),
(615, 1, 30, 0, '2026-03-31 20:50:30', '2026-03-31 20:50:30'),
(616, 3, 30, 0, '2026-03-31 20:50:30', '2026-03-31 20:50:30'),
(646, 4, 31, 1, '2026-03-31 20:50:32', '2026-03-31 20:50:32'),
(647, 2, 31, 1, '2026-03-31 20:50:32', '2026-03-31 20:50:32'),
(648, 5, 31, 1, '2026-03-31 20:50:32', '2026-03-31 20:50:32'),
(650, 1, 31, 1, '2026-03-31 20:50:32', '2026-03-31 20:50:32'),
(651, 3, 31, 1, '2026-03-31 20:50:32', '2026-03-31 20:50:32'),
(660, 4, 32, 1, '2026-03-31 20:50:32', '2026-03-31 20:50:32'),
(661, 2, 32, 1, '2026-03-31 20:50:32', '2026-03-31 20:50:32'),
(662, 5, 32, 1, '2026-03-31 20:50:32', '2026-03-31 20:50:32'),
(664, 1, 32, 1, '2026-03-31 20:50:32', '2026-03-31 20:50:32'),
(665, 3, 32, 1, '2026-03-31 20:50:32', '2026-03-31 20:50:32'),
(674, 4, 33, 0, '2026-03-31 20:50:32', '2026-03-31 20:50:32'),
(675, 2, 33, 1, '2026-03-31 20:50:32', '2026-03-31 20:50:32'),
(676, 5, 33, 1, '2026-03-31 20:50:32', '2026-03-31 20:50:32'),
(678, 1, 33, 0, '2026-03-31 20:50:32', '2026-03-31 20:50:32'),
(679, 3, 33, 0, '2026-03-31 20:50:32', '2026-03-31 20:50:32'),
(709, 4, 34, 1, '2026-03-31 20:50:43', '2026-03-31 20:50:43'),
(710, 2, 34, 1, '2026-03-31 20:50:43', '2026-03-31 20:50:43'),
(711, 5, 34, 1, '2026-03-31 20:50:43', '2026-03-31 20:50:43'),
(713, 1, 34, 1, '2026-03-31 20:50:43', '2026-03-31 20:50:43'),
(714, 3, 34, 1, '2026-03-31 20:50:43', '2026-03-31 20:50:43'),
(723, 4, 35, 1, '2026-03-31 20:50:43', '2026-03-31 20:50:43'),
(724, 2, 35, 1, '2026-03-31 20:50:43', '2026-03-31 20:50:43'),
(725, 5, 35, 1, '2026-03-31 20:50:43', '2026-03-31 20:50:43'),
(727, 1, 35, 1, '2026-03-31 20:50:43', '2026-03-31 20:50:43'),
(728, 3, 35, 1, '2026-03-31 20:50:43', '2026-03-31 20:50:43'),
(737, 4, 36, 0, '2026-03-31 20:50:43', '2026-03-31 20:50:43'),
(738, 2, 36, 1, '2026-03-31 20:50:43', '2026-03-31 20:50:43'),
(739, 5, 36, 1, '2026-03-31 20:50:43', '2026-03-31 20:50:43'),
(741, 1, 36, 0, '2026-03-31 20:50:43', '2026-03-31 20:50:43'),
(742, 3, 36, 0, '2026-03-31 20:50:43', '2026-03-31 20:50:43'),
(772, 4, 37, 1, '2026-03-31 20:54:35', '2026-03-31 20:54:35'),
(773, 2, 37, 1, '2026-03-31 20:54:35', '2026-03-31 20:54:35'),
(774, 5, 37, 1, '2026-03-31 20:54:35', '2026-03-31 20:54:35'),
(776, 1, 37, 1, '2026-03-31 20:54:35', '2026-03-31 20:54:35'),
(777, 3, 37, 1, '2026-03-31 20:54:35', '2026-03-31 20:54:35'),
(786, 4, 38, 1, '2026-03-31 20:54:35', '2026-03-31 20:54:35'),
(787, 2, 38, 1, '2026-03-31 20:54:35', '2026-03-31 20:54:35'),
(788, 5, 38, 1, '2026-03-31 20:54:35', '2026-03-31 20:54:35'),
(790, 1, 38, 1, '2026-03-31 20:54:35', '2026-03-31 20:54:35'),
(791, 3, 38, 1, '2026-03-31 20:54:35', '2026-03-31 20:54:35'),
(800, 4, 39, 0, '2026-03-31 20:54:35', '2026-03-31 20:54:35'),
(801, 2, 39, 1, '2026-03-31 20:54:35', '2026-03-31 20:54:35'),
(802, 5, 39, 1, '2026-03-31 20:54:35', '2026-03-31 20:54:35'),
(804, 1, 39, 0, '2026-03-31 20:54:35', '2026-03-31 20:54:35'),
(805, 3, 39, 0, '2026-03-31 20:54:35', '2026-03-31 20:54:35'),
(835, 4, 40, 1, '2026-03-31 20:55:13', '2026-03-31 20:55:13'),
(836, 2, 40, 1, '2026-03-31 20:55:13', '2026-03-31 20:55:13'),
(837, 5, 40, 1, '2026-03-31 20:55:13', '2026-03-31 20:55:13'),
(839, 1, 40, 1, '2026-03-31 20:55:13', '2026-03-31 20:55:13'),
(840, 3, 40, 1, '2026-03-31 20:55:13', '2026-03-31 20:55:13'),
(849, 4, 41, 1, '2026-03-31 20:55:13', '2026-03-31 20:55:13'),
(850, 2, 41, 1, '2026-03-31 20:55:13', '2026-03-31 20:55:13'),
(851, 5, 41, 1, '2026-03-31 20:55:13', '2026-03-31 20:55:13'),
(853, 1, 41, 1, '2026-03-31 20:55:13', '2026-03-31 20:55:13'),
(854, 3, 41, 1, '2026-03-31 20:55:13', '2026-03-31 20:55:13'),
(863, 4, 42, 0, '2026-03-31 20:55:13', '2026-03-31 20:55:13'),
(864, 2, 42, 1, '2026-03-31 20:55:13', '2026-03-31 20:55:13'),
(865, 5, 42, 1, '2026-03-31 20:55:13', '2026-03-31 20:55:13'),
(867, 1, 42, 0, '2026-03-31 20:55:13', '2026-03-31 20:55:13'),
(868, 3, 42, 0, '2026-03-31 20:55:13', '2026-03-31 20:55:13'),
(898, 4, 43, 1, '2026-03-31 20:56:45', '2026-03-31 20:56:45'),
(899, 2, 43, 1, '2026-03-31 20:56:45', '2026-03-31 20:56:45'),
(900, 5, 43, 1, '2026-03-31 20:56:45', '2026-03-31 20:56:45'),
(902, 1, 43, 1, '2026-03-31 20:56:45', '2026-03-31 20:56:45'),
(903, 3, 43, 1, '2026-03-31 20:56:45', '2026-03-31 20:56:45'),
(912, 4, 44, 1, '2026-03-31 20:56:45', '2026-03-31 20:56:45'),
(913, 2, 44, 1, '2026-03-31 20:56:45', '2026-03-31 20:56:45'),
(914, 5, 44, 1, '2026-03-31 20:56:45', '2026-03-31 20:56:45'),
(916, 1, 44, 1, '2026-03-31 20:56:45', '2026-03-31 20:56:45'),
(917, 3, 44, 1, '2026-03-31 20:56:45', '2026-03-31 20:56:45'),
(926, 4, 45, 0, '2026-03-31 20:56:45', '2026-03-31 20:56:45'),
(927, 2, 45, 1, '2026-03-31 20:56:45', '2026-03-31 20:56:45'),
(928, 5, 45, 1, '2026-03-31 20:56:45', '2026-03-31 20:56:45'),
(930, 1, 45, 0, '2026-03-31 20:56:45', '2026-03-31 20:56:45'),
(931, 3, 45, 0, '2026-03-31 20:56:45', '2026-03-31 20:56:45'),
(961, 4, 46, 1, '2026-03-31 20:57:59', '2026-03-31 20:57:59'),
(962, 2, 46, 1, '2026-03-31 20:57:59', '2026-03-31 20:57:59'),
(963, 5, 46, 1, '2026-03-31 20:57:59', '2026-03-31 20:57:59'),
(965, 1, 46, 1, '2026-03-31 20:57:59', '2026-03-31 20:57:59'),
(966, 3, 46, 1, '2026-03-31 20:57:59', '2026-03-31 20:57:59'),
(975, 4, 47, 1, '2026-03-31 20:57:59', '2026-03-31 20:57:59'),
(976, 2, 47, 1, '2026-03-31 20:57:59', '2026-03-31 20:57:59'),
(977, 5, 47, 1, '2026-03-31 20:57:59', '2026-03-31 20:57:59'),
(979, 1, 47, 1, '2026-03-31 20:57:59', '2026-03-31 20:57:59'),
(980, 3, 47, 1, '2026-03-31 20:57:59', '2026-03-31 20:57:59'),
(989, 4, 48, 0, '2026-03-31 20:57:59', '2026-03-31 20:57:59'),
(990, 2, 48, 1, '2026-03-31 20:57:59', '2026-03-31 20:57:59'),
(991, 5, 48, 1, '2026-03-31 20:57:59', '2026-03-31 20:57:59'),
(993, 1, 48, 0, '2026-03-31 20:57:59', '2026-03-31 20:57:59'),
(994, 3, 48, 0, '2026-03-31 20:57:59', '2026-03-31 20:57:59'),
(1024, 4, 49, 1, '2026-03-31 20:58:47', '2026-03-31 20:58:47'),
(1025, 2, 49, 1, '2026-03-31 20:58:47', '2026-03-31 20:58:47'),
(1026, 5, 49, 1, '2026-03-31 20:58:47', '2026-03-31 20:58:47'),
(1028, 1, 49, 1, '2026-03-31 20:58:47', '2026-03-31 20:58:47'),
(1029, 3, 49, 1, '2026-03-31 20:58:47', '2026-03-31 20:58:47'),
(1038, 4, 50, 1, '2026-03-31 20:58:47', '2026-03-31 20:58:47'),
(1039, 2, 50, 1, '2026-03-31 20:58:47', '2026-03-31 20:58:47'),
(1040, 5, 50, 1, '2026-03-31 20:58:47', '2026-03-31 20:58:47'),
(1042, 1, 50, 1, '2026-03-31 20:58:47', '2026-03-31 20:58:47'),
(1043, 3, 50, 1, '2026-03-31 20:58:47', '2026-03-31 20:58:47'),
(1052, 4, 51, 0, '2026-03-31 20:58:47', '2026-03-31 20:58:47'),
(1053, 2, 51, 1, '2026-03-31 20:58:47', '2026-03-31 20:58:47'),
(1054, 5, 51, 1, '2026-03-31 20:58:47', '2026-03-31 20:58:47'),
(1056, 1, 51, 0, '2026-03-31 20:58:47', '2026-03-31 20:58:47'),
(1057, 3, 51, 0, '2026-03-31 20:58:47', '2026-03-31 20:58:47'),
(1087, 4, 52, 1, '2026-03-31 21:00:33', '2026-03-31 21:00:33'),
(1088, 2, 52, 1, '2026-03-31 21:00:33', '2026-03-31 21:00:33'),
(1089, 5, 52, 1, '2026-03-31 21:00:33', '2026-03-31 21:00:33'),
(1091, 1, 52, 1, '2026-03-31 21:00:33', '2026-03-31 21:00:33'),
(1092, 3, 52, 1, '2026-03-31 21:00:33', '2026-03-31 21:00:33'),
(1101, 4, 53, 1, '2026-03-31 21:00:33', '2026-03-31 21:00:33'),
(1102, 2, 53, 1, '2026-03-31 21:00:33', '2026-03-31 21:00:33'),
(1103, 5, 53, 1, '2026-03-31 21:00:33', '2026-03-31 21:00:33'),
(1105, 1, 53, 1, '2026-03-31 21:00:33', '2026-03-31 21:00:33'),
(1106, 3, 53, 1, '2026-03-31 21:00:33', '2026-03-31 21:00:33'),
(1115, 4, 54, 0, '2026-03-31 21:00:33', '2026-03-31 21:00:33'),
(1116, 2, 54, 1, '2026-03-31 21:00:33', '2026-03-31 21:00:33'),
(1117, 5, 54, 1, '2026-03-31 21:00:33', '2026-03-31 21:00:33'),
(1119, 1, 54, 0, '2026-03-31 21:00:33', '2026-03-31 21:00:33'),
(1120, 3, 54, 0, '2026-03-31 21:00:33', '2026-03-31 21:00:33'),
(1150, 4, 55, 1, '2026-03-31 21:00:36', '2026-03-31 21:00:36'),
(1151, 2, 55, 1, '2026-03-31 21:00:36', '2026-03-31 21:00:36'),
(1152, 5, 55, 1, '2026-03-31 21:00:36', '2026-03-31 21:00:36'),
(1154, 1, 55, 1, '2026-03-31 21:00:36', '2026-03-31 21:00:36'),
(1155, 3, 55, 1, '2026-03-31 21:00:36', '2026-03-31 21:00:36'),
(1164, 4, 56, 1, '2026-03-31 21:00:36', '2026-03-31 21:00:36'),
(1165, 2, 56, 1, '2026-03-31 21:00:36', '2026-03-31 21:00:36'),
(1166, 5, 56, 1, '2026-03-31 21:00:36', '2026-03-31 21:00:36'),
(1168, 1, 56, 1, '2026-03-31 21:00:36', '2026-03-31 21:00:36'),
(1169, 3, 56, 1, '2026-03-31 21:00:36', '2026-03-31 21:00:36'),
(1178, 4, 57, 0, '2026-03-31 21:00:36', '2026-03-31 21:00:36'),
(1179, 2, 57, 1, '2026-03-31 21:00:36', '2026-03-31 21:00:36'),
(1180, 5, 57, 1, '2026-03-31 21:00:36', '2026-03-31 21:00:36'),
(1182, 1, 57, 0, '2026-03-31 21:00:36', '2026-03-31 21:00:36'),
(1183, 3, 57, 0, '2026-03-31 21:00:36', '2026-03-31 21:00:36'),
(1213, 4, 58, 1, '2026-03-31 21:00:39', '2026-03-31 21:00:39'),
(1214, 2, 58, 1, '2026-03-31 21:00:39', '2026-03-31 21:00:39'),
(1215, 5, 58, 1, '2026-03-31 21:00:39', '2026-03-31 21:00:39'),
(1217, 1, 58, 1, '2026-03-31 21:00:39', '2026-03-31 21:00:39'),
(1218, 3, 58, 1, '2026-03-31 21:00:39', '2026-03-31 21:00:39'),
(1227, 4, 59, 1, '2026-03-31 21:00:39', '2026-03-31 21:00:39'),
(1228, 2, 59, 1, '2026-03-31 21:00:39', '2026-03-31 21:00:39'),
(1229, 5, 59, 1, '2026-03-31 21:00:39', '2026-03-31 21:00:39'),
(1231, 1, 59, 1, '2026-03-31 21:00:39', '2026-03-31 21:00:39'),
(1232, 3, 59, 1, '2026-03-31 21:00:39', '2026-03-31 21:00:39'),
(1241, 4, 60, 0, '2026-03-31 21:00:39', '2026-03-31 21:00:39'),
(1242, 2, 60, 1, '2026-03-31 21:00:39', '2026-03-31 21:00:39'),
(1243, 5, 60, 1, '2026-03-31 21:00:39', '2026-03-31 21:00:39'),
(1245, 1, 60, 0, '2026-03-31 21:00:39', '2026-03-31 21:00:39'),
(1246, 3, 60, 0, '2026-03-31 21:00:39', '2026-03-31 21:00:39'),
(1276, 4, 61, 1, '2026-03-31 21:01:10', '2026-03-31 21:01:10'),
(1277, 2, 61, 1, '2026-03-31 21:01:10', '2026-03-31 21:01:10'),
(1278, 5, 61, 1, '2026-03-31 21:01:10', '2026-03-31 21:01:10'),
(1280, 1, 61, 1, '2026-03-31 21:01:10', '2026-03-31 21:01:10'),
(1281, 3, 61, 1, '2026-03-31 21:01:10', '2026-03-31 21:01:10'),
(1290, 4, 62, 1, '2026-03-31 21:01:10', '2026-03-31 21:01:10'),
(1291, 2, 62, 1, '2026-03-31 21:01:10', '2026-03-31 21:01:10'),
(1292, 5, 62, 1, '2026-03-31 21:01:10', '2026-03-31 21:01:10'),
(1294, 1, 62, 1, '2026-03-31 21:01:10', '2026-03-31 21:01:10'),
(1295, 3, 62, 1, '2026-03-31 21:01:10', '2026-03-31 21:01:10'),
(1304, 4, 63, 0, '2026-03-31 21:01:10', '2026-03-31 21:01:10'),
(1305, 2, 63, 1, '2026-03-31 21:01:10', '2026-03-31 21:01:10'),
(1306, 5, 63, 1, '2026-03-31 21:01:10', '2026-03-31 21:01:10'),
(1308, 1, 63, 0, '2026-03-31 21:01:10', '2026-03-31 21:01:10'),
(1309, 3, 63, 0, '2026-03-31 21:01:10', '2026-03-31 21:01:10'),
(1339, 4, 64, 1, '2026-03-31 21:01:56', '2026-03-31 21:01:56'),
(1340, 2, 64, 1, '2026-03-31 21:01:56', '2026-03-31 21:01:56'),
(1341, 5, 64, 1, '2026-03-31 21:01:56', '2026-03-31 21:01:56'),
(1343, 1, 64, 1, '2026-03-31 21:01:56', '2026-03-31 21:01:56'),
(1344, 3, 64, 1, '2026-03-31 21:01:56', '2026-03-31 21:01:56'),
(1353, 4, 65, 1, '2026-03-31 21:01:56', '2026-03-31 21:01:56'),
(1354, 2, 65, 1, '2026-03-31 21:01:56', '2026-03-31 21:01:56'),
(1355, 5, 65, 1, '2026-03-31 21:01:56', '2026-03-31 21:01:56'),
(1357, 1, 65, 1, '2026-03-31 21:01:56', '2026-03-31 21:01:56'),
(1358, 3, 65, 1, '2026-03-31 21:01:56', '2026-03-31 21:01:56'),
(1367, 4, 66, 0, '2026-03-31 21:01:56', '2026-03-31 21:01:56'),
(1368, 2, 66, 1, '2026-03-31 21:01:56', '2026-03-31 21:01:56'),
(1369, 5, 66, 1, '2026-03-31 21:01:56', '2026-03-31 21:01:56'),
(1371, 1, 66, 0, '2026-03-31 21:01:56', '2026-03-31 21:01:56'),
(1372, 3, 66, 0, '2026-03-31 21:01:56', '2026-03-31 21:01:56'),
(1402, 4, 67, 1, '2026-03-31 21:02:01', '2026-03-31 21:02:01'),
(1403, 2, 67, 1, '2026-03-31 21:02:01', '2026-03-31 21:02:01'),
(1404, 5, 67, 1, '2026-03-31 21:02:01', '2026-03-31 21:02:01'),
(1406, 1, 67, 1, '2026-03-31 21:02:01', '2026-03-31 21:02:01'),
(1407, 3, 67, 1, '2026-03-31 21:02:01', '2026-03-31 21:02:01'),
(1416, 4, 68, 1, '2026-03-31 21:02:01', '2026-03-31 21:02:01'),
(1417, 2, 68, 1, '2026-03-31 21:02:01', '2026-03-31 21:02:01'),
(1418, 5, 68, 1, '2026-03-31 21:02:01', '2026-03-31 21:02:01'),
(1420, 1, 68, 1, '2026-03-31 21:02:01', '2026-03-31 21:02:01'),
(1421, 3, 68, 1, '2026-03-31 21:02:01', '2026-03-31 21:02:01'),
(1430, 4, 69, 0, '2026-03-31 21:02:01', '2026-03-31 21:02:01'),
(1431, 2, 69, 1, '2026-03-31 21:02:01', '2026-03-31 21:02:01'),
(1432, 5, 69, 1, '2026-03-31 21:02:01', '2026-03-31 21:02:01'),
(1434, 1, 69, 0, '2026-03-31 21:02:01', '2026-03-31 21:02:01'),
(1435, 3, 69, 0, '2026-03-31 21:02:01', '2026-03-31 21:02:01'),
(1465, 4, 70, 1, '2026-03-31 21:04:07', '2026-03-31 21:04:07'),
(1466, 2, 70, 1, '2026-03-31 21:04:07', '2026-03-31 21:04:07'),
(1467, 5, 70, 1, '2026-03-31 21:04:07', '2026-03-31 21:04:07'),
(1469, 1, 70, 1, '2026-03-31 21:04:07', '2026-03-31 21:04:07'),
(1470, 3, 70, 1, '2026-03-31 21:04:07', '2026-03-31 21:04:07'),
(1479, 4, 71, 1, '2026-03-31 21:04:07', '2026-03-31 21:04:07'),
(1480, 2, 71, 1, '2026-03-31 21:04:07', '2026-03-31 21:04:07'),
(1481, 5, 71, 1, '2026-03-31 21:04:07', '2026-03-31 21:04:07'),
(1483, 1, 71, 1, '2026-03-31 21:04:07', '2026-03-31 21:04:07'),
(1484, 3, 71, 1, '2026-03-31 21:04:07', '2026-03-31 21:04:07'),
(1493, 4, 72, 0, '2026-03-31 21:04:07', '2026-03-31 21:04:07'),
(1494, 2, 72, 1, '2026-03-31 21:04:07', '2026-03-31 21:04:07'),
(1495, 5, 72, 1, '2026-03-31 21:04:07', '2026-03-31 21:04:07'),
(1497, 1, 72, 0, '2026-03-31 21:04:07', '2026-03-31 21:04:07'),
(1498, 3, 72, 0, '2026-03-31 21:04:07', '2026-03-31 21:04:07'),
(1528, 4, 73, 1, '2026-03-31 21:11:11', '2026-03-31 21:11:11'),
(1529, 2, 73, 1, '2026-03-31 21:11:11', '2026-03-31 21:11:11'),
(1530, 5, 73, 1, '2026-03-31 21:11:11', '2026-03-31 21:11:11'),
(1532, 1, 73, 1, '2026-03-31 21:11:11', '2026-03-31 21:11:11'),
(1533, 3, 73, 1, '2026-03-31 21:11:11', '2026-03-31 21:11:11'),
(1542, 4, 74, 1, '2026-03-31 21:11:11', '2026-03-31 21:11:11'),
(1543, 2, 74, 1, '2026-03-31 21:11:11', '2026-03-31 21:11:11'),
(1544, 5, 74, 1, '2026-03-31 21:11:11', '2026-03-31 21:11:11'),
(1546, 1, 74, 1, '2026-03-31 21:11:11', '2026-03-31 21:11:11'),
(1547, 3, 74, 1, '2026-03-31 21:11:11', '2026-03-31 21:11:11'),
(1556, 4, 75, 0, '2026-03-31 21:11:11', '2026-03-31 21:11:11'),
(1557, 2, 75, 1, '2026-03-31 21:11:11', '2026-03-31 21:11:11'),
(1558, 5, 75, 1, '2026-03-31 21:11:11', '2026-03-31 21:11:11'),
(1560, 1, 75, 0, '2026-03-31 21:11:11', '2026-03-31 21:11:11'),
(1561, 3, 75, 0, '2026-03-31 21:11:11', '2026-03-31 21:11:11'),
(1591, 4, 76, 1, '2026-03-31 21:12:26', '2026-03-31 21:12:26'),
(1592, 2, 76, 1, '2026-03-31 21:12:26', '2026-03-31 21:12:26'),
(1593, 5, 76, 1, '2026-03-31 21:12:26', '2026-03-31 21:12:26'),
(1595, 1, 76, 1, '2026-03-31 21:12:26', '2026-03-31 21:12:26'),
(1596, 3, 76, 1, '2026-03-31 21:12:26', '2026-03-31 21:12:26'),
(1605, 4, 77, 1, '2026-03-31 21:12:26', '2026-03-31 21:12:26'),
(1606, 2, 77, 1, '2026-03-31 21:12:26', '2026-03-31 21:12:26'),
(1607, 5, 77, 1, '2026-03-31 21:12:26', '2026-03-31 21:12:26'),
(1609, 1, 77, 1, '2026-03-31 21:12:26', '2026-03-31 21:12:26'),
(1610, 3, 77, 1, '2026-03-31 21:12:26', '2026-03-31 21:12:26'),
(1619, 4, 78, 0, '2026-03-31 21:12:26', '2026-03-31 21:12:26'),
(1620, 2, 78, 1, '2026-03-31 21:12:26', '2026-03-31 21:12:26'),
(1621, 5, 78, 1, '2026-03-31 21:12:26', '2026-03-31 21:12:26'),
(1623, 1, 78, 0, '2026-03-31 21:12:26', '2026-03-31 21:12:26'),
(1624, 3, 78, 0, '2026-03-31 21:12:26', '2026-03-31 21:12:26'),
(1654, 4, 79, 1, '2026-03-31 21:13:17', '2026-03-31 21:13:17'),
(1655, 2, 79, 1, '2026-03-31 21:13:17', '2026-03-31 21:13:17'),
(1656, 5, 79, 1, '2026-03-31 21:13:17', '2026-03-31 21:13:17'),
(1658, 1, 79, 1, '2026-03-31 21:13:17', '2026-03-31 21:13:17'),
(1659, 3, 79, 1, '2026-03-31 21:13:17', '2026-03-31 21:13:17'),
(1668, 4, 80, 1, '2026-03-31 21:13:17', '2026-03-31 21:13:17'),
(1669, 2, 80, 1, '2026-03-31 21:13:17', '2026-03-31 21:13:17'),
(1670, 5, 80, 1, '2026-03-31 21:13:17', '2026-03-31 21:13:17'),
(1672, 1, 80, 1, '2026-03-31 21:13:17', '2026-03-31 21:13:17'),
(1673, 3, 80, 1, '2026-03-31 21:13:17', '2026-03-31 21:13:17'),
(1682, 4, 81, 0, '2026-03-31 21:13:17', '2026-03-31 21:13:17'),
(1683, 2, 81, 1, '2026-03-31 21:13:17', '2026-03-31 21:13:17'),
(1684, 5, 81, 1, '2026-03-31 21:13:17', '2026-03-31 21:13:17'),
(1686, 1, 81, 0, '2026-03-31 21:13:17', '2026-03-31 21:13:17'),
(1687, 3, 81, 0, '2026-03-31 21:13:17', '2026-03-31 21:13:17'),
(1717, 4, 82, 1, '2026-03-31 21:13:34', '2026-03-31 21:13:34'),
(1718, 2, 82, 1, '2026-03-31 21:13:34', '2026-03-31 21:13:34'),
(1719, 5, 82, 1, '2026-03-31 21:13:34', '2026-03-31 21:13:34'),
(1721, 1, 82, 1, '2026-03-31 21:13:34', '2026-03-31 21:13:34'),
(1722, 3, 82, 1, '2026-03-31 21:13:34', '2026-03-31 21:13:34'),
(1731, 4, 83, 1, '2026-03-31 21:13:34', '2026-03-31 21:13:34'),
(1732, 2, 83, 1, '2026-03-31 21:13:34', '2026-03-31 21:13:34'),
(1733, 5, 83, 1, '2026-03-31 21:13:34', '2026-03-31 21:13:34'),
(1735, 1, 83, 1, '2026-03-31 21:13:34', '2026-03-31 21:13:34'),
(1736, 3, 83, 1, '2026-03-31 21:13:34', '2026-03-31 21:13:34'),
(1745, 4, 84, 0, '2026-03-31 21:13:34', '2026-03-31 21:13:34'),
(1746, 2, 84, 1, '2026-03-31 21:13:34', '2026-03-31 21:13:34'),
(1747, 5, 84, 1, '2026-03-31 21:13:34', '2026-03-31 21:13:34'),
(1749, 1, 84, 0, '2026-03-31 21:13:34', '2026-03-31 21:13:34'),
(1750, 3, 84, 0, '2026-03-31 21:13:34', '2026-03-31 21:13:34'),
(1780, 4, 85, 1, '2026-03-31 21:14:27', '2026-03-31 21:14:27'),
(1781, 2, 85, 1, '2026-03-31 21:14:27', '2026-03-31 21:14:27'),
(1782, 5, 85, 1, '2026-03-31 21:14:27', '2026-03-31 21:14:27'),
(1784, 1, 85, 1, '2026-03-31 21:14:27', '2026-03-31 21:14:27'),
(1785, 3, 85, 1, '2026-03-31 21:14:27', '2026-03-31 21:14:27'),
(1794, 4, 86, 1, '2026-03-31 21:14:27', '2026-03-31 21:14:27'),
(1795, 2, 86, 1, '2026-03-31 21:14:27', '2026-03-31 21:14:27'),
(1796, 5, 86, 1, '2026-03-31 21:14:27', '2026-03-31 21:14:27'),
(1798, 1, 86, 1, '2026-03-31 21:14:27', '2026-03-31 21:14:27'),
(1799, 3, 86, 1, '2026-03-31 21:14:27', '2026-03-31 21:14:27'),
(1808, 4, 87, 0, '2026-03-31 21:14:27', '2026-03-31 21:14:27'),
(1809, 2, 87, 1, '2026-03-31 21:14:27', '2026-03-31 21:14:27'),
(1810, 5, 87, 1, '2026-03-31 21:14:27', '2026-03-31 21:14:27'),
(1812, 1, 87, 0, '2026-03-31 21:14:27', '2026-03-31 21:14:27'),
(1813, 3, 87, 0, '2026-03-31 21:14:27', '2026-03-31 21:14:27'),
(1843, 4, 88, 1, '2026-03-31 21:14:30', '2026-03-31 21:14:30'),
(1844, 2, 88, 1, '2026-03-31 21:14:30', '2026-03-31 21:14:30'),
(1845, 5, 88, 1, '2026-03-31 21:14:30', '2026-03-31 21:14:30'),
(1847, 1, 88, 1, '2026-03-31 21:14:30', '2026-03-31 21:14:30'),
(1848, 3, 88, 1, '2026-03-31 21:14:30', '2026-03-31 21:14:30'),
(1857, 4, 89, 1, '2026-03-31 21:14:30', '2026-03-31 21:14:30'),
(1858, 2, 89, 1, '2026-03-31 21:14:30', '2026-03-31 21:14:30'),
(1859, 5, 89, 1, '2026-03-31 21:14:30', '2026-03-31 21:14:30'),
(1861, 1, 89, 1, '2026-03-31 21:14:30', '2026-03-31 21:14:30'),
(1862, 3, 89, 1, '2026-03-31 21:14:30', '2026-03-31 21:14:30'),
(1871, 4, 90, 0, '2026-03-31 21:14:30', '2026-03-31 21:14:30'),
(1872, 2, 90, 1, '2026-03-31 21:14:30', '2026-03-31 21:14:30'),
(1873, 5, 90, 1, '2026-03-31 21:14:30', '2026-03-31 21:14:30'),
(1875, 1, 90, 0, '2026-03-31 21:14:30', '2026-03-31 21:14:30'),
(1876, 3, 90, 0, '2026-03-31 21:14:30', '2026-03-31 21:14:30'),
(1906, 4, 91, 1, '2026-03-31 21:16:00', '2026-03-31 21:16:00'),
(1907, 2, 91, 1, '2026-03-31 21:16:00', '2026-03-31 21:16:00'),
(1908, 5, 91, 1, '2026-03-31 21:16:00', '2026-03-31 21:16:00'),
(1910, 1, 91, 1, '2026-03-31 21:16:00', '2026-03-31 21:16:00'),
(1911, 3, 91, 1, '2026-03-31 21:16:00', '2026-03-31 21:16:00'),
(1920, 4, 92, 1, '2026-03-31 21:16:00', '2026-03-31 21:16:00'),
(1921, 2, 92, 1, '2026-03-31 21:16:00', '2026-03-31 21:16:00'),
(1922, 5, 92, 1, '2026-03-31 21:16:00', '2026-03-31 21:16:00'),
(1924, 1, 92, 1, '2026-03-31 21:16:00', '2026-03-31 21:16:00'),
(1925, 3, 92, 1, '2026-03-31 21:16:00', '2026-03-31 21:16:00'),
(1934, 4, 93, 0, '2026-03-31 21:16:00', '2026-03-31 21:16:00'),
(1935, 2, 93, 1, '2026-03-31 21:16:00', '2026-03-31 21:16:00'),
(1936, 5, 93, 1, '2026-03-31 21:16:00', '2026-03-31 21:16:00'),
(1938, 1, 93, 0, '2026-03-31 21:16:00', '2026-03-31 21:16:00'),
(1939, 3, 93, 0, '2026-03-31 21:16:00', '2026-03-31 21:16:00'),
(1969, 4, 94, 1, '2026-03-31 21:16:08', '2026-03-31 21:16:08'),
(1970, 2, 94, 1, '2026-03-31 21:16:08', '2026-03-31 21:16:08'),
(1971, 5, 94, 1, '2026-03-31 21:16:08', '2026-03-31 21:16:08'),
(1973, 1, 94, 1, '2026-03-31 21:16:08', '2026-03-31 21:16:08'),
(1974, 3, 94, 1, '2026-03-31 21:16:08', '2026-03-31 21:16:08'),
(1983, 4, 95, 1, '2026-03-31 21:16:08', '2026-03-31 21:16:08'),
(1984, 2, 95, 1, '2026-03-31 21:16:08', '2026-03-31 21:16:08'),
(1985, 5, 95, 1, '2026-03-31 21:16:08', '2026-03-31 21:16:08'),
(1987, 1, 95, 1, '2026-03-31 21:16:08', '2026-03-31 21:16:08'),
(1988, 3, 95, 1, '2026-03-31 21:16:08', '2026-03-31 21:16:08'),
(1997, 4, 96, 0, '2026-03-31 21:16:08', '2026-03-31 21:16:08'),
(1998, 2, 96, 1, '2026-03-31 21:16:08', '2026-03-31 21:16:08'),
(1999, 5, 96, 1, '2026-03-31 21:16:08', '2026-03-31 21:16:08'),
(2001, 1, 96, 0, '2026-03-31 21:16:08', '2026-03-31 21:16:08'),
(2002, 3, 96, 0, '2026-03-31 21:16:08', '2026-03-31 21:16:08'),
(2032, 4, 97, 1, '2026-03-31 21:16:13', '2026-03-31 21:16:13'),
(2033, 2, 97, 1, '2026-03-31 21:16:13', '2026-03-31 21:16:13'),
(2034, 5, 97, 1, '2026-03-31 21:16:13', '2026-03-31 21:16:13'),
(2036, 1, 97, 1, '2026-03-31 21:16:13', '2026-03-31 21:16:13'),
(2037, 3, 97, 1, '2026-03-31 21:16:13', '2026-03-31 21:16:13'),
(2046, 4, 98, 1, '2026-03-31 21:16:13', '2026-03-31 21:16:13'),
(2047, 2, 98, 1, '2026-03-31 21:16:13', '2026-03-31 21:16:13'),
(2048, 5, 98, 1, '2026-03-31 21:16:13', '2026-03-31 21:16:13'),
(2050, 1, 98, 1, '2026-03-31 21:16:13', '2026-03-31 21:16:13'),
(2051, 3, 98, 1, '2026-03-31 21:16:13', '2026-03-31 21:16:13'),
(2060, 4, 99, 0, '2026-03-31 21:16:13', '2026-03-31 21:16:13'),
(2061, 2, 99, 1, '2026-03-31 21:16:13', '2026-03-31 21:16:13'),
(2062, 5, 99, 1, '2026-03-31 21:16:13', '2026-03-31 21:16:13'),
(2064, 1, 99, 0, '2026-03-31 21:16:13', '2026-03-31 21:16:13'),
(2065, 3, 99, 0, '2026-03-31 21:16:13', '2026-03-31 21:16:13'),
(2095, 4, 100, 1, '2026-03-31 21:16:14', '2026-03-31 21:16:14'),
(2096, 2, 100, 1, '2026-03-31 21:16:14', '2026-03-31 21:16:14'),
(2097, 5, 100, 1, '2026-03-31 21:16:14', '2026-03-31 21:16:14'),
(2099, 1, 100, 1, '2026-03-31 21:16:14', '2026-03-31 21:16:14'),
(2100, 3, 100, 1, '2026-03-31 21:16:14', '2026-03-31 21:16:14'),
(2109, 4, 101, 1, '2026-03-31 21:16:14', '2026-03-31 21:16:14'),
(2110, 2, 101, 1, '2026-03-31 21:16:14', '2026-03-31 21:16:14'),
(2111, 5, 101, 1, '2026-03-31 21:16:14', '2026-03-31 21:16:14'),
(2113, 1, 101, 1, '2026-03-31 21:16:14', '2026-03-31 21:16:14'),
(2114, 3, 101, 1, '2026-03-31 21:16:14', '2026-03-31 21:16:14'),
(2123, 4, 102, 0, '2026-03-31 21:16:14', '2026-03-31 21:16:14'),
(2124, 2, 102, 1, '2026-03-31 21:16:14', '2026-03-31 21:16:14'),
(2125, 5, 102, 1, '2026-03-31 21:16:14', '2026-03-31 21:16:14'),
(2127, 1, 102, 0, '2026-03-31 21:16:14', '2026-03-31 21:16:14'),
(2128, 3, 102, 0, '2026-03-31 21:16:14', '2026-03-31 21:16:14'),
(2158, 4, 103, 1, '2026-03-31 21:16:25', '2026-03-31 21:16:25'),
(2159, 2, 103, 1, '2026-03-31 21:16:25', '2026-03-31 21:16:25'),
(2160, 5, 103, 1, '2026-03-31 21:16:25', '2026-03-31 21:16:25'),
(2162, 1, 103, 1, '2026-03-31 21:16:25', '2026-03-31 21:16:25'),
(2163, 3, 103, 1, '2026-03-31 21:16:25', '2026-03-31 21:16:25'),
(2172, 4, 104, 1, '2026-03-31 21:16:25', '2026-03-31 21:16:25'),
(2173, 2, 104, 1, '2026-03-31 21:16:25', '2026-03-31 21:16:25'),
(2174, 5, 104, 1, '2026-03-31 21:16:25', '2026-03-31 21:16:25'),
(2176, 1, 104, 1, '2026-03-31 21:16:25', '2026-03-31 21:16:25'),
(2177, 3, 104, 1, '2026-03-31 21:16:25', '2026-03-31 21:16:25'),
(2186, 4, 105, 0, '2026-03-31 21:16:25', '2026-03-31 21:16:25'),
(2187, 2, 105, 1, '2026-03-31 21:16:25', '2026-03-31 21:16:25'),
(2188, 5, 105, 1, '2026-03-31 21:16:25', '2026-03-31 21:16:25'),
(2190, 1, 105, 0, '2026-03-31 21:16:25', '2026-03-31 21:16:25'),
(2191, 3, 105, 0, '2026-03-31 21:16:25', '2026-03-31 21:16:25'),
(2221, 4, 106, 1, '2026-03-31 21:16:33', '2026-03-31 21:16:33'),
(2222, 2, 106, 1, '2026-03-31 21:16:33', '2026-03-31 21:16:33'),
(2223, 5, 106, 1, '2026-03-31 21:16:33', '2026-03-31 21:16:33'),
(2225, 1, 106, 1, '2026-03-31 21:16:33', '2026-03-31 21:16:33'),
(2226, 3, 106, 1, '2026-03-31 21:16:33', '2026-03-31 21:16:33'),
(2235, 4, 107, 1, '2026-03-31 21:16:33', '2026-03-31 21:16:33'),
(2236, 2, 107, 1, '2026-03-31 21:16:33', '2026-03-31 21:16:33'),
(2237, 5, 107, 1, '2026-03-31 21:16:33', '2026-03-31 21:16:33'),
(2239, 1, 107, 1, '2026-03-31 21:16:33', '2026-03-31 21:16:33'),
(2240, 3, 107, 1, '2026-03-31 21:16:33', '2026-03-31 21:16:33'),
(2249, 4, 108, 0, '2026-03-31 21:16:33', '2026-03-31 21:16:33'),
(2250, 2, 108, 1, '2026-03-31 21:16:33', '2026-03-31 21:16:33'),
(2251, 5, 108, 1, '2026-03-31 21:16:33', '2026-03-31 21:16:33'),
(2253, 1, 108, 0, '2026-03-31 21:16:33', '2026-03-31 21:16:33'),
(2254, 3, 108, 0, '2026-03-31 21:16:33', '2026-03-31 21:16:33'),
(2284, 4, 109, 1, '2026-03-31 21:17:21', '2026-03-31 21:17:21'),
(2285, 2, 109, 1, '2026-03-31 21:17:21', '2026-03-31 21:17:21'),
(2286, 5, 109, 1, '2026-03-31 21:17:21', '2026-03-31 21:17:21'),
(2288, 1, 109, 1, '2026-03-31 21:17:21', '2026-03-31 21:17:21'),
(2289, 3, 109, 1, '2026-03-31 21:17:21', '2026-03-31 21:17:21'),
(2298, 4, 110, 1, '2026-03-31 21:17:21', '2026-03-31 21:17:21'),
(2299, 2, 110, 1, '2026-03-31 21:17:21', '2026-03-31 21:17:21'),
(2300, 5, 110, 1, '2026-03-31 21:17:21', '2026-03-31 21:17:21'),
(2302, 1, 110, 1, '2026-03-31 21:17:21', '2026-03-31 21:17:21'),
(2303, 3, 110, 1, '2026-03-31 21:17:21', '2026-03-31 21:17:21'),
(2312, 4, 111, 0, '2026-03-31 21:17:21', '2026-03-31 21:17:21'),
(2313, 2, 111, 1, '2026-03-31 21:17:21', '2026-03-31 21:17:21'),
(2314, 5, 111, 1, '2026-03-31 21:17:21', '2026-03-31 21:17:21'),
(2316, 1, 111, 0, '2026-03-31 21:17:21', '2026-03-31 21:17:21'),
(2317, 3, 111, 0, '2026-03-31 21:17:21', '2026-03-31 21:17:21'),
(2347, 4, 112, 1, '2026-03-31 21:17:30', '2026-03-31 21:17:30'),
(2348, 2, 112, 1, '2026-03-31 21:17:30', '2026-03-31 21:17:30'),
(2349, 5, 112, 1, '2026-03-31 21:17:30', '2026-03-31 21:17:30'),
(2351, 1, 112, 1, '2026-03-31 21:17:30', '2026-03-31 21:17:30'),
(2352, 3, 112, 1, '2026-03-31 21:17:30', '2026-03-31 21:17:30'),
(2361, 4, 113, 1, '2026-03-31 21:17:30', '2026-03-31 21:17:30'),
(2362, 2, 113, 1, '2026-03-31 21:17:30', '2026-03-31 21:17:30'),
(2363, 5, 113, 1, '2026-03-31 21:17:30', '2026-03-31 21:17:30'),
(2365, 1, 113, 1, '2026-03-31 21:17:30', '2026-03-31 21:17:30'),
(2366, 3, 113, 1, '2026-03-31 21:17:30', '2026-03-31 21:17:30'),
(2375, 4, 114, 0, '2026-03-31 21:17:30', '2026-03-31 21:17:30'),
(2376, 2, 114, 1, '2026-03-31 21:17:30', '2026-03-31 21:17:30'),
(2377, 5, 114, 1, '2026-03-31 21:17:30', '2026-03-31 21:17:30'),
(2379, 1, 114, 0, '2026-03-31 21:17:30', '2026-03-31 21:17:30'),
(2380, 3, 114, 0, '2026-03-31 21:17:30', '2026-03-31 21:17:30'),
(2410, 4, 115, 1, '2026-03-31 21:18:19', '2026-03-31 21:18:19'),
(2411, 2, 115, 1, '2026-03-31 21:18:19', '2026-03-31 21:18:19'),
(2412, 5, 115, 1, '2026-03-31 21:18:19', '2026-03-31 21:18:19'),
(2414, 1, 115, 1, '2026-03-31 21:18:19', '2026-03-31 21:18:19'),
(2415, 3, 115, 1, '2026-03-31 21:18:19', '2026-03-31 21:18:19'),
(2424, 4, 116, 1, '2026-03-31 21:18:19', '2026-03-31 21:18:19'),
(2425, 2, 116, 1, '2026-03-31 21:18:19', '2026-03-31 21:18:19'),
(2426, 5, 116, 1, '2026-03-31 21:18:19', '2026-03-31 21:18:19'),
(2428, 1, 116, 1, '2026-03-31 21:18:19', '2026-03-31 21:18:19'),
(2429, 3, 116, 1, '2026-03-31 21:18:19', '2026-03-31 21:18:19'),
(2438, 4, 117, 0, '2026-03-31 21:18:19', '2026-03-31 21:18:19'),
(2439, 2, 117, 1, '2026-03-31 21:18:19', '2026-03-31 21:18:19'),
(2440, 5, 117, 1, '2026-03-31 21:18:19', '2026-03-31 21:18:19'),
(2442, 1, 117, 0, '2026-03-31 21:18:19', '2026-03-31 21:18:19'),
(2443, 3, 117, 0, '2026-03-31 21:18:19', '2026-03-31 21:18:19'),
(2473, 4, 118, 1, '2026-03-31 21:18:36', '2026-03-31 21:18:36'),
(2474, 2, 118, 1, '2026-03-31 21:18:36', '2026-03-31 21:18:36'),
(2475, 5, 118, 1, '2026-03-31 21:18:36', '2026-03-31 21:18:36'),
(2477, 1, 118, 1, '2026-03-31 21:18:36', '2026-03-31 21:18:36'),
(2478, 3, 118, 1, '2026-03-31 21:18:36', '2026-03-31 21:18:36'),
(2487, 4, 119, 1, '2026-03-31 21:18:36', '2026-03-31 21:18:36'),
(2488, 2, 119, 1, '2026-03-31 21:18:36', '2026-03-31 21:18:36'),
(2489, 5, 119, 1, '2026-03-31 21:18:36', '2026-03-31 21:18:36'),
(2491, 1, 119, 1, '2026-03-31 21:18:36', '2026-03-31 21:18:36'),
(2492, 3, 119, 1, '2026-03-31 21:18:36', '2026-03-31 21:18:36'),
(2501, 4, 120, 0, '2026-03-31 21:18:36', '2026-03-31 21:18:36'),
(2502, 2, 120, 1, '2026-03-31 21:18:36', '2026-03-31 21:18:36'),
(2503, 5, 120, 1, '2026-03-31 21:18:36', '2026-03-31 21:18:36'),
(2505, 1, 120, 0, '2026-03-31 21:18:36', '2026-03-31 21:18:36'),
(2506, 3, 120, 0, '2026-03-31 21:18:36', '2026-03-31 21:18:36'),
(2536, 4, 121, 1, '2026-03-31 21:18:58', '2026-03-31 21:18:58'),
(2537, 2, 121, 1, '2026-03-31 21:18:58', '2026-03-31 21:18:58'),
(2538, 5, 121, 1, '2026-03-31 21:18:58', '2026-03-31 21:18:58'),
(2540, 1, 121, 1, '2026-03-31 21:18:58', '2026-03-31 21:18:58'),
(2541, 3, 121, 1, '2026-03-31 21:18:58', '2026-03-31 21:18:58'),
(2550, 4, 122, 1, '2026-03-31 21:18:58', '2026-03-31 21:18:58'),
(2551, 2, 122, 1, '2026-03-31 21:18:58', '2026-03-31 21:18:58'),
(2552, 5, 122, 1, '2026-03-31 21:18:58', '2026-03-31 21:18:58'),
(2554, 1, 122, 1, '2026-03-31 21:18:58', '2026-03-31 21:18:58'),
(2555, 3, 122, 1, '2026-03-31 21:18:58', '2026-03-31 21:18:58'),
(2564, 4, 123, 0, '2026-03-31 21:18:58', '2026-03-31 21:18:58'),
(2565, 2, 123, 1, '2026-03-31 21:18:58', '2026-03-31 21:18:58'),
(2566, 5, 123, 1, '2026-03-31 21:18:58', '2026-03-31 21:18:58'),
(2568, 1, 123, 0, '2026-03-31 21:18:58', '2026-03-31 21:18:58'),
(2569, 3, 123, 0, '2026-03-31 21:18:58', '2026-03-31 21:18:58'),
(2599, 4, 124, 1, '2026-03-31 21:19:29', '2026-03-31 21:19:29'),
(2600, 2, 124, 1, '2026-03-31 21:19:29', '2026-03-31 21:19:29'),
(2601, 5, 124, 1, '2026-03-31 21:19:29', '2026-03-31 21:19:29'),
(2603, 1, 124, 1, '2026-03-31 21:19:29', '2026-03-31 21:19:29'),
(2604, 3, 124, 1, '2026-03-31 21:19:29', '2026-03-31 21:19:29'),
(2613, 4, 125, 1, '2026-03-31 21:19:29', '2026-03-31 21:19:29'),
(2614, 2, 125, 1, '2026-03-31 21:19:29', '2026-03-31 21:19:29'),
(2615, 5, 125, 1, '2026-03-31 21:19:29', '2026-03-31 21:19:29'),
(2617, 1, 125, 1, '2026-03-31 21:19:29', '2026-03-31 21:19:29'),
(2618, 3, 125, 1, '2026-03-31 21:19:29', '2026-03-31 21:19:29'),
(2627, 4, 126, 0, '2026-03-31 21:19:29', '2026-03-31 21:19:29'),
(2628, 2, 126, 1, '2026-03-31 21:19:29', '2026-03-31 21:19:29'),
(2629, 5, 126, 1, '2026-03-31 21:19:29', '2026-03-31 21:19:29'),
(2631, 1, 126, 0, '2026-03-31 21:19:29', '2026-03-31 21:19:29'),
(2632, 3, 126, 0, '2026-03-31 21:19:29', '2026-03-31 21:19:29'),
(2662, 4, 127, 1, '2026-03-31 21:22:11', '2026-03-31 21:22:11'),
(2663, 2, 127, 1, '2026-03-31 21:22:11', '2026-03-31 21:22:11'),
(2664, 5, 127, 1, '2026-03-31 21:22:11', '2026-03-31 21:22:11'),
(2666, 1, 127, 1, '2026-03-31 21:22:11', '2026-03-31 21:22:11'),
(2667, 3, 127, 1, '2026-03-31 21:22:11', '2026-03-31 21:22:11'),
(2676, 4, 128, 1, '2026-03-31 21:22:11', '2026-03-31 21:22:11'),
(2677, 2, 128, 1, '2026-03-31 21:22:11', '2026-03-31 21:22:11'),
(2678, 5, 128, 1, '2026-03-31 21:22:11', '2026-03-31 21:22:11'),
(2680, 1, 128, 1, '2026-03-31 21:22:11', '2026-03-31 21:22:11'),
(2681, 3, 128, 1, '2026-03-31 21:22:11', '2026-03-31 21:22:11'),
(2690, 4, 129, 0, '2026-03-31 21:22:11', '2026-03-31 21:22:11'),
(2691, 2, 129, 1, '2026-03-31 21:22:11', '2026-03-31 21:22:11'),
(2692, 5, 129, 1, '2026-03-31 21:22:11', '2026-03-31 21:22:11'),
(2694, 1, 129, 0, '2026-03-31 21:22:11', '2026-03-31 21:22:11'),
(2695, 3, 129, 0, '2026-03-31 21:22:11', '2026-03-31 21:22:11'),
(2725, 4, 130, 1, '2026-03-31 21:22:22', '2026-03-31 21:22:22'),
(2726, 2, 130, 1, '2026-03-31 21:22:22', '2026-03-31 21:22:22'),
(2727, 5, 130, 1, '2026-03-31 21:22:22', '2026-03-31 21:22:22'),
(2729, 1, 130, 1, '2026-03-31 21:22:22', '2026-03-31 21:22:22'),
(2730, 3, 130, 1, '2026-03-31 21:22:22', '2026-03-31 21:22:22'),
(2739, 4, 131, 1, '2026-03-31 21:22:22', '2026-03-31 21:22:22'),
(2740, 2, 131, 1, '2026-03-31 21:22:22', '2026-03-31 21:22:22'),
(2741, 5, 131, 1, '2026-03-31 21:22:22', '2026-03-31 21:22:22'),
(2743, 1, 131, 1, '2026-03-31 21:22:22', '2026-03-31 21:22:22'),
(2744, 3, 131, 1, '2026-03-31 21:22:22', '2026-03-31 21:22:22'),
(2753, 4, 132, 0, '2026-03-31 21:22:22', '2026-03-31 21:22:22'),
(2754, 2, 132, 1, '2026-03-31 21:22:22', '2026-03-31 21:22:22'),
(2755, 5, 132, 1, '2026-03-31 21:22:22', '2026-03-31 21:22:22'),
(2757, 1, 132, 0, '2026-03-31 21:22:22', '2026-03-31 21:22:22'),
(2758, 3, 132, 0, '2026-03-31 21:22:22', '2026-03-31 21:22:22'),
(2788, 4, 133, 1, '2026-03-31 21:22:32', '2026-03-31 21:22:32'),
(2789, 2, 133, 1, '2026-03-31 21:22:32', '2026-03-31 21:22:32'),
(2790, 5, 133, 1, '2026-03-31 21:22:32', '2026-03-31 21:22:32'),
(2792, 1, 133, 1, '2026-03-31 21:22:32', '2026-03-31 21:22:32'),
(2793, 3, 133, 1, '2026-03-31 21:22:32', '2026-03-31 21:22:32'),
(2802, 4, 134, 1, '2026-03-31 21:22:32', '2026-03-31 21:22:32'),
(2803, 2, 134, 1, '2026-03-31 21:22:32', '2026-03-31 21:22:32'),
(2804, 5, 134, 1, '2026-03-31 21:22:32', '2026-03-31 21:22:32'),
(2806, 1, 134, 1, '2026-03-31 21:22:32', '2026-03-31 21:22:32'),
(2807, 3, 134, 1, '2026-03-31 21:22:32', '2026-03-31 21:22:32'),
(2816, 4, 135, 0, '2026-03-31 21:22:32', '2026-03-31 21:22:32'),
(2817, 2, 135, 1, '2026-03-31 21:22:32', '2026-03-31 21:22:32'),
(2818, 5, 135, 1, '2026-03-31 21:22:32', '2026-03-31 21:22:32'),
(2820, 1, 135, 0, '2026-03-31 21:22:32', '2026-03-31 21:22:32'),
(2821, 3, 135, 0, '2026-03-31 21:22:32', '2026-03-31 21:22:32'),
(2851, 4, 136, 1, '2026-03-31 21:22:42', '2026-03-31 21:22:42'),
(2852, 2, 136, 1, '2026-03-31 21:22:42', '2026-03-31 21:22:42'),
(2853, 5, 136, 1, '2026-03-31 21:22:42', '2026-03-31 21:22:42'),
(2855, 1, 136, 1, '2026-03-31 21:22:42', '2026-03-31 21:22:42'),
(2856, 3, 136, 1, '2026-03-31 21:22:42', '2026-03-31 21:22:42'),
(2865, 4, 137, 1, '2026-03-31 21:22:42', '2026-03-31 21:22:42'),
(2866, 2, 137, 1, '2026-03-31 21:22:42', '2026-03-31 21:22:42'),
(2867, 5, 137, 1, '2026-03-31 21:22:42', '2026-03-31 21:22:42'),
(2869, 1, 137, 1, '2026-03-31 21:22:42', '2026-03-31 21:22:42'),
(2870, 3, 137, 1, '2026-03-31 21:22:42', '2026-03-31 21:22:42'),
(2879, 4, 138, 0, '2026-03-31 21:22:42', '2026-03-31 21:22:42'),
(2880, 2, 138, 1, '2026-03-31 21:22:42', '2026-03-31 21:22:42'),
(2881, 5, 138, 1, '2026-03-31 21:22:42', '2026-03-31 21:22:42'),
(2883, 1, 138, 0, '2026-03-31 21:22:42', '2026-03-31 21:22:42'),
(2884, 3, 138, 0, '2026-03-31 21:22:42', '2026-03-31 21:22:42'),
(2914, 4, 139, 1, '2026-03-31 21:22:51', '2026-03-31 21:22:51'),
(2915, 2, 139, 1, '2026-03-31 21:22:51', '2026-03-31 21:22:51'),
(2916, 5, 139, 1, '2026-03-31 21:22:51', '2026-03-31 21:22:51'),
(2918, 1, 139, 1, '2026-03-31 21:22:51', '2026-03-31 21:22:51'),
(2919, 3, 139, 1, '2026-03-31 21:22:51', '2026-03-31 21:22:51'),
(2928, 4, 140, 1, '2026-03-31 21:22:51', '2026-03-31 21:22:51'),
(2929, 2, 140, 1, '2026-03-31 21:22:51', '2026-03-31 21:22:51'),
(2930, 5, 140, 1, '2026-03-31 21:22:51', '2026-03-31 21:22:51'),
(2932, 1, 140, 1, '2026-03-31 21:22:51', '2026-03-31 21:22:51'),
(2933, 3, 140, 1, '2026-03-31 21:22:51', '2026-03-31 21:22:51'),
(2942, 4, 141, 0, '2026-03-31 21:22:51', '2026-03-31 21:22:51'),
(2943, 2, 141, 1, '2026-03-31 21:22:51', '2026-03-31 21:22:51'),
(2944, 5, 141, 1, '2026-03-31 21:22:51', '2026-03-31 21:22:51'),
(2946, 1, 141, 0, '2026-03-31 21:22:51', '2026-03-31 21:22:51'),
(2947, 3, 141, 0, '2026-03-31 21:22:51', '2026-03-31 21:22:51'),
(2977, 4, 142, 1, '2026-03-31 21:22:59', '2026-03-31 21:22:59'),
(2978, 2, 142, 1, '2026-03-31 21:22:59', '2026-03-31 21:22:59'),
(2979, 5, 142, 1, '2026-03-31 21:22:59', '2026-03-31 21:22:59'),
(2981, 1, 142, 1, '2026-03-31 21:22:59', '2026-03-31 21:22:59'),
(2982, 3, 142, 1, '2026-03-31 21:22:59', '2026-03-31 21:22:59'),
(2991, 4, 143, 1, '2026-03-31 21:22:59', '2026-03-31 21:22:59'),
(2992, 2, 143, 1, '2026-03-31 21:22:59', '2026-03-31 21:22:59'),
(2993, 5, 143, 1, '2026-03-31 21:22:59', '2026-03-31 21:22:59'),
(2995, 1, 143, 1, '2026-03-31 21:22:59', '2026-03-31 21:22:59'),
(2996, 3, 143, 1, '2026-03-31 21:22:59', '2026-03-31 21:22:59'),
(3005, 4, 144, 0, '2026-03-31 21:22:59', '2026-03-31 21:22:59'),
(3006, 2, 144, 1, '2026-03-31 21:22:59', '2026-03-31 21:22:59'),
(3007, 5, 144, 1, '2026-03-31 21:22:59', '2026-03-31 21:22:59'),
(3009, 1, 144, 0, '2026-03-31 21:22:59', '2026-03-31 21:22:59'),
(3010, 3, 144, 0, '2026-03-31 21:22:59', '2026-03-31 21:22:59'),
(3040, 4, 145, 1, '2026-03-31 21:23:13', '2026-03-31 21:23:13'),
(3041, 2, 145, 1, '2026-03-31 21:23:13', '2026-03-31 21:23:13'),
(3042, 5, 145, 1, '2026-03-31 21:23:13', '2026-03-31 21:23:13'),
(3044, 1, 145, 1, '2026-03-31 21:23:13', '2026-03-31 21:23:13'),
(3045, 3, 145, 1, '2026-03-31 21:23:13', '2026-03-31 21:23:13'),
(3054, 4, 146, 1, '2026-03-31 21:23:13', '2026-03-31 21:23:13'),
(3055, 2, 146, 1, '2026-03-31 21:23:13', '2026-03-31 21:23:13'),
(3056, 5, 146, 1, '2026-03-31 21:23:13', '2026-03-31 21:23:13'),
(3058, 1, 146, 1, '2026-03-31 21:23:13', '2026-03-31 21:23:13'),
(3059, 3, 146, 1, '2026-03-31 21:23:13', '2026-03-31 21:23:13'),
(3068, 4, 147, 0, '2026-03-31 21:23:13', '2026-03-31 21:23:13'),
(3069, 2, 147, 1, '2026-03-31 21:23:13', '2026-03-31 21:23:13'),
(3070, 5, 147, 1, '2026-03-31 21:23:13', '2026-03-31 21:23:13'),
(3072, 1, 147, 0, '2026-03-31 21:23:13', '2026-03-31 21:23:13'),
(3073, 3, 147, 0, '2026-03-31 21:23:13', '2026-03-31 21:23:13'),
(3103, 4, 148, 1, '2026-03-31 21:23:23', '2026-03-31 21:23:23'),
(3104, 2, 148, 1, '2026-03-31 21:23:23', '2026-03-31 21:23:23'),
(3105, 5, 148, 1, '2026-03-31 21:23:23', '2026-03-31 21:23:23'),
(3107, 1, 148, 1, '2026-03-31 21:23:23', '2026-03-31 21:23:23'),
(3108, 3, 148, 1, '2026-03-31 21:23:23', '2026-03-31 21:23:23'),
(3117, 4, 149, 1, '2026-03-31 21:23:23', '2026-03-31 21:23:23'),
(3118, 2, 149, 1, '2026-03-31 21:23:23', '2026-03-31 21:23:23'),
(3119, 5, 149, 1, '2026-03-31 21:23:23', '2026-03-31 21:23:23'),
(3121, 1, 149, 1, '2026-03-31 21:23:23', '2026-03-31 21:23:23'),
(3122, 3, 149, 1, '2026-03-31 21:23:23', '2026-03-31 21:23:23'),
(3131, 4, 150, 0, '2026-03-31 21:23:23', '2026-03-31 21:23:23'),
(3132, 2, 150, 1, '2026-03-31 21:23:23', '2026-03-31 21:23:23'),
(3133, 5, 150, 1, '2026-03-31 21:23:23', '2026-03-31 21:23:23'),
(3135, 1, 150, 0, '2026-03-31 21:23:23', '2026-03-31 21:23:23'),
(3136, 3, 150, 0, '2026-03-31 21:23:23', '2026-03-31 21:23:23'),
(3166, 4, 151, 1, '2026-03-31 21:23:25', '2026-03-31 21:23:25'),
(3167, 2, 151, 1, '2026-03-31 21:23:25', '2026-03-31 21:23:25'),
(3168, 5, 151, 1, '2026-03-31 21:23:25', '2026-03-31 21:23:25'),
(3170, 1, 151, 1, '2026-03-31 21:23:25', '2026-03-31 21:23:25'),
(3171, 3, 151, 1, '2026-03-31 21:23:25', '2026-03-31 21:23:25'),
(3180, 4, 152, 1, '2026-03-31 21:23:25', '2026-03-31 21:23:25'),
(3181, 2, 152, 1, '2026-03-31 21:23:25', '2026-03-31 21:23:25'),
(3182, 5, 152, 1, '2026-03-31 21:23:25', '2026-03-31 21:23:25'),
(3184, 1, 152, 1, '2026-03-31 21:23:25', '2026-03-31 21:23:25'),
(3185, 3, 152, 1, '2026-03-31 21:23:25', '2026-03-31 21:23:25'),
(3194, 4, 153, 0, '2026-03-31 21:23:25', '2026-03-31 21:23:25'),
(3195, 2, 153, 1, '2026-03-31 21:23:25', '2026-03-31 21:23:25'),
(3196, 5, 153, 1, '2026-03-31 21:23:25', '2026-03-31 21:23:25'),
(3198, 1, 153, 0, '2026-03-31 21:23:25', '2026-03-31 21:23:25'),
(3199, 3, 153, 0, '2026-03-31 21:23:25', '2026-03-31 21:23:25'),
(3229, 4, 154, 1, '2026-03-31 21:23:38', '2026-03-31 21:23:38'),
(3230, 2, 154, 1, '2026-03-31 21:23:38', '2026-03-31 21:23:38'),
(3231, 5, 154, 1, '2026-03-31 21:23:38', '2026-03-31 21:23:38'),
(3233, 1, 154, 1, '2026-03-31 21:23:38', '2026-03-31 21:23:38'),
(3234, 3, 154, 1, '2026-03-31 21:23:38', '2026-03-31 21:23:38'),
(3243, 4, 155, 1, '2026-03-31 21:23:38', '2026-03-31 21:23:38'),
(3244, 2, 155, 1, '2026-03-31 21:23:38', '2026-03-31 21:23:38'),
(3245, 5, 155, 1, '2026-03-31 21:23:38', '2026-03-31 21:23:38'),
(3247, 1, 155, 1, '2026-03-31 21:23:38', '2026-03-31 21:23:38'),
(3248, 3, 155, 1, '2026-03-31 21:23:38', '2026-03-31 21:23:38'),
(3257, 4, 156, 0, '2026-03-31 21:23:38', '2026-03-31 21:23:38'),
(3258, 2, 156, 1, '2026-03-31 21:23:38', '2026-03-31 21:23:38'),
(3259, 5, 156, 1, '2026-03-31 21:23:38', '2026-03-31 21:23:38'),
(3261, 1, 156, 0, '2026-03-31 21:23:38', '2026-03-31 21:23:38'),
(3262, 3, 156, 0, '2026-03-31 21:23:38', '2026-03-31 21:23:38'),
(3292, 4, 157, 1, '2026-03-31 21:23:42', '2026-03-31 21:23:42'),
(3293, 2, 157, 1, '2026-03-31 21:23:42', '2026-03-31 21:23:42'),
(3294, 5, 157, 1, '2026-03-31 21:23:42', '2026-03-31 21:23:42'),
(3296, 1, 157, 1, '2026-03-31 21:23:42', '2026-03-31 21:23:42'),
(3297, 3, 157, 1, '2026-03-31 21:23:42', '2026-03-31 21:23:42'),
(3306, 4, 158, 1, '2026-03-31 21:23:42', '2026-03-31 21:23:42'),
(3307, 2, 158, 1, '2026-03-31 21:23:42', '2026-03-31 21:23:42'),
(3308, 5, 158, 1, '2026-03-31 21:23:42', '2026-03-31 21:23:42'),
(3310, 1, 158, 1, '2026-03-31 21:23:42', '2026-03-31 21:23:42'),
(3311, 3, 158, 1, '2026-03-31 21:23:42', '2026-03-31 21:23:42'),
(3320, 4, 159, 0, '2026-03-31 21:23:42', '2026-03-31 21:23:42'),
(3321, 2, 159, 1, '2026-03-31 21:23:42', '2026-03-31 21:23:42'),
(3322, 5, 159, 1, '2026-03-31 21:23:42', '2026-03-31 21:23:42'),
(3324, 1, 159, 0, '2026-03-31 21:23:42', '2026-03-31 21:23:42'),
(3325, 3, 159, 0, '2026-03-31 21:23:42', '2026-03-31 21:23:42'),
(3355, 4, 160, 1, '2026-03-31 21:23:47', '2026-03-31 21:23:47'),
(3356, 2, 160, 1, '2026-03-31 21:23:47', '2026-03-31 21:23:47'),
(3357, 5, 160, 1, '2026-03-31 21:23:47', '2026-03-31 21:23:47'),
(3359, 1, 160, 1, '2026-03-31 21:23:47', '2026-03-31 21:23:47'),
(3360, 3, 160, 1, '2026-03-31 21:23:47', '2026-03-31 21:23:47'),
(3369, 4, 161, 1, '2026-03-31 21:23:47', '2026-03-31 21:23:47'),
(3370, 2, 161, 1, '2026-03-31 21:23:47', '2026-03-31 21:23:47'),
(3371, 5, 161, 1, '2026-03-31 21:23:47', '2026-03-31 21:23:47'),
(3373, 1, 161, 1, '2026-03-31 21:23:47', '2026-03-31 21:23:47');
INSERT INTO `usuario_menu_v` (`id_usuario_menu`, `id_usuario`, `id_menu`, `permitido`, `created_at`, `updated_at`) VALUES
(3374, 3, 161, 1, '2026-03-31 21:23:47', '2026-03-31 21:23:47'),
(3383, 4, 162, 0, '2026-03-31 21:23:47', '2026-03-31 21:23:47'),
(3384, 2, 162, 1, '2026-03-31 21:23:47', '2026-03-31 21:23:47'),
(3385, 5, 162, 1, '2026-03-31 21:23:47', '2026-03-31 21:23:47'),
(3387, 1, 162, 0, '2026-03-31 21:23:47', '2026-03-31 21:23:47'),
(3388, 3, 162, 0, '2026-03-31 21:23:47', '2026-03-31 21:23:47'),
(3418, 4, 163, 1, '2026-03-31 21:24:28', '2026-03-31 21:24:28'),
(3419, 2, 163, 1, '2026-03-31 21:24:28', '2026-03-31 21:24:28'),
(3420, 5, 163, 1, '2026-03-31 21:24:28', '2026-03-31 21:24:28'),
(3422, 1, 163, 1, '2026-03-31 21:24:28', '2026-03-31 21:24:28'),
(3423, 3, 163, 1, '2026-03-31 21:24:28', '2026-03-31 21:24:28'),
(3432, 4, 164, 1, '2026-03-31 21:24:28', '2026-03-31 21:24:28'),
(3433, 2, 164, 1, '2026-03-31 21:24:28', '2026-03-31 21:24:28'),
(3434, 5, 164, 1, '2026-03-31 21:24:28', '2026-03-31 21:24:28'),
(3436, 1, 164, 1, '2026-03-31 21:24:28', '2026-03-31 21:24:28'),
(3437, 3, 164, 1, '2026-03-31 21:24:28', '2026-03-31 21:24:28'),
(3446, 4, 165, 0, '2026-03-31 21:24:28', '2026-03-31 21:24:28'),
(3447, 2, 165, 1, '2026-03-31 21:24:28', '2026-03-31 21:24:28'),
(3448, 5, 165, 1, '2026-03-31 21:24:28', '2026-03-31 21:24:28'),
(3450, 1, 165, 0, '2026-03-31 21:24:28', '2026-03-31 21:24:28'),
(3451, 3, 165, 0, '2026-03-31 21:24:28', '2026-03-31 21:24:28'),
(3481, 4, 166, 1, '2026-03-31 21:31:23', '2026-03-31 21:31:23'),
(3482, 2, 166, 1, '2026-03-31 21:31:23', '2026-03-31 21:31:23'),
(3483, 5, 166, 1, '2026-03-31 21:31:23', '2026-03-31 21:31:23'),
(3485, 1, 166, 1, '2026-03-31 21:31:23', '2026-03-31 21:31:23'),
(3486, 3, 166, 1, '2026-03-31 21:31:23', '2026-03-31 21:31:23'),
(3495, 4, 167, 1, '2026-03-31 21:31:23', '2026-03-31 21:31:23'),
(3496, 2, 167, 1, '2026-03-31 21:31:23', '2026-03-31 21:31:23'),
(3497, 5, 167, 1, '2026-03-31 21:31:23', '2026-03-31 21:31:23'),
(3499, 1, 167, 1, '2026-03-31 21:31:23', '2026-03-31 21:31:23'),
(3500, 3, 167, 1, '2026-03-31 21:31:23', '2026-03-31 21:31:23'),
(3509, 4, 168, 0, '2026-03-31 21:31:23', '2026-03-31 21:31:23'),
(3510, 2, 168, 1, '2026-03-31 21:31:23', '2026-03-31 21:31:23'),
(3511, 5, 168, 1, '2026-03-31 21:31:23', '2026-03-31 21:31:23'),
(3513, 1, 168, 0, '2026-03-31 21:31:23', '2026-03-31 21:31:23'),
(3514, 3, 168, 0, '2026-03-31 21:31:23', '2026-03-31 21:31:23'),
(3544, 4, 169, 1, '2026-03-31 21:31:25', '2026-03-31 21:31:25'),
(3545, 2, 169, 1, '2026-03-31 21:31:25', '2026-03-31 21:31:25'),
(3546, 5, 169, 1, '2026-03-31 21:31:25', '2026-03-31 21:31:25'),
(3548, 1, 169, 1, '2026-03-31 21:31:25', '2026-03-31 21:31:25'),
(3549, 3, 169, 1, '2026-03-31 21:31:25', '2026-03-31 21:31:25'),
(3558, 4, 170, 1, '2026-03-31 21:31:25', '2026-03-31 21:31:25'),
(3559, 2, 170, 1, '2026-03-31 21:31:25', '2026-03-31 21:31:25'),
(3560, 5, 170, 1, '2026-03-31 21:31:25', '2026-03-31 21:31:25'),
(3562, 1, 170, 1, '2026-03-31 21:31:25', '2026-03-31 21:31:25'),
(3563, 3, 170, 1, '2026-03-31 21:31:25', '2026-03-31 21:31:25'),
(3572, 4, 171, 0, '2026-03-31 21:31:25', '2026-03-31 21:31:25'),
(3573, 2, 171, 1, '2026-03-31 21:31:25', '2026-03-31 21:31:25'),
(3574, 5, 171, 1, '2026-03-31 21:31:25', '2026-03-31 21:31:25'),
(3576, 1, 171, 0, '2026-03-31 21:31:25', '2026-03-31 21:31:25'),
(3577, 3, 171, 0, '2026-03-31 21:31:25', '2026-03-31 21:31:25'),
(3607, 4, 172, 1, '2026-03-31 21:31:28', '2026-03-31 21:31:28'),
(3608, 2, 172, 1, '2026-03-31 21:31:28', '2026-03-31 21:31:28'),
(3609, 5, 172, 1, '2026-03-31 21:31:28', '2026-03-31 21:31:28'),
(3611, 1, 172, 1, '2026-03-31 21:31:28', '2026-03-31 21:31:28'),
(3612, 3, 172, 1, '2026-03-31 21:31:28', '2026-03-31 21:31:28'),
(3621, 4, 173, 1, '2026-03-31 21:31:28', '2026-03-31 21:31:28'),
(3622, 2, 173, 1, '2026-03-31 21:31:28', '2026-03-31 21:31:28'),
(3623, 5, 173, 1, '2026-03-31 21:31:28', '2026-03-31 21:31:28'),
(3625, 1, 173, 1, '2026-03-31 21:31:28', '2026-03-31 21:31:28'),
(3626, 3, 173, 1, '2026-03-31 21:31:28', '2026-03-31 21:31:28'),
(3635, 4, 174, 0, '2026-03-31 21:31:28', '2026-03-31 21:31:28'),
(3636, 2, 174, 1, '2026-03-31 21:31:28', '2026-03-31 21:31:28'),
(3637, 5, 174, 1, '2026-03-31 21:31:28', '2026-03-31 21:31:28'),
(3639, 1, 174, 0, '2026-03-31 21:31:28', '2026-03-31 21:31:28'),
(3640, 3, 174, 0, '2026-03-31 21:31:28', '2026-03-31 21:31:28'),
(3670, 4, 175, 1, '2026-03-31 21:32:36', '2026-03-31 21:32:36'),
(3671, 2, 175, 1, '2026-03-31 21:32:36', '2026-03-31 21:32:36'),
(3672, 5, 175, 1, '2026-03-31 21:32:36', '2026-03-31 21:32:36'),
(3674, 1, 175, 1, '2026-03-31 21:32:36', '2026-03-31 21:32:36'),
(3675, 3, 175, 1, '2026-03-31 21:32:36', '2026-03-31 21:32:36'),
(3684, 4, 176, 1, '2026-03-31 21:32:36', '2026-03-31 21:32:36'),
(3685, 2, 176, 1, '2026-03-31 21:32:36', '2026-03-31 21:32:36'),
(3686, 5, 176, 1, '2026-03-31 21:32:36', '2026-03-31 21:32:36'),
(3688, 1, 176, 1, '2026-03-31 21:32:36', '2026-03-31 21:32:36'),
(3689, 3, 176, 1, '2026-03-31 21:32:36', '2026-03-31 21:32:36'),
(3698, 4, 177, 0, '2026-03-31 21:32:36', '2026-03-31 21:32:36'),
(3699, 2, 177, 1, '2026-03-31 21:32:36', '2026-03-31 21:32:36'),
(3700, 5, 177, 1, '2026-03-31 21:32:36', '2026-03-31 21:32:36'),
(3702, 1, 177, 0, '2026-03-31 21:32:36', '2026-03-31 21:32:36'),
(3703, 3, 177, 0, '2026-03-31 21:32:36', '2026-03-31 21:32:36'),
(3733, 4, 178, 1, '2026-03-31 21:32:42', '2026-03-31 21:32:42'),
(3734, 2, 178, 1, '2026-03-31 21:32:42', '2026-03-31 21:32:42'),
(3735, 5, 178, 1, '2026-03-31 21:32:42', '2026-03-31 21:32:42'),
(3737, 1, 178, 1, '2026-03-31 21:32:42', '2026-03-31 21:32:42'),
(3738, 3, 178, 1, '2026-03-31 21:32:42', '2026-03-31 21:32:42'),
(3747, 4, 179, 1, '2026-03-31 21:32:42', '2026-03-31 21:32:42'),
(3748, 2, 179, 1, '2026-03-31 21:32:42', '2026-03-31 21:32:42'),
(3749, 5, 179, 1, '2026-03-31 21:32:42', '2026-03-31 21:32:42'),
(3751, 1, 179, 1, '2026-03-31 21:32:42', '2026-03-31 21:32:42'),
(3752, 3, 179, 1, '2026-03-31 21:32:42', '2026-03-31 21:32:42'),
(3761, 4, 180, 0, '2026-03-31 21:32:42', '2026-03-31 21:32:42'),
(3762, 2, 180, 1, '2026-03-31 21:32:42', '2026-03-31 21:32:42'),
(3763, 5, 180, 1, '2026-03-31 21:32:42', '2026-03-31 21:32:42'),
(3765, 1, 180, 0, '2026-03-31 21:32:42', '2026-03-31 21:32:42'),
(3766, 3, 180, 0, '2026-03-31 21:32:42', '2026-03-31 21:32:42'),
(3796, 4, 181, 1, '2026-03-31 21:32:47', '2026-03-31 21:32:47'),
(3797, 2, 181, 1, '2026-03-31 21:32:47', '2026-03-31 21:32:47'),
(3798, 5, 181, 1, '2026-03-31 21:32:47', '2026-03-31 21:32:47'),
(3800, 1, 181, 1, '2026-03-31 21:32:47', '2026-03-31 21:32:47'),
(3801, 3, 181, 1, '2026-03-31 21:32:47', '2026-03-31 21:32:47'),
(3810, 4, 182, 1, '2026-03-31 21:32:47', '2026-03-31 21:32:47'),
(3811, 2, 182, 1, '2026-03-31 21:32:47', '2026-03-31 21:32:47'),
(3812, 5, 182, 1, '2026-03-31 21:32:47', '2026-03-31 21:32:47'),
(3814, 1, 182, 1, '2026-03-31 21:32:47', '2026-03-31 21:32:47'),
(3815, 3, 182, 1, '2026-03-31 21:32:47', '2026-03-31 21:32:47'),
(3824, 4, 183, 0, '2026-03-31 21:32:47', '2026-03-31 21:32:47'),
(3825, 2, 183, 1, '2026-03-31 21:32:47', '2026-03-31 21:32:47'),
(3826, 5, 183, 1, '2026-03-31 21:32:47', '2026-03-31 21:32:47'),
(3828, 1, 183, 0, '2026-03-31 21:32:47', '2026-03-31 21:32:47'),
(3829, 3, 183, 0, '2026-03-31 21:32:47', '2026-03-31 21:32:47'),
(3859, 4, 184, 1, '2026-03-31 21:32:49', '2026-03-31 21:32:49'),
(3860, 2, 184, 1, '2026-03-31 21:32:49', '2026-03-31 21:32:49'),
(3861, 5, 184, 1, '2026-03-31 21:32:49', '2026-03-31 21:32:49'),
(3863, 1, 184, 1, '2026-03-31 21:32:49', '2026-03-31 21:32:49'),
(3864, 3, 184, 1, '2026-03-31 21:32:49', '2026-03-31 21:32:49'),
(3873, 4, 185, 1, '2026-03-31 21:32:49', '2026-03-31 21:32:49'),
(3874, 2, 185, 1, '2026-03-31 21:32:49', '2026-03-31 21:32:49'),
(3875, 5, 185, 1, '2026-03-31 21:32:49', '2026-03-31 21:32:49'),
(3877, 1, 185, 1, '2026-03-31 21:32:49', '2026-03-31 21:32:49'),
(3878, 3, 185, 1, '2026-03-31 21:32:49', '2026-03-31 21:32:49'),
(3887, 4, 186, 0, '2026-03-31 21:32:49', '2026-03-31 21:32:49'),
(3888, 2, 186, 1, '2026-03-31 21:32:49', '2026-03-31 21:32:49'),
(3889, 5, 186, 1, '2026-03-31 21:32:49', '2026-03-31 21:32:49'),
(3891, 1, 186, 0, '2026-03-31 21:32:49', '2026-03-31 21:32:49'),
(3892, 3, 186, 0, '2026-03-31 21:32:49', '2026-03-31 21:32:49'),
(3938, 4, 187, 1, '2026-03-31 21:33:44', '2026-03-31 21:33:44'),
(3939, 4, 188, 1, '2026-03-31 21:33:44', '2026-03-31 21:33:44'),
(3940, 4, 189, 0, '2026-03-31 21:33:44', '2026-03-31 21:33:44'),
(3941, 2, 187, 1, '2026-03-31 21:33:44', '2026-03-31 21:33:44'),
(3942, 2, 188, 1, '2026-03-31 21:33:44', '2026-03-31 21:33:44'),
(3943, 2, 189, 1, '2026-03-31 21:33:44', '2026-03-31 21:33:44'),
(3944, 5, 187, 1, '2026-03-31 21:33:44', '2026-03-31 21:33:44'),
(3945, 5, 188, 1, '2026-03-31 21:33:44', '2026-03-31 21:33:44'),
(3946, 5, 189, 1, '2026-03-31 21:33:44', '2026-03-31 21:33:44'),
(3950, 1, 187, 1, '2026-03-31 21:33:44', '2026-03-31 21:33:44'),
(3951, 1, 188, 1, '2026-03-31 21:33:44', '2026-03-31 21:33:44'),
(3952, 1, 189, 0, '2026-03-31 21:33:44', '2026-03-31 21:33:44'),
(3953, 3, 187, 1, '2026-03-31 21:33:44', '2026-03-31 21:33:44'),
(3954, 3, 188, 1, '2026-03-31 21:33:44', '2026-03-31 21:33:44'),
(3955, 3, 189, 0, '2026-03-31 21:33:44', '2026-03-31 21:33:44'),
(4001, 4, 190, 1, '2026-03-31 21:33:46', '2026-03-31 21:33:46'),
(4002, 4, 191, 1, '2026-03-31 21:33:46', '2026-03-31 21:33:46'),
(4003, 4, 192, 0, '2026-03-31 21:33:46', '2026-03-31 21:33:46'),
(4004, 2, 190, 1, '2026-03-31 21:33:46', '2026-03-31 21:33:46'),
(4005, 2, 191, 1, '2026-03-31 21:33:46', '2026-03-31 21:33:46'),
(4006, 2, 192, 1, '2026-03-31 21:33:46', '2026-03-31 21:33:46'),
(4007, 5, 190, 1, '2026-03-31 21:33:46', '2026-03-31 21:33:46'),
(4008, 5, 191, 1, '2026-03-31 21:33:46', '2026-03-31 21:33:46'),
(4009, 5, 192, 1, '2026-03-31 21:33:46', '2026-03-31 21:33:46'),
(4013, 1, 190, 1, '2026-03-31 21:33:46', '2026-03-31 21:33:46'),
(4014, 1, 191, 1, '2026-03-31 21:33:46', '2026-03-31 21:33:46'),
(4015, 1, 192, 0, '2026-03-31 21:33:46', '2026-03-31 21:33:46'),
(4016, 3, 190, 1, '2026-03-31 21:33:46', '2026-03-31 21:33:46'),
(4017, 3, 191, 1, '2026-03-31 21:33:46', '2026-03-31 21:33:46'),
(4018, 3, 192, 0, '2026-03-31 21:33:46', '2026-03-31 21:33:46'),
(4064, 4, 193, 1, '2026-03-31 21:33:49', '2026-03-31 21:33:49'),
(4065, 4, 194, 1, '2026-03-31 21:33:49', '2026-03-31 21:33:49'),
(4066, 4, 195, 0, '2026-03-31 21:33:49', '2026-03-31 21:33:49'),
(4067, 2, 193, 1, '2026-03-31 21:33:49', '2026-03-31 21:33:49'),
(4068, 2, 194, 1, '2026-03-31 21:33:49', '2026-03-31 21:33:49'),
(4069, 2, 195, 1, '2026-03-31 21:33:49', '2026-03-31 21:33:49'),
(4070, 5, 193, 1, '2026-03-31 21:33:49', '2026-03-31 21:33:49'),
(4071, 5, 194, 1, '2026-03-31 21:33:49', '2026-03-31 21:33:49'),
(4072, 5, 195, 1, '2026-03-31 21:33:49', '2026-03-31 21:33:49'),
(4076, 1, 193, 1, '2026-03-31 21:33:49', '2026-03-31 21:33:49'),
(4077, 1, 194, 1, '2026-03-31 21:33:49', '2026-03-31 21:33:49'),
(4078, 1, 195, 0, '2026-03-31 21:33:49', '2026-03-31 21:33:49'),
(4079, 3, 193, 1, '2026-03-31 21:33:49', '2026-03-31 21:33:49'),
(4080, 3, 194, 1, '2026-03-31 21:33:49', '2026-03-31 21:33:49'),
(4081, 3, 195, 0, '2026-03-31 21:33:49', '2026-03-31 21:33:49'),
(4111, 4, 196, 1, '2026-03-31 21:33:50', '2026-03-31 21:33:50'),
(4112, 2, 196, 1, '2026-03-31 21:33:50', '2026-03-31 21:33:50'),
(4113, 5, 196, 1, '2026-03-31 21:33:50', '2026-03-31 21:33:50'),
(4115, 1, 196, 1, '2026-03-31 21:33:50', '2026-03-31 21:33:50'),
(4116, 3, 196, 1, '2026-03-31 21:33:50', '2026-03-31 21:33:50'),
(4125, 4, 197, 1, '2026-03-31 21:33:50', '2026-03-31 21:33:50'),
(4126, 2, 197, 1, '2026-03-31 21:33:50', '2026-03-31 21:33:50'),
(4127, 5, 197, 1, '2026-03-31 21:33:50', '2026-03-31 21:33:50'),
(4129, 1, 197, 1, '2026-03-31 21:33:50', '2026-03-31 21:33:50'),
(4130, 3, 197, 1, '2026-03-31 21:33:50', '2026-03-31 21:33:50'),
(4139, 4, 198, 0, '2026-03-31 21:33:50', '2026-03-31 21:33:50'),
(4140, 2, 198, 1, '2026-03-31 21:33:50', '2026-03-31 21:33:50'),
(4141, 5, 198, 1, '2026-03-31 21:33:50', '2026-03-31 21:33:50'),
(4143, 1, 198, 0, '2026-03-31 21:33:50', '2026-03-31 21:33:50'),
(4144, 3, 198, 0, '2026-03-31 21:33:50', '2026-03-31 21:33:50'),
(4174, 4, 199, 1, '2026-03-31 21:33:52', '2026-03-31 21:33:52'),
(4175, 2, 199, 1, '2026-03-31 21:33:52', '2026-03-31 21:33:52'),
(4176, 5, 199, 1, '2026-03-31 21:33:52', '2026-03-31 21:33:52'),
(4178, 1, 199, 1, '2026-03-31 21:33:52', '2026-03-31 21:33:52'),
(4179, 3, 199, 1, '2026-03-31 21:33:52', '2026-03-31 21:33:52'),
(4188, 4, 200, 1, '2026-03-31 21:33:52', '2026-03-31 21:33:52'),
(4189, 2, 200, 1, '2026-03-31 21:33:52', '2026-03-31 21:33:52'),
(4190, 5, 200, 1, '2026-03-31 21:33:52', '2026-03-31 21:33:52'),
(4192, 1, 200, 1, '2026-03-31 21:33:52', '2026-03-31 21:33:52'),
(4193, 3, 200, 1, '2026-03-31 21:33:52', '2026-03-31 21:33:52'),
(4202, 4, 201, 0, '2026-03-31 21:33:52', '2026-03-31 21:33:52'),
(4203, 2, 201, 1, '2026-03-31 21:33:52', '2026-03-31 21:33:52'),
(4204, 5, 201, 1, '2026-03-31 21:33:52', '2026-03-31 21:33:52'),
(4206, 1, 201, 0, '2026-03-31 21:33:52', '2026-03-31 21:33:52'),
(4207, 3, 201, 0, '2026-03-31 21:33:52', '2026-03-31 21:33:52'),
(4237, 4, 202, 1, '2026-03-31 21:33:54', '2026-03-31 21:33:54'),
(4238, 2, 202, 1, '2026-03-31 21:33:54', '2026-03-31 21:33:54'),
(4239, 5, 202, 1, '2026-03-31 21:33:54', '2026-03-31 21:33:54'),
(4241, 1, 202, 1, '2026-03-31 21:33:54', '2026-03-31 21:33:54'),
(4242, 3, 202, 1, '2026-03-31 21:33:54', '2026-03-31 21:33:54'),
(4251, 4, 203, 1, '2026-03-31 21:33:54', '2026-03-31 21:33:54'),
(4252, 2, 203, 1, '2026-03-31 21:33:54', '2026-03-31 21:33:54'),
(4253, 5, 203, 1, '2026-03-31 21:33:54', '2026-03-31 21:33:54'),
(4255, 1, 203, 1, '2026-03-31 21:33:54', '2026-03-31 21:33:54'),
(4256, 3, 203, 1, '2026-03-31 21:33:54', '2026-03-31 21:33:54'),
(4265, 4, 204, 0, '2026-03-31 21:33:54', '2026-03-31 21:33:54'),
(4266, 2, 204, 1, '2026-03-31 21:33:54', '2026-03-31 21:33:54'),
(4267, 5, 204, 1, '2026-03-31 21:33:54', '2026-03-31 21:33:54'),
(4269, 1, 204, 0, '2026-03-31 21:33:54', '2026-03-31 21:33:54'),
(4270, 3, 204, 0, '2026-03-31 21:33:54', '2026-03-31 21:33:54'),
(4316, 4, 205, 1, '2026-03-31 21:34:58', '2026-03-31 21:34:58'),
(4317, 4, 206, 1, '2026-03-31 21:34:58', '2026-03-31 21:34:58'),
(4318, 4, 207, 0, '2026-03-31 21:34:58', '2026-03-31 21:34:58'),
(4319, 2, 205, 1, '2026-03-31 21:34:58', '2026-03-31 21:34:58'),
(4320, 2, 206, 1, '2026-03-31 21:34:58', '2026-03-31 21:34:58'),
(4321, 2, 207, 1, '2026-03-31 21:34:58', '2026-03-31 21:34:58'),
(4322, 5, 205, 1, '2026-03-31 21:34:58', '2026-03-31 21:34:58'),
(4323, 5, 206, 1, '2026-03-31 21:34:58', '2026-03-31 21:34:58'),
(4324, 5, 207, 1, '2026-03-31 21:34:58', '2026-03-31 21:34:58'),
(4328, 1, 205, 1, '2026-03-31 21:34:58', '2026-03-31 21:34:58'),
(4329, 1, 206, 1, '2026-03-31 21:34:58', '2026-03-31 21:34:58'),
(4330, 1, 207, 0, '2026-03-31 21:34:58', '2026-03-31 21:34:58'),
(4331, 3, 205, 1, '2026-03-31 21:34:58', '2026-03-31 21:34:58'),
(4332, 3, 206, 1, '2026-03-31 21:34:58', '2026-03-31 21:34:58'),
(4333, 3, 207, 0, '2026-03-31 21:34:58', '2026-03-31 21:34:58'),
(4379, 4, 208, 1, '2026-03-31 21:34:59', '2026-03-31 21:34:59'),
(4380, 4, 209, 1, '2026-03-31 21:34:59', '2026-03-31 21:34:59'),
(4381, 4, 210, 0, '2026-03-31 21:34:59', '2026-03-31 21:34:59'),
(4382, 2, 208, 1, '2026-03-31 21:34:59', '2026-03-31 21:34:59'),
(4383, 2, 209, 1, '2026-03-31 21:34:59', '2026-03-31 21:34:59'),
(4384, 2, 210, 1, '2026-03-31 21:34:59', '2026-03-31 21:34:59'),
(4385, 5, 208, 1, '2026-03-31 21:34:59', '2026-03-31 21:34:59'),
(4386, 5, 209, 1, '2026-03-31 21:34:59', '2026-03-31 21:34:59'),
(4387, 5, 210, 1, '2026-03-31 21:34:59', '2026-03-31 21:34:59'),
(4391, 1, 208, 1, '2026-03-31 21:34:59', '2026-03-31 21:34:59'),
(4392, 1, 209, 1, '2026-03-31 21:34:59', '2026-03-31 21:34:59'),
(4393, 1, 210, 0, '2026-03-31 21:34:59', '2026-03-31 21:34:59'),
(4394, 3, 208, 1, '2026-03-31 21:34:59', '2026-03-31 21:34:59'),
(4395, 3, 209, 1, '2026-03-31 21:34:59', '2026-03-31 21:34:59'),
(4396, 3, 210, 0, '2026-03-31 21:34:59', '2026-03-31 21:34:59'),
(4445, 4, 211, 1, '2026-03-31 23:08:10', '2026-03-31 23:08:10'),
(4446, 4, 212, 1, '2026-03-31 23:08:10', '2026-03-31 23:08:10'),
(4447, 4, 213, 0, '2026-03-31 23:08:10', '2026-03-31 23:08:10'),
(4448, 2, 211, 1, '2026-03-31 23:08:10', '2026-03-31 23:08:10'),
(4449, 2, 212, 1, '2026-03-31 23:08:10', '2026-03-31 23:08:10'),
(4450, 2, 213, 1, '2026-03-31 23:08:10', '2026-03-31 23:08:10'),
(4451, 5, 211, 1, '2026-03-31 23:08:10', '2026-03-31 23:08:10'),
(4452, 5, 212, 1, '2026-03-31 23:08:10', '2026-03-31 23:08:10'),
(4453, 5, 213, 1, '2026-03-31 23:08:10', '2026-03-31 23:08:10'),
(4457, 1, 211, 1, '2026-03-31 23:08:10', '2026-03-31 23:08:10'),
(4458, 1, 212, 1, '2026-03-31 23:08:10', '2026-03-31 23:08:10'),
(4459, 1, 213, 0, '2026-03-31 23:08:10', '2026-03-31 23:08:10'),
(4460, 3, 211, 1, '2026-03-31 23:08:10', '2026-03-31 23:08:10'),
(4461, 3, 212, 1, '2026-03-31 23:08:10', '2026-03-31 23:08:10'),
(4462, 3, 213, 0, '2026-03-31 23:08:10', '2026-03-31 23:08:10'),
(4508, 4, 214, 1, '2026-03-31 23:29:14', '2026-03-31 23:29:14'),
(4509, 4, 215, 1, '2026-03-31 23:29:14', '2026-03-31 23:29:14'),
(4510, 4, 216, 0, '2026-03-31 23:29:14', '2026-03-31 23:29:14'),
(4511, 2, 214, 1, '2026-03-31 23:29:14', '2026-03-31 23:29:14'),
(4512, 2, 215, 1, '2026-03-31 23:29:14', '2026-03-31 23:29:14'),
(4513, 2, 216, 1, '2026-03-31 23:29:14', '2026-03-31 23:29:14'),
(4514, 5, 214, 1, '2026-03-31 23:29:14', '2026-03-31 23:29:14'),
(4515, 5, 215, 1, '2026-03-31 23:29:14', '2026-03-31 23:29:14'),
(4516, 5, 216, 1, '2026-03-31 23:29:14', '2026-03-31 23:29:14'),
(4520, 1, 214, 1, '2026-03-31 23:29:14', '2026-03-31 23:29:14'),
(4521, 1, 215, 1, '2026-03-31 23:29:14', '2026-03-31 23:29:14'),
(4522, 1, 216, 0, '2026-03-31 23:29:14', '2026-03-31 23:29:14'),
(4523, 3, 214, 1, '2026-03-31 23:29:14', '2026-03-31 23:29:14'),
(4524, 3, 215, 1, '2026-03-31 23:29:14', '2026-03-31 23:29:14'),
(4525, 3, 216, 0, '2026-03-31 23:29:14', '2026-03-31 23:29:14'),
(4571, 4, 217, 1, '2026-03-31 23:29:16', '2026-03-31 23:29:16'),
(4572, 4, 218, 1, '2026-03-31 23:29:16', '2026-03-31 23:29:16'),
(4573, 4, 219, 0, '2026-03-31 23:29:16', '2026-03-31 23:29:16'),
(4574, 2, 217, 1, '2026-03-31 23:29:16', '2026-03-31 23:29:16'),
(4575, 2, 218, 1, '2026-03-31 23:29:16', '2026-03-31 23:29:16'),
(4576, 2, 219, 1, '2026-03-31 23:29:16', '2026-03-31 23:29:16'),
(4577, 5, 217, 1, '2026-03-31 23:29:16', '2026-03-31 23:29:16'),
(4578, 5, 218, 1, '2026-03-31 23:29:16', '2026-03-31 23:29:16'),
(4579, 5, 219, 1, '2026-03-31 23:29:16', '2026-03-31 23:29:16'),
(4583, 1, 217, 1, '2026-03-31 23:29:16', '2026-03-31 23:29:16'),
(4584, 1, 218, 1, '2026-03-31 23:29:16', '2026-03-31 23:29:16'),
(4585, 1, 219, 0, '2026-03-31 23:29:16', '2026-03-31 23:29:16'),
(4586, 3, 217, 1, '2026-03-31 23:29:16', '2026-03-31 23:29:16'),
(4587, 3, 218, 1, '2026-03-31 23:29:16', '2026-03-31 23:29:16'),
(4588, 3, 219, 0, '2026-03-31 23:29:16', '2026-03-31 23:29:16'),
(4618, 4, 220, 1, '2026-03-31 23:32:06', '2026-03-31 23:32:06'),
(4619, 2, 220, 1, '2026-03-31 23:32:06', '2026-03-31 23:32:06'),
(4620, 5, 220, 1, '2026-03-31 23:32:06', '2026-03-31 23:32:06'),
(4622, 1, 220, 1, '2026-03-31 23:32:06', '2026-03-31 23:32:06'),
(4623, 3, 220, 1, '2026-03-31 23:32:06', '2026-03-31 23:32:06'),
(4633, 4, 221, 1, '2026-03-31 23:32:06', '2026-03-31 23:32:06'),
(4634, 2, 221, 1, '2026-03-31 23:32:06', '2026-03-31 23:32:06'),
(4635, 5, 221, 1, '2026-03-31 23:32:06', '2026-03-31 23:32:06'),
(4637, 1, 221, 1, '2026-03-31 23:32:06', '2026-03-31 23:32:06'),
(4638, 3, 221, 1, '2026-03-31 23:32:06', '2026-03-31 23:32:06'),
(4648, 4, 222, 0, '2026-03-31 23:32:06', '2026-03-31 23:32:06'),
(4649, 2, 222, 1, '2026-03-31 23:32:06', '2026-03-31 23:32:06'),
(4650, 5, 222, 1, '2026-03-31 23:32:06', '2026-03-31 23:32:06'),
(4652, 1, 222, 0, '2026-03-31 23:32:06', '2026-03-31 23:32:06'),
(4653, 3, 222, 0, '2026-03-31 23:32:06', '2026-03-31 23:32:06'),
(4736, 25, 1, 1, '2026-04-01 17:21:40', '2026-04-01 17:21:40'),
(4737, 25, 2, 1, '2026-04-01 17:21:40', '2026-04-01 17:21:40'),
(4738, 25, 3, 0, '2026-04-01 17:21:40', '2026-04-01 17:21:40'),
(4745, 28, 1, 1, '2026-04-06 13:59:13', '2026-04-06 13:59:13'),
(4746, 28, 2, 1, '2026-04-06 13:59:13', '2026-04-06 13:59:13'),
(4747, 28, 3, 0, '2026-04-06 13:59:13', '2026-04-06 13:59:13');

-- --------------------------------------------------------

--
-- Estructura de tabla para la tabla `usuario_rol_colegio`
--

CREATE TABLE `usuario_rol_colegio` (
  `id` int(11) NOT NULL,
  `id_usuario` int(11) NOT NULL,
  `id_rol` int(11) NOT NULL,
  `id_colegio` int(11) DEFAULT NULL,
  `estado` tinyint(4) NOT NULL DEFAULT 1,
  `created_at` datetime NOT NULL DEFAULT current_timestamp()
) ENGINE=InnoDB DEFAULT CHARSET=utf8mb4 COLLATE=utf8mb4_general_ci;

--
-- Volcado de datos para la tabla `usuario_rol_colegio`
--

INSERT INTO `usuario_rol_colegio` (`id`, `id_usuario`, `id_rol`, `id_colegio`, `estado`, `created_at`) VALUES
(1, 2, 1, 15, 1, '2026-02-12 12:42:44'),
(2, 1, 2, 8, 1, '2026-02-12 12:42:44'),
(3, 3, 2, 8, 1, '2026-02-12 12:42:44'),
(4, 4, 2, 8, 1, '2026-02-12 12:42:44'),
(5, 5, 1, 15, 1, '2026-03-04 17:44:47'),
(25, 25, 2, 8, 1, '2026-04-01 14:21:40'),
(28, 28, 2, 1, 1, '2026-04-06 09:59:13');

--
-- Índices para tablas volcadas
--

--
-- Indices de la tabla `colacion`
--
ALTER TABLE `colacion`
  ADD PRIMARY KEY (`id_colacion`);

--
-- Indices de la tabla `colegio`
--
ALTER TABLE `colegio`
  ADD PRIMARY KEY (`id_colegio`);

--
-- Indices de la tabla `contratos_empleado`
--
ALTER TABLE `contratos_empleado`
  ADD PRIMARY KEY (`id_contrato`),
  ADD KEY `fk_contrato_empleado` (`id_empleado`);

--
-- Indices de la tabla `dias_semana`
--
ALTER TABLE `dias_semana`
  ADD PRIMARY KEY (`id_dia`);

--
-- Indices de la tabla `empleados`
--
ALTER TABLE `empleados`
  ADD PRIMARY KEY (`id_empleado`),
  ADD UNIQUE KEY `codigo` (`codigo`),
  ADD UNIQUE KEY `run` (`run`);

--
-- Indices de la tabla `horarios_semanales`
--
ALTER TABLE `horarios_semanales`
  ADD PRIMARY KEY (`id_horario`),
  ADD UNIQUE KEY `uk_horario_unico` (`id_contrato`,`dia`);

--
-- Indices de la tabla `menus`
--
ALTER TABLE `menus`
  ADD PRIMARY KEY (`id_menu`);

--
-- Indices de la tabla `menu_v`
--
ALTER TABLE `menu_v`
  ADD PRIMARY KEY (`id_menu`),
  ADD UNIQUE KEY `uk_menu_v_codigo` (`codigo`);

--
-- Indices de la tabla `roles`
--
ALTER TABLE `roles`
  ADD PRIMARY KEY (`id_rol`);

--
-- Indices de la tabla `usuarios`
--
ALTER TABLE `usuarios`
  ADD PRIMARY KEY (`id_usuario`),
  ADD UNIQUE KEY `uk_identificador` (`identificador`),
  ADD UNIQUE KEY `uk_email` (`email`);

--
-- Indices de la tabla `usuario_menu`
--
ALTER TABLE `usuario_menu`
  ADD PRIMARY KEY (`id_usuario_menu`);

--
-- Indices de la tabla `usuario_menu_v`
--
ALTER TABLE `usuario_menu_v`
  ADD PRIMARY KEY (`id_usuario_menu`),
  ADD UNIQUE KEY `uk_usuario_menu_v` (`id_usuario`,`id_menu`),
  ADD KEY `idx_umv_id_usuario` (`id_usuario`),
  ADD KEY `idx_usuario_menu` (`id_usuario`);

--
-- Indices de la tabla `usuario_rol_colegio`
--
ALTER TABLE `usuario_rol_colegio`
  ADD PRIMARY KEY (`id`),
  ADD KEY `idx_urc_id_usuario` (`id_usuario`),
  ADD KEY `idx_usuario` (`id_usuario`);

--
-- AUTO_INCREMENT de las tablas volcadas
--

--
-- AUTO_INCREMENT de la tabla `colacion`
--
ALTER TABLE `colacion`
  MODIFY `id_colacion` int(11) NOT NULL AUTO_INCREMENT, AUTO_INCREMENT=489;

--
-- AUTO_INCREMENT de la tabla `colegio`
--
ALTER TABLE `colegio`
  MODIFY `id_colegio` int(11) NOT NULL AUTO_INCREMENT, AUTO_INCREMENT=26;

--
-- AUTO_INCREMENT de la tabla `contratos_empleado`
--
ALTER TABLE `contratos_empleado`
  MODIFY `id_contrato` int(11) NOT NULL AUTO_INCREMENT, AUTO_INCREMENT=3043;

--
-- AUTO_INCREMENT de la tabla `dias_semana`
--
ALTER TABLE `dias_semana`
  MODIFY `id_dia` int(11) NOT NULL AUTO_INCREMENT, AUTO_INCREMENT=8;

--
-- AUTO_INCREMENT de la tabla `empleados`
--
ALTER TABLE `empleados`
  MODIFY `id_empleado` int(11) NOT NULL AUTO_INCREMENT, AUTO_INCREMENT=2043;

--
-- AUTO_INCREMENT de la tabla `horarios_semanales`
--
ALTER TABLE `horarios_semanales`
  MODIFY `id_horario` int(11) NOT NULL AUTO_INCREMENT, AUTO_INCREMENT=4451;

--
-- AUTO_INCREMENT de la tabla `menus`
--
ALTER TABLE `menus`
  MODIFY `id_menu` int(11) NOT NULL AUTO_INCREMENT, AUTO_INCREMENT=40;

--
-- AUTO_INCREMENT de la tabla `menu_v`
--
ALTER TABLE `menu_v`
  MODIFY `id_menu` int(11) NOT NULL AUTO_INCREMENT, AUTO_INCREMENT=241;

--
-- AUTO_INCREMENT de la tabla `roles`
--
ALTER TABLE `roles`
  MODIFY `id_rol` int(11) NOT NULL AUTO_INCREMENT, AUTO_INCREMENT=3;

--
-- AUTO_INCREMENT de la tabla `usuarios`
--
ALTER TABLE `usuarios`
  MODIFY `id_usuario` int(11) NOT NULL AUTO_INCREMENT, AUTO_INCREMENT=29;

--
-- AUTO_INCREMENT de la tabla `usuario_menu`
--
ALTER TABLE `usuario_menu`
  MODIFY `id_usuario_menu` int(11) NOT NULL AUTO_INCREMENT, AUTO_INCREMENT=831;

--
-- AUTO_INCREMENT de la tabla `usuario_menu_v`
--
ALTER TABLE `usuario_menu_v`
  MODIFY `id_usuario_menu` int(11) NOT NULL AUTO_INCREMENT, AUTO_INCREMENT=4748;

--
-- AUTO_INCREMENT de la tabla `usuario_rol_colegio`
--
ALTER TABLE `usuario_rol_colegio`
  MODIFY `id` int(11) NOT NULL AUTO_INCREMENT, AUTO_INCREMENT=29;

--
-- Restricciones para tablas volcadas
--

--
-- Filtros para la tabla `contratos_empleado`
--
ALTER TABLE `contratos_empleado`
  ADD CONSTRAINT `fk_contrato_empleado` FOREIGN KEY (`id_empleado`) REFERENCES `empleados` (`id_empleado`) ON DELETE CASCADE;

--
-- Filtros para la tabla `usuario_menu_v`
--
ALTER TABLE `usuario_menu_v`
  ADD CONSTRAINT `fk_usuario_menu` FOREIGN KEY (`id_usuario`) REFERENCES `usuarios` (`id_usuario`) ON DELETE CASCADE ON UPDATE CASCADE,
  ADD CONSTRAINT `fk_usuario_menu_v_usuario` FOREIGN KEY (`id_usuario`) REFERENCES `usuarios` (`id_usuario`) ON DELETE CASCADE ON UPDATE CASCADE;

--
-- Filtros para la tabla `usuario_rol_colegio`
--
ALTER TABLE `usuario_rol_colegio`
  ADD CONSTRAINT `fk_usuario_rol` FOREIGN KEY (`id_usuario`) REFERENCES `usuarios` (`id_usuario`) ON DELETE CASCADE ON UPDATE CASCADE,
  ADD CONSTRAINT `fk_usuario_rol_colegio_usuario` FOREIGN KEY (`id_usuario`) REFERENCES `usuarios` (`id_usuario`) ON DELETE CASCADE ON UPDATE CASCADE;
COMMIT;

/*!40101 SET CHARACTER_SET_CLIENT=@OLD_CHARACTER_SET_CLIENT */;
/*!40101 SET CHARACTER_SET_RESULTS=@OLD_CHARACTER_SET_RESULTS */;
/*!40101 SET COLLATION_CONNECTION=@OLD_COLLATION_CONNECTION */;
